0,-18.85235,-18.83905,-18.83419,-18.82334,-18.82668
0.1,-18.86269,-18.84457,-18.83359,-18.80704,-18.8267
0.2,-18.8785,-18.8549,-18.83215,-18.80254,-18.8165
0.3,-18.87261,-18.86541,-18.83955,-18.80977,-18.83191
0.4,-18.86684,-18.84734,-18.83053,-18.79689,-18.83659
0.5,-18.86298,-18.84049,-18.82132,-18.79518,-18.85695
0.6,-18.86251,-18.8251,-18.83612,-18.79752,-18.85234
0.7,-18.87413,-18.81958,-18.82613,-18.78335,-18.84347
0.8,-18.87885,-18.81729,-18.81191,-18.76477,-18.84879
0.9,-18.86868,-18.80711,-18.80947,-18.76241,-18.84922
1,-18.8513,-18.81134,-18.80679,-18.77439,-18.8525
1.1,-18.84423,-18.82697,-18.80887,-18.75538,-18.84022
1.2,-18.85797,-18.8416,-18.80772,-18.75788,-18.84265
1.3,-18.85186,-18.84435,-18.79257,-18.74722,-18.84098
1.4,-18.85604,-18.83456,-18.78124,-18.74748,-18.83732
1.5,-18.8647,-18.83459,-18.7844,-18.74416,-18.83186
1.6,-18.86067,-18.83018,-18.77429,-18.75686,-18.83965
1.7,-18.86426,-18.83584,-18.76199,-18.76503,-18.84281
1.8,-18.87198,-18.84519,-18.76854,-18.7604,-18.83985
1.9,-18.88069,-18.85721,-18.76367,-18.74452,-18.84523
2,-18.87116,-18.84724,-18.76948,-18.76792,-18.83475
2.1,-18.86032,-18.82736,-18.78026,-18.76624,-18.82142
2.2,-18.86124,-18.81779,-18.78475,-18.78053,-18.8246
2.3,-18.86018,-18.83422,-18.76376,-18.76665,-18.83456
2.4,-18.85258,-18.82619,-18.76503,-18.75412,-18.84289
2.5,-18.85847,-18.83727,-18.77057,-18.76128,-18.84557
2.6,-18.87299,-18.82975,-18.78255,-18.75616,-18.8243
2.7,-18.8638,-18.83352,-18.7588,-18.7495,-18.81027
2.8,-18.85792,-18.81685,-18.74851,-18.73543,-18.77766
2.9,-18.85699,-18.82189,-18.75032,-18.7502,-18.78616
3,-18.84117,-18.80991,-18.76289,-18.74303,-18.77771
3.1,-18.84046,-18.79867,-18.7615,-18.73741,-18.77434
3.2,-18.84536,-18.81927,-18.76044,-18.75715,-18.78368
3.3,-18.83195,-18.83534,-18.76158,-18.75232,-18.78447
3.4,-18.82227,-18.83792,-18.76173,-18.75061,-18.77831
3.5,-18.8092,-18.85209,-18.75203,-18.75448,-18.77521
3.6,-18.8153,-18.84982,-18.76439,-18.76132,-18.78313
3.7,-18.80286,-18.84966,-18.77062,-18.75924,-18.79099
3.8,-18.79699,-18.84828,-18.7705,-18.76604,-18.8052
3.9,-18.80129,-18.8392,-18.77659,-18.76618,-18.81241
4,-18.80804,-18.8425,-18.78485,-18.76894,-18.83252
4.1,-18.8086,-18.85499,-18.78575,-18.78929,-18.83545
4.2,-18.80159,-18.85183,-18.78657,-18.78478,-18.81406
4.3,-18.80828,-18.84003,-18.79718,-18.77947,-18.80628
4.4,-18.81642,-18.8498,-18.77944,-18.78042,-18.80981
4.5,-18.80784,-18.84277,-18.79242,-18.79638,-18.81005
4.6,-18.81595,-18.83426,-18.79525,-18.80558,-18.8153
4.7,-18.81032,-18.84263,-18.7893,-18.80532,-18.82516
4.8,-18.79008,-18.83753,-18.79231,-18.81931,-18.84201
4.9,-18.78375,-18.83841,-18.7943,-18.79618,-18.84016
5,-18.7902,-18.82448,-18.78764,-18.79689,-18.83631
5.1,-18.81368,-18.81811,-18.78804,-18.79254,-18.82973
5.2,-18.81781,-18.80154,-18.77238,-18.80124,-18.83566
5.3,-18.81806,-18.79276,-18.76148,-18.79859,-18.83804
5.4,-18.81057,-18.79492,-18.77503,-18.81583,-18.8424
5.5,-18.7945,-18.79493,-18.77384,-18.82143,-18.83058
5.6,-18.79339,-18.79348,-18.77405,-18.82873,-18.81286
5.7,-18.80085,-18.80003,-18.79008,-18.83058,-18.80629
5.8,-18.81635,-18.79872,-18.77309,-18.81952,-18.80747
5.9,-18.82407,-18.79413,-18.76344,-18.82978,-18.80457
6,-18.80611,-18.78509,-18.76175,-18.8205,-18.81015
6.1,-18.80978,-18.79797,-18.76311,-18.8209,-18.82432
6.2,-18.81238,-18.80822,-18.77193,-18.81192,-18.80573
6.3,-18.80418,-18.79627,-18.75649,-18.7982,-18.80858
6.4,-18.78755,-18.79144,-18.77214,-18.78521,-18.81592
6.5,-18.77331,-18.77824,-18.77202,-18.78533,-18.8339
6.6,-18.78597,-18.79201,-18.76453,-18.79106,-18.84153
6.7,-18.78982,-18.77803,-18.75605,-18.80316,-18.81847
6.8,-18.78283,-18.76921,-18.75063,-18.82096,-18.82256
6.9,-18.79509,-18.77689,-18.75242,-18.82351,-18.83513
7,-18.79371,-18.76448,-18.75194,-18.8226,-18.83317
7.1,-18.77544,-18.75197,-18.75452,-18.8191,-18.82542
7.2,-18.7627,-18.76001,-18.76258,-18.82826,-18.82554
7.3,-18.75609,-18.75942,-18.75955,-18.8477,-18.83238
7.4,-18.7491,-18.76137,-18.76574,-18.82752,-18.83039
7.5,-18.75027,-18.77893,-18.78574,-18.8283,-18.83463
7.6,-18.75997,-18.76252,-18.77519,-18.82797,-18.83319
7.7,-18.7709,-18.76838,-18.7692,-18.83073,-18.84098
7.8,-18.77146,-18.73526,-18.77392,-18.81979,-18.83353
7.9,-18.77261,-18.72412,-18.76492,-18.81935,-18.83745
8,-18.76907,-18.72964,-18.75889,-18.82061,-18.83706
8.1,-18.75843,-18.74689,-18.76886,-18.80664,-18.83365
8.2,-18.75968,-18.7572,-18.78306,-18.81536,-18.82543
8.3,-18.74832,-18.73387,-18.7887,-18.80087,-18.82102
8.4,-18.73255,-18.72887,-18.78762,-18.80323,-18.82221
8.5,-18.7434,-18.7285,-18.7931,-18.79443,-18.80397
8.6,-18.74906,-18.73904,-18.78081,-18.8086,-18.79252
8.7,-18.74649,-18.73979,-18.78232,-18.80336,-18.7874
8.8,-18.74649,-18.73449,-18.78102,-18.82142,-18.79677
8.9,-18.74502,-18.73581,-18.76479,-18.80805,-18.79167
9,-18.73206,-18.74315,-18.76009,-18.79732,-18.78125
9.1,-18.72922,-18.74043,-18.7598,-18.80654,-18.77778
9.2,-18.7354,-18.75671,-18.75897,-18.8069,-18.79163
9.3,-18.7443,-18.74873,-18.76506,-18.80812,-18.78941
9.4,-18.76216,-18.75397,-18.77367,-18.80586,-18.80939
9.5,-18.75635,-18.76517,-18.76471,-18.79553,-18.81268
9.6,-18.73977,-18.78121,-18.74417,-18.77997,-18.80379
9.7,-18.7476,-18.7914,-18.74822,-18.76792,-18.81031
9.8,-18.7429,-18.80806,-18.74688,-18.75961,-18.81067
9.9,-18.74667,-18.81244,-18.7493,-18.75888,-18.80572
10,-18.73884,-18.82213,-18.74906,-18.75009,-18.79148
10.1,-18.73807,-18.81399,-18.7486,-18.75749,-18.79839
10.2,-18.72531,-18.82377,-18.75986,-18.76129,-18.80307
10.3,-18.71334,-18.82064,-18.76636,-18.75264,-18.80262
10.4,-18.69072,-18.82396,-18.76349,-18.76641,-18.80952
10.5,-18.7097,-18.8357,-18.76187,-18.7806,-18.81588
10.6,-18.71482,-18.84375,-18.7497,-18.77322,-18.81804
10.7,-18.72384,-18.84742,-18.75711,-18.78084,-18.81639
10.8,-18.70968,-18.83813,-18.76061,-18.78279,-18.81272
10.9,-18.72604,-18.83006,-18.75837,-18.77832,-18.82735
11,-18.72298,-18.81683,-18.76052,-18.78457,-18.84206
11.1,-18.72736,-18.82285,-18.76111,-18.77755,-18.84507
11.2,-18.7288,-18.80704,-18.75529,-18.77575,-18.84049
11.3,-18.73877,-18.80602,-18.74844,-18.79012,-18.82129
11.4,-18.74409,-18.80502,-18.7398,-18.80564,-18.81363
11.5,-18.75631,-18.79373,-18.74328,-18.79121,-18.81504
11.6,-18.74991,-18.80203,-18.76244,-18.80249,-18.81667
11.7,-18.73613,-18.79962,-18.75915,-18.77333,-18.82848
11.8,-18.7337,-18.79571,-18.7639,-18.76369,-18.82243
11.9,-18.72785,-18.7933,-18.75949,-18.77451,-18.80901
12,-18.71526,-18.8044,-18.75858,-18.78036,-18.81164
12.1,-18.70658,-18.8144,-18.7353,-18.79555,-18.80762
12.2,-18.69949,-18.81065,-18.75515,-18.78631,-18.81592
12.3,-18.71288,-18.80641,-18.77609,-18.78485,-18.82639
12.4,-18.71457,-18.81765,-18.79148,-18.78858,-18.81671
12.5,-18.72437,-18.81503,-18.8005,-18.798,-18.81338
12.6,-18.70833,-18.81244,-18.79821,-18.81192,-18.81592
12.7,-18.71161,-18.81729,-18.81318,-18.79837,-18.79454
12.8,-18.70465,-18.83952,-18.81214,-18.79561,-18.78323
12.9,-18.7075,-18.82332,-18.83095,-18.79669,-18.7814
13,-18.72276,-18.80192,-18.84514,-18.7859,-18.79736
13.1,-18.74262,-18.78999,-18.84986,-18.78482,-18.78258
13.2,-18.74686,-18.77742,-18.85797,-18.77725,-18.7876
13.3,-18.73248,-18.78943,-18.8611,-18.80679,-18.78361
13.4,-18.72056,-18.79313,-18.84631,-18.8059,-18.78197
13.5,-18.72094,-18.79937,-18.83293,-18.78804,-18.79181
13.6,-18.7389,-18.79571,-18.83559,-18.80345,-18.77771
13.7,-18.7409,-18.80575,-18.83687,-18.80014,-18.76922
13.8,-18.73729,-18.80855,-18.85073,-18.81109,-18.76998
13.9,-18.74875,-18.80652,-18.84484,-18.81345,-18.77346
14,-18.73987,-18.80365,-18.84845,-18.81026,-18.75895
14.1,-18.74597,-18.78573,-18.84575,-18.80717,-18.7759
14.2,-18.74962,-18.79593,-18.84071,-18.81513,-18.77947
14.3,-18.75319,-18.80135,-18.84538,-18.81578,-18.7709
14.4,-18.76496,-18.79551,-18.84519,-18.81602,-18.76392
14.5,-18.7674,-18.79124,-18.85588,-18.80559,-18.75054
14.6,-18.77656,-18.79804,-18.84891,-18.80284,-18.7543
14.7,-18.79259,-18.78861,-18.85955,-18.82627,-18.74757
14.8,-18.80735,-18.78009,-18.86059,-18.82878,-18.74495
14.9,-18.80845,-18.76278,-18.8702,-18.83771,-18.77346
15,-18.77692,-18.7752,-18.88241,-18.82522,-18.76896
15.1,-18.7662,-18.77382,-18.88929,-18.82516,-18.76914
15.2,-18.7826,-18.78657,-18.85705,-18.82888,-18.7814
15.3,-18.77557,-18.80095,-18.8737,-18.82986,-18.78276
15.4,-18.78873,-18.80714,-18.89188,-18.82339,-18.7879
15.5,-18.79804,-18.81461,-18.87915,-18.83025,-18.78235
15.6,-18.80158,-18.81442,-18.88868,-18.83011,-18.8103
15.7,-18.80212,-18.81086,-18.88017,-18.83637,-18.8135
15.8,-18.79932,-18.81583,-18.88317,-18.84249,-18.79143
15.9,-18.81425,-18.82394,-18.89732,-18.84458,-18.79748
16,-18.82317,-18.81848,-18.89632,-18.82877,-18.80434
16.1,-18.83813,-18.82244,-18.89828,-18.83585,-18.81362
16.2,-18.86354,-18.84229,-18.90754,-18.83614,-18.82758
16.3,-18.85434,-18.84857,-18.90333,-18.82937,-18.8262
16.4,-18.84732,-18.8533,-18.90267,-18.84373,-18.81807
16.5,-18.84824,-18.84349,-18.90836,-18.85927,-18.81145
16.6,-18.85657,-18.83165,-18.91833,-18.86174,-18.81858
16.7,-18.84778,-18.83538,-18.92604,-18.85569,-18.81611
16.8,-18.83018,-18.84566,-18.90951,-18.85862,-18.82623
16.9,-18.81543,-18.84032,-18.9117,-18.86893,-18.84425
17,-18.82119,-18.85576,-18.89783,-18.87509,-18.85057
17.1,-18.82633,-18.85791,-18.90158,-18.86998,-18.86378
17.2,-18.82592,-18.86354,-18.87832,-18.87191,-18.85229
17.3,-18.82018,-18.86782,-18.87008,-18.86284,-18.83382
17.4,-18.81246,-18.86366,-18.86774,-18.85771,-18.8262
17.5,-18.80273,-18.86212,-18.85381,-18.86193,-18.8283
17.6,-18.78949,-18.84367,-18.85988,-18.88123,-18.83891
17.7,-18.77957,-18.83649,-18.87286,-18.88976,-18.81697
17.8,-18.7784,-18.82695,-18.87275,-18.87224,-18.82171
17.9,-18.79052,-18.83591,-18.87336,-18.87989,-18.83648
18,-18.8018,-18.83386,-18.85963,-18.88261,-18.83519
18.1,-18.79652,-18.83466,-18.85815,-18.8965,-18.82612
18.2,-18.80537,-18.83558,-18.84952,-18.88371,-18.81869
18.3,-18.79151,-18.82038,-18.84942,-18.89073,-18.83428
18.4,-18.79754,-18.82048,-18.85742,-18.89714,-18.84881
18.5,-18.80214,-18.83202,-18.85932,-18.90268,-18.84964
18.6,-18.7856,-18.84448,-18.87816,-18.90073,-18.84456
18.7,-18.80909,-18.85425,-18.8698,-18.91371,-18.84164
18.8,-18.81672,-18.84933,-18.86346,-18.90896,-18.83855
18.9,-18.80894,-18.85451,-18.8672,-18.89385,-18.84199
19,-18.82661,-18.8659,-18.89888,-18.87699,-18.8338
19.1,-18.84645,-18.86974,-18.90734,-18.87493,-18.82413
19.2,-18.8482,-18.86595,-18.90946,-18.85948,-18.80609
19.3,-18.84222,-18.8698,-18.91136,-18.85579,-18.82336
19.4,-18.8343,-18.86506,-18.90851,-18.85554,-18.84477
19.5,-18.83867,-18.87188,-18.92229,-18.85458,-18.86322
19.6,-18.84304,-18.8797,-18.94153,-18.85032,-18.87237
19.7,-18.8503,-18.87179,-18.94365,-18.84982,-18.89368
19.8,-18.85652,-18.88513,-18.94721,-18.86125,-18.90568
19.9,-18.84817,-18.87979,-18.9495,-18.85726,-18.90148
20,-18.84799,-18.87625,-18.96553,-18.85012,-18.8981
20.1,-18.85553,-18.88215,-18.96563,-18.83998,-18.91081
20.2,-18.85595,-18.86959,-18.9643,-18.82859,-18.91825
20.3,-18.83947,-18.87005,-18.94847,-18.82758,-18.91693
20.4,-18.8194,-18.87958,-18.95804,-18.84759,-18.92132
20.5,-18.82839,-18.8793,-18.94428,-18.86086,-18.92049
20.6,-18.83135,-18.88564,-18.93962,-18.86535,-18.93002
20.7,-18.82947,-18.87596,-18.93453,-18.86166,-18.9161
20.8,-18.82499,-18.89471,-18.91943,-18.84745,-18.92308
20.9,-18.81187,-18.90325,-18.90771,-18.84416,-18.91703
21,-18.80546,-18.91467,-18.89546,-18.84437,-18.90589
21.1,-18.82185,-18.91911,-18.88369,-18.83902,-18.89936
21.2,-18.80833,-18.92748,-18.88409,-18.84715,-18.88253
21.3,-18.80328,-18.92746,-18.89143,-18.84078,-18.88232
21.4,-18.80239,-18.93291,-18.91014,-18.85411,-18.88462
21.5,-18.79156,-18.92828,-18.92057,-18.85302,-18.8671
21.6,-18.78706,-18.92723,-18.89807,-18.86451,-18.86907
21.7,-18.79115,-18.92415,-18.90068,-18.85698,-18.85957
21.8,-18.80454,-18.9116,-18.90086,-18.86497,-18.84744
21.9,-18.81341,-18.9165,-18.89159,-18.86658,-18.84052
22,-18.81502,-18.90402,-18.90599,-18.86926,-18.8279
22.1,-18.80397,-18.91878,-18.91362,-18.85777,-18.8366
22.2,-18.81147,-18.925,-18.92956,-18.86922,-18.85133
22.3,-18.80685,-18.91717,-18.92582,-18.85933,-18.8477
22.4,-18.8066,-18.92053,-18.90981,-18.85999,-18.86352
22.5,-18.82567,-18.90847,-18.9033,-18.8676,-18.8546
22.6,-18.8237,-18.90887,-18.91431,-18.86975,-18.85316
22.7,-18.82275,-18.91016,-18.91946,-18.87125,-18.83202
22.8,-18.81969,-18.90565,-18.91234,-18.8694,-18.83594
22.9,-18.80565,-18.9228,-18.91195,-18.85853,-18.84439
23,-18.81092,-18.93053,-18.91505,-18.87318,-18.85752
23.1,-18.82281,-18.92898,-18.89208,-18.85995,-18.8727
23.2,-18.81379,-18.93931,-18.88911,-18.8711,-18.87132
23.3,-18.81538,-18.94385,-18.89805,-18.86473,-18.86387
23.4,-18.82228,-18.95061,-18.89348,-18.8757,-18.86552
23.5,-18.84292,-18.94226,-18.89822,-18.86441,-18.8793
23.6,-18.84348,-18.94582,-18.90404,-18.85658,-18.87884
23.7,-18.84078,-18.96963,-18.89394,-18.85748,-18.86288
23.8,-18.84198,-18.97337,-18.89303,-18.85772,-18.85951
23.9,-18.8366,-18.98407,-18.89747,-18.86445,-18.86968
24,-18.84428,-18.9823,-18.92448,-18.86241,-18.85741
24.1,-18.82848,-18.96141,-18.9204,-18.85629,-18.86021
24.2,-18.81572,-18.96327,-18.92067,-18.86693,-18.86171
24.3,-18.80824,-18.96629,-18.92269,-18.85515,-18.87502
24.4,-18.78726,-18.97138,-18.91941,-18.8614,-18.87424
24.5,-18.78397,-18.98617,-18.9299,-18.85994,-18.88723
24.6,-18.79402,-18.98521,-18.94891,-18.85527,-18.87485
24.7,-18.80726,-18.98107,-18.95851,-18.85974,-18.87563
24.8,-18.81531,-18.96266,-18.9396,-18.86605,-18.88459
24.9,-18.83554,-18.96824,-18.92274,-18.8687,-18.88327
25,-18.83694,-18.97014,-18.89815,-18.88752,-18.8901
25.1,-18.83585,-18.9698,-18.8823,-18.8874,-18.88689
25.2,-18.83176,-18.97783,-18.88091,-18.90894,-18.87986
25.3,-18.83874,-18.9738,-18.89322,-18.9187,-18.88294
25.4,-18.83237,-18.98332,-18.88135,-18.92814,-18.8905
25.5,-18.82072,-18.9655,-18.88751,-18.91778,-18.89069
25.6,-18.80733,-18.9557,-18.88704,-18.92165,-18.89095
25.7,-18.79223,-18.95704,-18.88438,-18.90803,-18.88794
25.8,-18.80496,-18.96467,-18.90175,-18.91237,-18.88954
25.9,-18.8115,-18.97044,-18.90033,-18.89526,-18.88778
26,-18.81113,-18.95545,-18.90539,-18.87986,-18.88133
26.1,-18.8133,-18.95631,-18.90543,-18.88329,-18.88567
26.2,-18.82282,-18.93924,-18.90772,-18.89029,-18.87879
26.3,-18.80478,-18.92903,-18.91963,-18.88516,-18.88491
26.4,-18.818,-18.92071,-18.90303,-18.88358,-18.87187
26.5,-18.81625,-18.92552,-18.89764,-18.89473,-18.86984
26.6,-18.81953,-18.92709,-18.87894,-18.89821,-18.87696
26.7,-18.81118,-18.92892,-18.87987,-18.91496,-18.87203
26.8,-18.83086,-18.93335,-18.87655,-18.92502,-18.85274
26.9,-18.83018,-18.92883,-18.87753,-18.91394,-18.86456
27,-18.83095,-18.9283,-18.87617,-18.91634,-18.86329
27.1,-18.85093,-18.92925,-18.88661,-18.92048,-18.8591
27.2,-18.82312,-18.94725,-18.89461,-18.90568,-18.86056
27.3,-18.83751,-18.94761,-18.90178,-18.89142,-18.87178
27.4,-18.82792,-18.94968,-18.89323,-18.88948,-18.86057
27.5,-18.84898,-18.94576,-18.8952,-18.88786,-18.8608
27.6,-18.8364,-18.93475,-18.89947,-18.89733,-18.84842
27.7,-18.82899,-18.91864,-18.88918,-18.89642,-18.84529
27.8,-18.81635,-18.91575,-18.88986,-18.88682,-18.85097
27.9,-18.8298,-18.91829,-18.88324,-18.88068,-18.8591
28,-18.82315,-18.93799,-18.90483,-18.89936,-18.87084
28.1,-18.82445,-18.94017,-18.89296,-18.91392,-18.88459
28.2,-18.8137,-18.94054,-18.90044,-18.91009,-18.89579
28.3,-18.79429,-18.94357,-18.92082,-18.91168,-18.89016
28.4,-18.80114,-18.93487,-18.91644,-18.91902,-18.89419
28.5,-18.81049,-18.92344,-18.91456,-18.92995,-18.89716
28.6,-18.80017,-18.93822,-18.91879,-18.92702,-18.90991
28.7,-18.80396,-18.92803,-18.90926,-18.95155,-18.92648
28.8,-18.82487,-18.92283,-18.91095,-18.95463,-18.91298
28.9,-18.81823,-18.92664,-18.91019,-18.95645,-18.91369
29,-18.8161,-18.92815,-18.91952,-18.96492,-18.91556
29.1,-18.80435,-18.94053,-18.89931,-18.95918,-18.92728
29.2,-18.79613,-18.93713,-18.90967,-18.96054,-18.93189
29.3,-18.80547,-18.93207,-18.9133,-18.95544,-18.9256
29.4,-18.81106,-18.93668,-18.92706,-18.95539,-18.91801
29.5,-18.81738,-18.94331,-18.94048,-18.93408,-18.90475
29.6,-18.81945,-18.95695,-18.94923,-18.93567,-18.89423
29.7,-18.81939,-18.9511,-18.93698,-18.93949,-18.89584
29.8,-18.83636,-18.97408,-18.93611,-18.93826,-18.88356
29.9,-18.84103,-18.97056,-18.93807,-18.96029,-18.89564
30,-18.84113,-18.97142,-18.93792,-18.96088,-18.89092
30.1,-18.84345,-18.96424,-18.92659,-18.94094,-18.87544
30.2,-18.8439,-18.97083,-18.92482,-18.9424,-18.8741
30.3,-18.85235,-18.98323,-18.90684,-18.92966,-18.87805
30.4,-18.84685,-18.99475,-18.88722,-18.9339,-18.89072
30.5,-18.84622,-19.00144,-18.89583,-18.92339,-18.88961
30.6,-18.82919,-18.99925,-18.88569,-18.91727,-18.8821
30.7,-18.8318,-19.00582,-18.87282,-18.94819,-18.87167
30.8,-18.82299,-18.99905,-18.88215,-18.94231,-18.87107
30.9,-18.82194,-19.00266,-18.86916,-18.93438,-18.86524
31,-18.83328,-19.00917,-18.85332,-18.93642,-18.85744
31.1,-18.81123,-19.00097,-18.85469,-18.92376,-18.84529
31.2,-18.80953,-19.00147,-18.85345,-18.92411,-18.87036
31.3,-18.79336,-19.00443,-18.85674,-18.91963,-18.8446
31.4,-18.80459,-18.99963,-18.87148,-18.91286,-18.83913
31.5,-18.80773,-18.97548,-18.8827,-18.91478,-18.85202
31.6,-18.81702,-18.97094,-18.89214,-18.9025,-18.84479
31.7,-18.83351,-18.97367,-18.85889,-18.89977,-18.84534
31.8,-18.82975,-18.98852,-18.85596,-18.9021,-18.85796
31.9,-18.81085,-18.99089,-18.83895,-18.8995,-18.8687
32,-18.80353,-18.97849,-18.83544,-18.90037,-18.86731
32.1,-18.81964,-18.97995,-18.84352,-18.90883,-18.85543
32.2,-18.81386,-18.98926,-18.85997,-18.91437,-18.86793
32.3,-18.8265,-18.9778,-18.84338,-18.94446,-18.85613
32.4,-18.83042,-18.96756,-18.83728,-18.94403,-18.84729
32.5,-18.81831,-18.95117,-18.84595,-18.96025,-18.86158
32.6,-18.82434,-18.9499,-18.83962,-18.95568,-18.87051
32.7,-18.82004,-18.9396,-18.82816,-18.9622,-18.85353
32.8,-18.8165,-18.93746,-18.83221,-18.95479,-18.86406
32.9,-18.82129,-18.94142,-18.84247,-18.96495,-18.86862
33,-18.82018,-18.93582,-18.84937,-18.95448,-18.85631
33.1,-18.83955,-18.94398,-18.846,-18.94883,-18.87347
33.2,-18.84903,-18.94093,-18.84627,-18.94039,-18.86318
33.3,-18.85918,-18.9503,-18.85722,-18.93089,-18.85951
33.4,-18.85716,-18.94233,-18.85806,-18.9111,-18.84445
33.5,-18.86479,-18.94956,-18.85791,-18.92611,-18.84988
33.6,-18.87833,-18.93777,-18.8553,-18.94111,-18.852
33.7,-18.88503,-18.93625,-18.85218,-18.94689,-18.85895
33.8,-18.87944,-18.93565,-18.85235,-18.95748,-18.84022
33.9,-18.87048,-18.9355,-18.84785,-18.95921,-18.84578
34,-18.86233,-18.932,-18.84937,-18.96282,-18.84504
34.1,-18.87249,-18.93794,-18.84444,-18.96726,-18.8371
34.2,-18.89227,-18.9408,-18.8523,-18.95548,-18.85646
34.3,-18.89141,-18.94035,-18.85544,-18.9584,-18.85178
34.4,-18.90063,-18.93129,-18.86408,-18.95089,-18.86282
34.5,-18.88723,-18.91885,-18.86156,-18.95792,-18.87107
34.6,-18.89052,-18.91425,-18.86762,-18.9561,-18.85682
34.7,-18.90111,-18.92287,-18.85684,-18.94552,-18.86135
34.8,-18.90947,-18.92646,-18.87043,-18.95386,-18.85725
34.9,-18.92544,-18.91043,-18.88201,-18.94577,-18.85964
35,-18.91935,-18.91409,-18.89806,-18.93017,-18.85199
35.1,-18.90395,-18.89831,-18.88194,-18.92459,-18.86671
35.2,-18.90528,-18.8912,-18.89426,-18.92534,-18.86742
35.3,-18.91703,-18.89033,-18.88534,-18.92474,-18.87465
35.4,-18.91164,-18.8916,-18.8979,-18.93548,-18.89148
35.5,-18.90985,-18.89355,-18.91103,-18.93273,-18.89117
35.6,-18.9147,-18.88821,-18.93265,-18.92052,-18.90144
35.7,-18.92797,-18.89635,-18.93733,-18.92456,-18.9155
35.8,-18.92686,-18.90014,-18.93419,-18.93964,-18.91424
35.9,-18.91372,-18.90729,-18.93419,-18.95764,-18.91776
36,-18.89299,-18.8896,-18.93232,-18.98081,-18.93595
36.1,-18.87757,-18.89076,-18.92843,-18.99923,-18.9431
36.2,-18.86392,-18.89301,-18.93461,-18.98879,-18.94959
36.3,-18.85217,-18.90595,-18.9214,-19.00539,-18.94392
36.4,-18.84765,-18.90445,-18.90812,-19.01371,-18.94296
36.5,-18.84466,-18.89993,-18.89328,-19.01122,-18.94823
36.6,-18.83362,-18.90796,-18.88481,-19.00105,-18.96247
36.7,-18.81969,-18.89433,-18.87393,-19.02163,-18.94665
36.8,-18.81734,-18.88611,-18.88709,-19.02721,-18.93806
36.9,-18.82406,-18.88163,-18.89705,-19.02234,-18.92623
37,-18.81017,-18.8802,-18.88335,-19.02757,-18.93565
37.1,-18.82785,-18.88271,-18.87645,-19.02502,-18.93178
37.2,-18.82834,-18.8889,-18.87004,-19.0378,-18.93381
37.3,-18.83534,-18.88545,-18.87275,-19.04805,-18.92636
37.4,-18.8512,-18.89366,-18.87895,-19.04044,-18.91778
37.5,-18.85096,-18.89541,-18.87739,-19.04412,-18.92134
37.6,-18.84031,-18.86577,-18.88472,-19.05189,-18.92155
37.7,-18.83151,-18.86864,-18.87783,-19.0664,-18.93131
37.8,-18.82762,-18.8903,-18.8826,-19.06448,-18.93253
37.9,-18.8168,-18.87847,-18.88529,-19.0559,-18.91327
38,-18.79757,-18.8787,-18.89457,-19.06158,-18.91316
38.1,-18.79917,-18.86723,-18.89102,-19.05747,-18.92558
38.2,-18.80645,-18.86761,-18.90449,-19.07187,-18.92976
38.3,-18.83057,-18.88074,-18.893,-19.07199,-18.92617
38.4,-18.83231,-18.8799,-18.88786,-19.0638,-18.91451
38.5,-18.83961,-18.87095,-18.88781,-19.06803,-18.92688
38.6,-18.863,-18.8653,-18.89158,-19.06246,-18.9202
38.7,-18.87263,-18.8763,-18.88385,-19.06177,-18.90923
38.8,-18.88781,-18.86784,-18.87898,-19.06796,-18.90739
38.9,-18.89271,-18.87471,-18.87342,-19.08168,-18.90556
39,-18.88271,-18.87005,-18.86787,-19.07591,-18.894
39.1,-18.88849,-18.8905,-18.8842,-19.05967,-18.89268
39.2,-18.8745,-18.89746,-18.88485,-19.05213,-18.8906
39.3,-18.86574,-18.88296,-18.87762,-19.04732,-18.90378
39.4,-18.86029,-18.89049,-18.88369,-19.03396,-18.90777
39.5,-18.86494,-18.88727,-18.88456,-19.01508,-18.91631
39.6,-18.86893,-18.88472,-18.87869,-19.00268,-18.89716
39.7,-18.87823,-18.87862,-18.86008,-18.99287,-18.90041
39.8,-18.87527,-18.89727,-18.86325,-18.97538,-18.8814
39.9,-18.88568,-18.91171,-18.84376,-18.97231,-18.88397
40,-18.89882,-18.90693,-18.83625,-18.97453,-18.87895
40.1,-18.9065,-18.89315,-18.846,-18.96217,-18.88504
40.2,-18.90733,-18.89211,-18.83942,-18.9805,-18.88472
40.3,-18.91805,-18.91399,-18.84666,-18.99035,-18.88876
40.4,-18.93639,-18.91684,-18.84548,-18.9826,-18.88497
40.5,-18.93753,-18.92053,-18.84763,-18.98695,-18.90623
40.6,-18.93839,-18.91237,-18.84313,-18.99633,-18.90901
40.7,-18.92861,-18.92534,-18.84259,-19.00436,-18.91697
40.8,-18.92531,-18.91778,-18.83969,-18.99452,-18.91244
40.9,-18.92696,-18.91362,-18.83646,-19.00375,-18.91058
41,-18.91932,-18.92954,-18.84338,-19.00836,-18.92041
41.1,-18.91532,-18.93293,-18.84922,-19.0004,-18.93531
41.2,-18.91799,-18.92919,-18.8536,-19.01101,-18.92629
41.3,-18.92921,-18.91641,-18.86515,-19.01091,-18.91417
41.4,-18.93454,-18.90422,-18.84177,-19.01524,-18.90351
41.5,-18.91831,-18.90716,-18.8497,-19.01801,-18.91769
41.6,-18.92766,-18.90903,-18.85787,-19.01409,-18.89765
41.7,-18.93226,-18.91043,-18.86095,-19.00673,-18.91627
41.8,-18.93121,-18.90965,-18.85973,-19.00973,-18.9213
41.9,-18.95435,-18.90766,-18.8816,-19.00224,-18.92433
42,-18.94299,-18.92619,-18.90317,-18.98934,-18.93418
42.1,-18.96542,-18.91894,-18.90848,-18.99873,-18.94497
42.2,-18.98053,-18.91759,-18.90846,-18.99779,-18.93412
42.3,-18.96671,-18.93367,-18.90706,-19.00912,-18.94079
42.4,-18.9385,-18.93383,-18.89767,-19.00159,-18.93642
42.5,-18.93549,-18.9378,-18.90627,-19.00183,-18.94613
42.6,-18.93797,-18.93404,-18.91859,-19.00031,-18.96645
42.7,-18.94498,-18.93419,-18.91596,-19.00533,-18.98542
42.8,-18.95986,-18.92295,-18.91451,-18.98694,-18.98688
42.9,-18.98024,-18.94067,-18.91698,-18.99107,-18.98487
43,-18.97928,-18.93287,-18.90534,-18.97787,-18.99021
43.1,-18.98819,-18.9391,-18.90459,-18.97412,-18.98944
43.2,-18.97197,-18.9281,-18.88873,-18.97544,-18.98612
43.3,-18.95085,-18.9265,-18.88607,-18.97704,-18.99854
43.4,-18.94413,-18.93361,-18.87198,-18.98404,-19.00768
43.5,-18.95459,-18.93387,-18.86676,-18.96916,-19.02348
43.6,-18.96411,-18.93082,-18.87033,-18.96291,-19.04313
43.7,-18.96835,-18.93778,-18.87662,-18.97691,-19.03936
43.8,-18.96849,-18.92788,-18.87079,-18.97281,-19.04381
43.9,-18.98285,-18.93565,-18.88203,-18.97458,-19.03488
44,-18.98263,-18.9177,-18.87164,-18.98445,-19.0486
44.1,-18.9707,-18.92882,-18.86762,-18.98995,-19.0433
44.2,-18.97162,-18.93876,-18.86456,-18.99908,-19.03476
44.3,-18.96577,-18.94459,-18.86009,-19.0008,-19.02775
44.4,-18.97168,-18.95617,-18.87581,-19.00823,-19.01241
44.5,-18.95694,-18.96537,-18.8626,-19.0098,-19.0083
44.6,-18.96593,-18.98462,-18.86468,-18.99557,-19.01832
44.7,-18.94926,-18.98173,-18.87409,-19.00281,-19.00778
44.8,-18.93835,-18.97357,-18.8622,-19.00141,-19.00614
44.9,-18.94143,-18.97646,-18.85461,-19.00187,-19.01155
45,-18.92911,-18.97142,-18.86189,-19.00354,-18.99805
45.1,-18.93168,-18.96924,-18.84982,-19.01991,-18.97941
45.2,-18.94335,-18.97176,-18.86019,-19.03926,-18.97436
45.3,-18.94704,-18.98253,-18.87252,-19.01981,-18.98652
45.4,-18.95625,-18.98093,-18.86251,-19.02932,-18.98631
45.5,-18.94615,-18.97589,-18.86435,-19.03457,-18.98377
45.6,-18.94316,-18.98087,-18.87024,-19.03259,-18.99838
45.7,-18.9489,-18.98001,-18.87249,-19.02954,-19.0023
45.8,-18.94988,-18.99221,-18.88282,-19.03868,-18.99785
45.9,-18.94523,-18.99836,-18.87873,-19.03542,-19.00076
46,-18.93522,-18.9829,-18.88619,-19.0282,-18.99537
46.1,-18.93582,-18.99183,-18.87765,-19.02103,-18.96585
46.2,-18.93992,-18.98987,-18.87521,-18.99698,-18.96168
46.3,-18.9413,-18.99675,-18.88471,-19.00571,-18.95579
46.4,-18.95949,-18.98696,-18.9004,-19.00205,-18.95723
46.5,-18.9676,-18.99866,-18.89586,-18.98308,-18.94536
46.6,-18.98635,-19.00068,-18.89636,-18.97025,-18.94943
46.7,-18.98857,-18.9876,-18.87953,-18.97362,-18.93992
46.8,-19.0017,-18.98865,-18.87817,-18.96941,-18.94466
46.9,-18.98871,-18.98181,-18.88959,-18.97816,-18.96503
47,-18.97236,-18.97742,-18.89241,-18.95921,-18.95849
47.1,-18.95606,-18.98959,-18.89214,-18.96191,-18.96249
47.2,-18.94097,-18.99492,-18.87611,-18.98286,-18.97055
47.3,-18.9606,-18.99412,-18.8653,-18.96654,-18.97465
47.4,-18.94629,-18.99514,-18.88122,-18.95645,-18.96876
47.5,-18.93243,-19.01346,-18.88282,-18.95366,-18.95361
47.6,-18.91945,-18.99952,-18.88986,-18.95947,-18.94243
47.7,-18.91794,-19.00107,-18.88729,-18.96192,-18.93165
47.8,-18.92019,-18.99672,-18.8739,-18.9525,-18.93002
47.9,-18.91831,-19.00923,-18.88203,-18.96821,-18.94136
48,-18.93205,-19.01402,-18.89573,-18.96403,-18.93611
48.1,-18.94394,-19.0038,-18.8937,-18.95751,-18.94335
48.2,-18.93228,-19.00174,-18.90246,-18.95386,-18.94153
48.3,-18.91751,-18.99714,-18.915,-18.94983,-18.94049
48.4,-18.93133,-18.99242,-18.91358,-18.95594,-18.94212
48.5,-18.93492,-18.99291,-18.90688,-18.96047,-18.92344
48.6,-18.92832,-18.98996,-18.90074,-18.95937,-18.92925
48.7,-18.94447,-18.99335,-18.90058,-18.97735,-18.93312
48.8,-18.91908,-18.99397,-18.90947,-18.97811,-18.94541
48.9,-18.92813,-18.97671,-18.91939,-18.98564,-18.93666
49,-18.92716,-18.98185,-18.91359,-18.99675,-18.96327
49.1,-18.92879,-18.96702,-18.90378,-18.97708,-18.9665
49.2,-18.92983,-18.9782,-18.88186,-18.96157,-18.95998
49.3,-18.91049,-18.9825,-18.88818,-18.96596,-18.96175
49.4,-18.91833,-18.98983,-18.88286,-18.96627,-18.98612
49.5,-18.92036,-18.98442,-18.88981,-18.9686,-18.98792
49.6,-18.9131,-18.97533,-18.89834,-18.97708,-18.98367
49.7,-18.91187,-18.97636,-18.86334,-18.99111,-18.97924
49.8,-18.92208,-18.97542,-18.85885,-18.98784,-18.98438
49.9,-18.91107,-18.97459,-18.85837,-18.97242,-18.95635
50,-18.92111,-18.96672,-18.84351,-18.991,-18.97581
50.1,-18.91734,-18.96178,-18.85472,-18.98822,-18.98053
50.2,-18.92881,-18.9669,-18.84772,-18.99293,-18.97201
50.3,-18.93847,-18.95791,-18.85137,-19.00264,-18.98034
50.4,-18.94714,-18.95,-18.8659,-19.00022,-18.96739
50.5,-18.94435,-18.95502,-18.86673,-18.99102,-18.97545
50.6,-18.93421,-18.97245,-18.8808,-18.98539,-18.97133
50.7,-18.92248,-18.96418,-18.889,-18.99744,-18.98161
50.8,-18.91702,-18.96066,-18.8972,-18.99142,-18.98947
50.9,-18.92072,-18.96665,-18.88695,-18.99256,-18.97662
51,-18.92394,-18.96945,-18.88252,-18.99139,-18.98264
51.1,-18.91173,-18.96262,-18.86958,-18.99974,-18.97108
51.2,-18.89706,-18.96122,-18.86955,-19.01539,-18.9765
51.3,-18.90509,-18.95245,-18.8776,-18.99076,-18.98176
51.4,-18.91018,-18.96218,-18.87798,-18.98403,-18.98054
51.5,-18.91007,-18.98133,-18.87592,-18.96732,-18.96948
51.6,-18.89751,-18.98446,-18.88792,-18.96516,-18.97075
51.7,-18.89111,-18.97965,-18.88706,-18.93979,-18.97793
51.8,-18.88257,-18.96634,-18.89182,-18.94041,-18.96502
51.9,-18.86843,-18.96279,-18.90927,-18.93599,-18.97106
52,-18.86662,-18.96619,-18.91976,-18.9343,-18.9626
52.1,-18.87859,-18.97378,-18.90295,-18.93356,-18.96069
52.2,-18.85576,-18.97086,-18.90419,-18.93042,-18.97337
52.3,-18.86104,-18.97387,-18.88464,-18.92587,-18.99187
52.4,-18.85836,-18.97125,-18.87588,-18.92842,-18.97856
52.5,-18.86827,-18.97163,-18.87794,-18.91343,-18.98333
52.6,-18.87011,-18.97946,-18.87427,-18.91095,-18.96371
52.7,-18.88227,-18.98962,-18.86228,-18.91892,-18.96151
52.8,-18.88807,-19.00365,-18.87494,-18.92776,-18.95182
52.9,-18.88181,-19.00583,-18.885,-18.93017,-18.94113
53,-18.90469,-18.99155,-18.89046,-18.94735,-18.9244
53.1,-18.90747,-18.97291,-18.89956,-18.94026,-18.90947
53.2,-18.91217,-18.97216,-18.89264,-18.94683,-18.91735
53.3,-18.91276,-18.97534,-18.88566,-18.96037,-18.9181
53.4,-18.92255,-18.99614,-18.88434,-18.96838,-18.93792
53.5,-18.91787,-18.99421,-18.87711,-18.95696,-18.96002
53.6,-18.91955,-19.00196,-18.88357,-18.96305,-18.94641
53.7,-18.90454,-19.01123,-18.87302,-18.94754,-18.93366
53.8,-18.91101,-19.01523,-18.8683,-18.94685,-18.93834
53.9,-18.91722,-19.03343,-18.87785,-18.9476,-18.91445
54,-18.91615,-19.02348,-18.87583,-18.94222,-18.92429
54.1,-18.90139,-19.00123,-18.87631,-18.95413,-18.92054
54.2,-18.89112,-19.01436,-18.88183,-18.96528,-18.92552
54.3,-18.88388,-19.0118,-18.87009,-18.96789,-18.91833
54.4,-18.88819,-19.00781,-18.87748,-18.95724,-18.92295
54.5,-18.88959,-18.98396,-18.86859,-18.97547,-18.9191
54.6,-18.88276,-18.97831,-18.88883,-18.96863,-18.92833
54.7,-18.87382,-18.97485,-18.87476,-18.96844,-18.94749
54.8,-18.86019,-18.97086,-18.86951,-18.97023,-18.95205
54.9,-18.85822,-18.9596,-18.88619,-18.97111,-18.95241
55,-18.85647,-18.96072,-18.90897,-18.98115,-18.94328
55.1,-18.85321,-18.95805,-18.92195,-18.9833,-18.95205
55.2,-18.83547,-18.96647,-18.92678,-18.97657,-18.94736
55.3,-18.8421,-18.96286,-18.92963,-18.9729,-18.95888
55.4,-18.84762,-18.95235,-18.94386,-18.97443,-18.95929
55.5,-18.83516,-18.9592,-18.92947,-18.99103,-18.96401
55.6,-18.83522,-18.97425,-18.92665,-18.96988,-18.96039
55.7,-18.82916,-18.98587,-18.94748,-18.97892,-18.97331
55.8,-18.84212,-19.00306,-18.94466,-18.9762,-18.96218
55.9,-18.84744,-18.99264,-18.9405,-18.99791,-18.96774
56,-18.84014,-18.98703,-18.93953,-18.99964,-18.96321
56.1,-18.85732,-18.98403,-18.93642,-18.9885,-18.98385
56.2,-18.86255,-18.99137,-18.93085,-18.97882,-18.98524
56.3,-18.8584,-18.99287,-18.93271,-18.96772,-18.97676
56.4,-18.87095,-18.98986,-18.94223,-18.97413,-18.96582
56.5,-18.88625,-18.99234,-18.92875,-18.97716,-18.96348
56.6,-18.90784,-18.98916,-18.91869,-18.98784,-18.97186
56.7,-18.90912,-18.97694,-18.90623,-18.97722,-18.97767
56.8,-18.90165,-18.9832,-18.91324,-18.99132,-18.97279
56.9,-18.90016,-18.99169,-18.90715,-18.97241,-18.97524
57,-18.89471,-18.99475,-18.9052,-18.99283,-18.97725
57.1,-18.89689,-18.96766,-18.907,-18.98413,-18.96569
57.2,-18.87123,-18.95082,-18.91375,-18.99255,-18.96363
57.3,-18.87343,-18.9564,-18.91661,-18.99596,-18.95707
57.4,-18.87964,-18.9417,-18.91085,-19.00551,-18.94252
57.5,-18.87754,-18.95228,-18.91192,-18.99638,-18.94875
57.6,-18.87277,-18.94527,-18.90863,-18.99766,-18.93771
57.7,-18.87361,-18.95038,-18.91218,-18.98688,-18.92649
57.8,-18.86118,-18.94767,-18.91304,-18.96936,-18.92806
57.9,-18.87738,-18.92939,-18.89791,-18.96415,-18.91728
58,-18.87396,-18.92303,-18.9013,-18.96853,-18.91771
58.1,-18.87331,-18.91504,-18.91068,-18.96279,-18.91605
58.2,-18.87999,-18.90078,-18.90946,-18.95908,-18.91162
58.3,-18.88425,-18.90075,-18.90816,-18.96602,-18.91794
58.4,-18.8924,-18.91341,-18.92303,-18.95984,-18.9101
58.5,-18.91027,-18.93542,-18.93359,-18.95845,-18.90119
58.6,-18.91216,-18.9295,-18.92931,-18.96041,-18.90117
58.7,-18.91153,-18.93687,-18.93346,-18.95506,-18.906
58.8,-18.91988,-18.93444,-18.93157,-18.96908,-18.91753
58.9,-18.91132,-18.94298,-18.93481,-18.97404,-18.91283
59,-18.91583,-18.94108,-18.95812,-18.96831,-18.92815
59.1,-18.91871,-18.94351,-18.95865,-18.96691,-18.92541
59.2,-18.91217,-18.92494,-18.95343,-18.9572,-18.94485
59.3,-18.91383,-18.90627,-18.94801,-18.96173,-18.94327
59.4,-18.90569,-18.91607,-18.94406,-18.95714,-18.93976
59.5,-18.90036,-18.88509,-18.94782,-18.95487,-18.95494
59.6,-18.89842,-18.90404,-18.96127,-18.96392,-18.94569
59.7,-18.89637,-18.91325,-18.95613,-18.95248,-18.93023
59.8,-18.89896,-18.90834,-18.95174,-18.94458,-18.92169
59.9,-18.9071,-18.90513,-18.9515,-18.96142,-18.92286
60,-18.92197,-18.90194,-18.9502,-18.95346,-18.91566
60.1,-18.90709,-18.89853,-18.9524,-18.95975,-18.91331
60.2,-18.91969,-18.89766,-18.94098,-18.97453,-18.91799
60.3,-18.91132,-18.87794,-18.95493,-18.96774,-18.91337
60.4,-18.89891,-18.88744,-18.95235,-18.97335,-18.9091
60.5,-18.89072,-18.87811,-18.94846,-18.97422,-18.91991
60.6,-18.89071,-18.87598,-18.9414,-18.98408,-18.92601
60.7,-18.88045,-18.89328,-18.94602,-18.95468,-18.90744
60.8,-18.87481,-18.89178,-18.94478,-18.95491,-18.91616
60.9,-18.88157,-18.90337,-18.9629,-18.9519,-18.90927
61,-18.89216,-18.90347,-18.96517,-18.96188,-18.90584
61.1,-18.89059,-18.91434,-18.96866,-18.96218,-18.9178
61.2,-18.88786,-18.91279,-18.96094,-18.97154,-18.91144
61.3,-18.8868,-18.89718,-18.97561,-18.98334,-18.90826
61.4,-18.89532,-18.91219,-18.96718,-18.96038,-18.92018
61.5,-18.89693,-18.90558,-18.98008,-18.94651,-18.91475
61.6,-18.89727,-18.91923,-18.97999,-18.93672,-18.908
61.7,-18.87927,-18.9169,-18.96328,-18.92145,-18.89427
61.8,-18.87994,-18.91013,-18.9597,-18.93488,-18.89361
61.9,-18.88666,-18.91566,-18.95648,-18.92335,-18.87727
62,-18.88388,-18.93192,-18.94503,-18.91012,-18.86847
62.1,-18.894,-18.92936,-18.958,-18.91916,-18.86604
62.2,-18.88215,-18.93439,-18.96492,-18.93292,-18.88874
62.3,-18.89139,-18.93257,-18.96833,-18.92949,-18.89154
62.4,-18.88353,-18.94006,-18.95844,-18.90457,-18.89187
62.5,-18.8941,-18.95012,-18.9437,-18.89236,-18.88975
62.6,-18.88772,-18.9577,-18.9302,-18.8886,-18.88629
62.7,-18.88775,-18.96166,-18.92815,-18.89712,-18.8911
62.8,-18.90525,-18.96451,-18.91148,-18.92467,-18.89272
62.9,-18.90173,-18.96154,-18.9142,-18.92499,-18.88986
63,-18.88996,-18.9706,-18.93507,-18.9262,-18.90406
63.1,-18.87549,-18.97356,-18.94217,-18.92771,-18.89896
63.2,-18.88587,-18.99199,-18.92167,-18.92369,-18.9053
63.3,-18.88499,-18.9932,-18.94152,-18.93152,-18.89923
63.4,-18.88806,-19.00306,-18.95058,-18.93472,-18.88677
63.5,-18.88573,-18.99022,-18.93572,-18.93039,-18.89712
63.6,-18.88077,-18.99038,-18.93405,-18.9469,-18.89309
63.7,-18.87086,-18.99079,-18.94257,-18.93499,-18.89141
63.8,-18.8678,-18.98343,-18.94509,-18.92782,-18.91785
63.9,-18.86481,-19.00328,-18.95327,-18.94239,-18.92346
64,-18.86037,-19.01116,-18.9642,-18.94276,-18.92056
64.1,-18.88566,-18.99999,-18.95532,-18.94629,-18.90996
64.2,-18.90133,-19.00302,-18.94644,-18.93732,-18.92029
64.3,-18.89462,-19.00767,-18.94242,-18.92596,-18.92236
64.4,-18.88432,-18.99468,-18.93008,-18.936,-18.92832
64.5,-18.86821,-18.99009,-18.94286,-18.92754,-18.92917
64.6,-18.86115,-18.99037,-18.94573,-18.93624,-18.93284
64.7,-18.85088,-18.97959,-18.93691,-18.93493,-18.9224
64.8,-18.86047,-18.99121,-18.93748,-18.93733,-18.92136
64.9,-18.88253,-18.98221,-18.93859,-18.94493,-18.91843
65,-18.89586,-18.98709,-18.94531,-18.9573,-18.92954
65.1,-18.89424,-18.99956,-18.94915,-18.95105,-18.94287
65.2,-18.89843,-18.9954,-18.95073,-18.96375,-18.93533
65.3,-18.8924,-18.99413,-18.96523,-18.94643,-18.92844
65.4,-18.88543,-19.01493,-18.9653,-18.94672,-18.92563
65.5,-18.89377,-19.00804,-18.97345,-18.94522,-18.92174
65.6,-18.89629,-19.00231,-18.9895,-18.95321,-18.91985
65.7,-18.89488,-18.98416,-19.00241,-18.93879,-18.93714
65.8,-18.89806,-18.98573,-18.9899,-18.93209,-18.93094
65.9,-18.89118,-18.97626,-18.98955,-18.93364,-18.93256
66,-18.88679,-18.965,-19.01491,-18.93062,-18.92999
66.1,-18.87256,-18.96339,-19.00993,-18.92851,-18.93378
66.2,-18.88678,-18.9584,-19.00192,-18.93599,-18.92643
66.3,-18.88316,-18.94909,-18.99499,-18.93916,-18.92953
66.4,-18.87335,-18.95407,-19.00257,-18.93278,-18.92021
66.5,-18.88762,-18.97121,-19.00403,-18.93841,-18.90776
66.6,-18.89779,-18.96127,-18.99991,-18.92848,-18.89605
66.7,-18.91256,-18.96962,-19.00599,-18.9341,-18.89353
66.8,-18.92264,-18.97421,-18.99929,-18.92202,-18.88867
66.9,-18.94656,-18.96911,-18.98913,-18.93273,-18.87565
67,-18.93948,-18.96238,-18.99016,-18.92379,-18.88175
67.1,-18.93566,-18.94028,-18.98251,-18.91838,-18.88174
67.2,-18.93175,-18.94314,-18.97881,-18.92147,-18.88026
67.3,-18.9268,-18.9569,-18.97393,-18.92924,-18.89717
67.4,-18.929,-18.95156,-18.97007,-18.9314,-18.89943
67.5,-18.92259,-18.95666,-18.96952,-18.94363,-18.88061
67.6,-18.91796,-18.94493,-18.97137,-18.95278,-18.88299
67.7,-18.90006,-18.9276,-18.9576,-18.93559,-18.88852
67.8,-18.90312,-18.90682,-18.96242,-18.93238,-18.89625
67.9,-18.9038,-18.89476,-18.96713,-18.92714,-18.89686
68,-18.90532,-18.88771,-18.97475,-18.92433,-18.90298
68.1,-18.91588,-18.89084,-18.96153,-18.90766,-18.90289
68.2,-18.92506,-18.89656,-18.95821,-18.91019,-18.90321
68.3,-18.91909,-18.92573,-18.97975,-18.89833,-18.90385
68.4,-18.91323,-18.93511,-18.96774,-18.91042,-18.89679
68.5,-18.91475,-18.93269,-18.97328,-18.90877,-18.89839
68.6,-18.90383,-18.93615,-18.95859,-18.91675,-18.90922
68.7,-18.88928,-18.93297,-18.9467,-18.90437,-18.91961
68.8,-18.87276,-18.92746,-18.95708,-18.89481,-18.91291
68.9,-18.88053,-18.92607,-18.95426,-18.90208,-18.89719
69,-18.91015,-18.92176,-18.95965,-18.90614,-18.88344
69.1,-18.90817,-18.93139,-18.97027,-18.91763,-18.86812
69.2,-18.9102,-18.92365,-18.98251,-18.91077,-18.86107
69.3,-18.90822,-18.92288,-18.98388,-18.92998,-18.8606
69.4,-18.91251,-18.92516,-18.9972,-18.90797,-18.87255
69.5,-18.89792,-18.93101,-19.00175,-18.90433,-18.86693
69.6,-18.89961,-18.95011,-19.0016,-18.88778,-18.88471
69.7,-18.90403,-18.94897,-19.00796,-18.88424,-18.89907
69.8,-18.90129,-18.94109,-19.00796,-18.89097,-18.89141
69.9,-18.89095,-18.94986,-18.98598,-18.88113,-18.8773
70,-18.90663,-18.95304,-18.98857,-18.88116,-18.85704
70.1,-18.91972,-18.96513,-19.00865,-18.86848,-18.84994
70.2,-18.92702,-18.97582,-19.00301,-18.86115,-18.8507
70.3,-18.93968,-18.96579,-19.01032,-18.85292,-18.84375
70.4,-18.94578,-18.95543,-19.00039,-18.84254,-18.84092
70.5,-18.95052,-18.95189,-19.01183,-18.84082,-18.84935
70.6,-18.94984,-18.95749,-19.00491,-18.84636,-18.8453
70.7,-18.94956,-18.96891,-19.00732,-18.84444,-18.8515
70.8,-18.95678,-18.96215,-18.99156,-18.84855,-18.84208
70.9,-18.95515,-18.95668,-19.00262,-18.8517,-18.85084
71,-18.95889,-18.9449,-19.00252,-18.85272,-18.85596
71.1,-18.9669,-18.94853,-19.00068,-18.85522,-18.85253
71.2,-18.95297,-18.9555,-19.00054,-18.86286,-18.84633
71.3,-18.94779,-18.94814,-19.01169,-18.86654,-18.8399
71.4,-18.94013,-18.9607,-18.9991,-18.88733,-18.84314
71.5,-18.9434,-18.96386,-18.99693,-18.89604,-18.86071
71.6,-18.95207,-18.96384,-18.97931,-18.88722,-18.86819
71.7,-18.95836,-18.9445,-18.97333,-18.88321,-18.87446
71.8,-18.96278,-18.95617,-18.97396,-18.86928,-18.85692
71.9,-18.97571,-18.94476,-18.9765,-18.86839,-18.8594
72,-18.9557,-18.93822,-18.96311,-18.89912,-18.85155
72.1,-18.95987,-18.95556,-18.96703,-18.91453,-18.84826
72.2,-18.94653,-18.97066,-18.95958,-18.91632,-18.8531
72.3,-18.92842,-18.977,-18.95774,-18.91568,-18.8538
72.4,-18.92855,-18.97147,-18.94944,-18.92886,-18.84652
72.5,-18.93528,-18.96014,-18.94592,-18.91773,-18.84755
72.6,-18.92512,-18.97755,-18.94644,-18.91435,-18.85457
72.7,-18.92745,-18.98134,-18.93789,-18.90833,-18.85782
72.8,-18.91588,-18.9724,-18.92081,-18.90246,-18.84998
72.9,-18.92804,-18.97137,-18.92298,-18.90239,-18.85196
73,-18.93643,-18.95846,-18.92257,-18.90438,-18.85438
73.1,-18.93046,-18.95307,-18.91194,-18.91535,-18.8327
73.2,-18.92277,-18.95252,-18.89397,-18.92424,-18.83289
73.3,-18.90486,-18.95281,-18.91186,-18.93062,-18.82752
73.4,-18.8958,-18.95209,-18.92785,-18.91657,-18.82586
73.5,-18.89327,-18.94739,-18.94474,-18.92867,-18.82092
73.6,-18.90814,-18.94734,-18.95075,-18.90423,-18.82091
73.7,-18.91304,-18.92526,-18.94911,-18.90819,-18.8227
73.8,-18.90999,-18.9296,-18.94417,-18.92366,-18.8131
73.9,-18.91936,-18.94807,-18.95178,-18.92634,-18.82672
74,-18.91107,-18.94729,-18.94729,-18.91706,-18.82729
74.1,-18.92348,-18.94975,-18.94915,-18.91664,-18.82738
74.2,-18.91012,-18.9539,-18.95803,-18.91109,-18.85171
74.3,-18.89951,-18.95258,-18.94051,-18.90969,-18.84511
74.4,-18.88778,-18.9499,-18.94431,-18.90972,-18.86807
74.5,-18.87548,-18.94407,-18.95063,-18.91315,-18.85264
74.6,-18.86137,-18.95025,-18.94718,-18.92409,-18.85483
74.7,-18.8587,-18.96434,-18.95454,-18.93006,-18.84488
74.8,-18.87046,-18.96217,-18.95814,-18.92365,-18.84747
74.9,-18.86176,-18.97044,-18.94681,-18.92126,-18.83799
75,-18.86044,-18.95948,-18.947,-18.92086,-18.83966
75.1,-18.86639,-18.96832,-18.95335,-18.92225,-18.8514
75.2,-18.90706,-18.96579,-18.95594,-18.93743,-18.87057
75.3,-18.90908,-18.96068,-18.93921,-18.93324,-18.87038
75.4,-18.91667,-18.96605,-18.94786,-18.90498,-18.87319
75.5,-18.92848,-18.96652,-18.95141,-18.90787,-18.8762
75.6,-18.93369,-18.95072,-18.9586,-18.9,-18.87682
75.7,-18.93179,-18.93998,-18.95557,-18.90296,-18.89115
75.8,-18.93812,-18.93026,-18.96717,-18.88384,-18.87221
75.9,-18.93719,-18.94198,-18.96714,-18.88071,-18.87214
76,-18.91917,-18.9418,-18.97491,-18.8888,-18.88087
76.1,-18.89587,-18.95201,-18.977,-18.88716,-18.86608
76.2,-18.91431,-18.91951,-18.96438,-18.88615,-18.86297
76.3,-18.9182,-18.92247,-18.94497,-18.88454,-18.87615
76.4,-18.90914,-18.92593,-18.94776,-18.89222,-18.87116
76.5,-18.90018,-18.94037,-18.93903,-18.8809,-18.87658
76.6,-18.90088,-18.94065,-18.94228,-18.87388,-18.88577
76.7,-18.89789,-18.95031,-18.94902,-18.86088,-18.89319
76.8,-18.8949,-18.95949,-18.9381,-18.87351,-18.90765
76.9,-18.89412,-18.95401,-18.94362,-18.88592,-18.90616
77,-18.88821,-18.93422,-18.93725,-18.88041,-18.9078
77.1,-18.89448,-18.94744,-18.92841,-18.89329,-18.89137
77.2,-18.89397,-18.94174,-18.93058,-18.89086,-18.89086
77.3,-18.88175,-18.94441,-18.94243,-18.89878,-18.89727
77.4,-18.88699,-18.93729,-18.93171,-18.89831,-18.9015
77.5,-18.8692,-18.92521,-18.93128,-18.91384,-18.90424
77.6,-18.87268,-18.92254,-18.93606,-18.9177,-18.87558
77.7,-18.87377,-18.93177,-18.94036,-18.91983,-18.86282
77.8,-18.87139,-18.92751,-18.94677,-18.91859,-18.85607
77.9,-18.86879,-18.9102,-18.95999,-18.90065,-18.84084
78,-18.87462,-18.91148,-18.9577,-18.88886,-18.85139
78.1,-18.89228,-18.90806,-18.96399,-18.89007,-18.85011
78.2,-18.89569,-18.9174,-18.96582,-18.87677,-18.85696
78.3,-18.88182,-18.92535,-18.95423,-18.8641,-18.85312
78.4,-18.90495,-18.92492,-18.94373,-18.84967,-18.87541
78.5,-18.90623,-18.92994,-18.95444,-18.83414,-18.88823
78.6,-18.91186,-18.92812,-18.96114,-18.83531,-18.89669
78.7,-18.93428,-18.9225,-18.96785,-18.84659,-18.88976
78.8,-18.95058,-18.93257,-18.94931,-18.83491,-18.89159
78.9,-18.94707,-18.9214,-18.94803,-18.81707,-18.87061
79,-18.95527,-18.92142,-18.9473,-18.84921,-18.85897
79.1,-18.95656,-18.93274,-18.96039,-18.85287,-18.85116
79.2,-18.95949,-18.93154,-18.94519,-18.82861,-18.87151
79.3,-18.96101,-18.94509,-18.92293,-18.83286,-18.872
79.4,-18.96649,-18.94241,-18.91395,-18.83347,-18.87489
79.5,-18.9606,-18.94477,-18.92146,-18.84621,-18.87703
79.6,-18.93682,-18.92811,-18.90763,-18.86122,-18.88301
79.7,-18.94212,-18.93843,-18.91022,-18.87239,-18.85001
79.8,-18.94797,-18.94214,-18.9012,-18.87382,-18.84556
79.9,-18.96038,-18.94246,-18.89926,-18.88396,-18.85068
80,-18.96902,-18.92289,-18.9096,-18.87435,-18.86915
80.1,-18.95833,-18.92059,-18.91258,-18.8758,-18.86859
80.2,-18.96949,-18.94093,-18.90759,-18.85489,-18.87102
80.3,-18.97636,-18.96227,-18.91219,-18.85435,-18.86458
80.4,-18.96821,-18.9657,-18.898,-18.85795,-18.85623
80.5,-18.95408,-18.96503,-18.90668,-18.8449,-18.86164
80.6,-18.96823,-18.95806,-18.91532,-18.84339,-18.86553
80.7,-18.96457,-18.95746,-18.90612,-18.85411,-18.86809
80.8,-18.97305,-18.95594,-18.91546,-18.8604,-18.86275
80.9,-18.99945,-18.95497,-18.90858,-18.86225,-18.8613
81,-19.02373,-18.95706,-18.91753,-18.8621,-18.85801
81.1,-19.02146,-18.96776,-18.92295,-18.85325,-18.86201
81.2,-19.01539,-18.96264,-18.91074,-18.83899,-18.8708
81.3,-19.02209,-18.96157,-18.90729,-18.83938,-18.85792
81.4,-19.01037,-18.97399,-18.90848,-18.84537,-18.85518
81.5,-19.00473,-18.96069,-18.90237,-18.82982,-18.86314
81.6,-19.02383,-18.95648,-18.91796,-18.82432,-18.86995
81.7,-19.01595,-18.94022,-18.91345,-18.81999,-18.87606
81.8,-18.99898,-18.93391,-18.92075,-18.80749,-18.87613
81.9,-18.98899,-18.94073,-18.919,-18.80722,-18.86761
82,-18.98351,-18.92574,-18.91141,-18.79456,-18.87151
82.1,-18.97066,-18.93114,-18.94122,-18.80026,-18.85213
82.2,-18.97652,-18.9279,-18.9529,-18.78749,-18.84912
82.3,-18.96021,-18.89753,-18.94524,-18.807,-18.85622
82.4,-18.94996,-18.91195,-18.94185,-18.81048,-18.85789
82.5,-18.95175,-18.92756,-18.93302,-18.81738,-18.85035
82.6,-18.96988,-18.92769,-18.94088,-18.81663,-18.86801
82.7,-18.97855,-18.93368,-18.92791,-18.83473,-18.86855
82.8,-18.97301,-18.93064,-18.92807,-18.82725,-18.87088
82.9,-18.9526,-18.94228,-18.92825,-18.84112,-18.87294
83,-18.96551,-18.93532,-18.92197,-18.839,-18.87291
83.1,-18.95296,-18.89647,-18.92151,-18.83944,-18.87696
83.2,-18.95509,-18.8998,-18.92108,-18.85088,-18.8887
83.3,-18.95919,-18.88262,-18.9242,-18.86391,-18.8865
83.4,-18.97154,-18.8823,-18.93944,-18.86077,-18.8958
83.5,-18.9672,-18.8664,-18.94577,-18.84717,-18.91018
83.6,-18.96219,-18.87234,-18.94148,-18.83919,-18.91554
83.7,-18.97189,-18.85363,-18.94152,-18.83484,-18.90911
83.8,-18.96839,-18.85395,-18.95573,-18.82092,-18.89431
83.9,-18.96488,-18.83921,-18.95179,-18.81024,-18.89559
84,-18.95912,-18.85288,-18.95338,-18.79794,-18.90113
84.1,-18.95971,-18.8509,-18.96152,-18.79125,-18.89392
84.2,-18.9597,-18.85622,-18.95428,-18.78647,-18.89153
84.3,-18.95125,-18.84284,-18.96373,-18.78503,-18.89314
84.4,-18.95598,-18.84152,-18.95916,-18.77957,-18.89485
84.5,-18.96942,-18.8358,-18.96155,-18.79917,-18.90172
84.6,-18.97202,-18.85514,-18.95255,-18.81614,-18.89014
84.7,-18.96586,-18.86285,-18.94518,-18.80788,-18.89243
84.8,-18.96512,-18.86037,-18.96016,-18.81245,-18.90569
84.9,-18.96774,-18.85691,-18.94877,-18.8068,-18.9038
85,-18.96323,-18.84146,-18.93584,-18.79803,-18.90948
85.1,-18.96044,-18.82873,-18.93365,-18.79744,-18.89943
85.2,-18.95402,-18.82357,-18.9232,-18.78516,-18.90739
85.3,-18.95506,-18.81927,-18.92628,-18.78537,-18.90449
85.4,-18.95721,-18.80527,-18.93474,-18.79542,-18.9269
85.5,-18.9672,-18.80456,-18.93513,-18.78942,-18.92401
85.6,-18.97067,-18.78325,-18.95899,-18.78083,-18.92659
85.7,-18.97667,-18.78529,-18.97049,-18.78079,-18.92034
85.8,-18.96772,-18.79632,-18.96548,-18.77512,-18.9281
85.9,-18.96908,-18.80494,-18.95853,-18.77184,-18.90121
86,-18.96616,-18.80754,-18.9677,-18.77369,-18.90551
86.1,-18.95999,-18.81186,-18.96754,-18.77607,-18.91094
86.2,-18.96156,-18.82617,-18.93958,-18.7839,-18.91811
86.3,-18.96457,-18.84558,-18.94335,-18.78869,-18.91081
86.4,-18.9602,-18.84075,-18.93474,-18.78456,-18.89857
86.5,-18.95663,-18.83976,-18.91092,-18.79809,-18.89456
86.6,-18.97807,-18.84865,-18.9077,-18.79225,-18.90357
86.7,-18.96464,-18.85814,-18.90487,-18.79124,-18.894
86.8,-18.96862,-18.8564,-18.90656,-18.78978,-18.89337
86.9,-18.9869,-18.84836,-18.91054,-18.77465,-18.90735
87,-18.99868,-18.83753,-18.90559,-18.76792,-18.90252
87.1,-19.00359,-18.84588,-18.9064,-18.7729,-18.89585
87.2,-19.00056,-18.84334,-18.88297,-18.77588,-18.91088
87.3,-18.99063,-18.83777,-18.87953,-18.78628,-18.90226
87.4,-18.98809,-18.84473,-18.88349,-18.78064,-18.91736
87.5,-19.00647,-18.85051,-18.88952,-18.78035,-18.92436
87.6,-18.98661,-18.85215,-18.88597,-18.77538,-18.92473
87.7,-18.99204,-18.85508,-18.8933,-18.79231,-18.93843
87.8,-18.96869,-18.85716,-18.89037,-18.79508,-18.9371
87.9,-18.95342,-18.87053,-18.8878,-18.79268,-18.942
88,-18.9615,-18.86901,-18.88703,-18.78634,-18.9489
88.1,-18.9665,-18.86513,-18.89457,-18.78664,-18.94164
88.2,-18.97565,-18.84852,-18.90061,-18.77518,-18.93632
88.3,-18.95333,-18.8632,-18.89315,-18.7694,-18.93497
88.4,-18.94143,-18.8865,-18.90458,-18.79426,-18.92587
88.5,-18.92176,-18.89004,-18.90744,-18.7996,-18.9214
88.6,-18.92329,-18.89822,-18.89434,-18.80494,-18.91523
88.7,-18.91711,-18.91295,-18.90437,-18.80111,-18.90755
88.8,-18.92364,-18.91128,-18.89794,-18.80587,-18.92711
88.9,-18.92764,-18.90526,-18.91025,-18.80935,-18.93304
89,-18.92122,-18.91318,-18.90095,-18.79258,-18.94579
89.1,-18.9255,-18.89822,-18.89431,-18.78662,-18.94876
89.2,-18.9306,-18.8842,-18.89967,-18.80148,-18.95737
89.3,-18.9437,-18.87829,-18.88632,-18.81067,-18.94307
89.4,-18.94227,-18.88433,-18.88203,-18.80087,-18.94608
89.5,-18.93801,-18.88353,-18.87531,-18.80239,-18.95303
89.6,-18.91551,-18.87064,-18.89919,-18.81209,-18.93711
89.7,-18.91976,-18.8697,-18.90742,-18.81074,-18.93199
89.8,-18.94175,-18.87763,-18.90463,-18.81563,-18.94388
89.9,-18.93822,-18.89205,-18.91627,-18.81243,-18.94135
90,-18.94485,-18.8918,-18.91961,-18.83222,-18.93075
90.1,-18.9331,-18.90679,-18.91794,-18.81571,-18.92875
90.2,-18.93077,-18.88228,-18.90586,-18.8038,-18.93047
90.3,-18.92568,-18.89284,-18.89897,-18.79783,-18.93794
90.4,-18.92104,-18.89104,-18.90086,-18.78004,-18.94384
90.5,-18.91388,-18.91286,-18.90716,-18.78914,-18.96077
90.6,-18.91243,-18.91238,-18.90434,-18.7963,-18.97282
90.7,-18.91893,-18.93075,-18.89455,-18.80749,-18.9626
90.8,-18.91313,-18.93637,-18.90909,-18.82146,-18.96134
90.9,-18.91942,-18.94579,-18.88739,-18.82295,-18.94852
91,-18.91538,-18.94314,-18.88768,-18.83269,-18.96831
91.1,-18.91933,-18.93757,-18.88734,-18.83678,-18.95812
91.2,-18.9091,-18.93038,-18.87125,-18.83471,-18.94504
91.3,-18.91042,-18.93094,-18.86112,-18.85903,-18.93971
91.4,-18.91835,-18.92092,-18.86685,-18.84092,-18.93689
91.5,-18.94031,-18.91444,-18.8581,-18.84678,-18.93612
91.6,-18.93893,-18.89472,-18.85427,-18.83093,-18.9403
91.7,-18.94984,-18.88624,-18.85522,-18.83621,-18.91637
91.8,-18.93705,-18.88088,-18.84944,-18.8298,-18.90687
91.9,-18.92609,-18.88604,-18.85365,-18.84942,-18.89394
92,-18.92297,-18.90396,-18.84633,-18.82961,-18.90704
92.1,-18.91239,-18.91168,-18.83388,-18.8392,-18.91083
92.2,-18.92673,-18.92342,-18.84166,-18.83801,-18.90324
92.3,-18.91419,-18.92128,-18.83315,-18.81952,-18.91586
92.4,-18.93237,-18.92223,-18.82385,-18.8023,-18.89914
92.5,-18.92689,-18.92617,-18.81193,-18.79742,-18.89498
92.6,-18.92925,-18.91774,-18.82517,-18.80169,-18.89565
92.7,-18.92511,-18.9198,-18.82448,-18.81017,-18.8855
92.8,-18.93661,-18.92319,-18.82205,-18.79722,-18.88931
92.9,-18.93077,-18.91301,-18.81599,-18.79663,-18.88108
93,-18.91648,-18.91372,-18.82281,-18.7946,-18.8924
93.1,-18.92225,-18.91086,-18.83186,-18.78457,-18.89925
93.2,-18.92181,-18.91168,-18.82777,-18.79036,-18.9076
93.3,-18.91976,-18.92159,-18.8298,-18.79459,-18.91232
93.4,-18.91758,-18.91404,-18.81639,-18.80083,-18.89976
93.5,-18.92243,-18.90643,-18.82888,-18.79706,-18.88917
93.6,-18.92625,-18.92094,-18.8268,-18.79312,-18.87469
93.7,-18.91525,-18.90639,-18.84121,-18.79485,-18.87776
93.8,-18.90742,-18.91444,-18.85859,-18.78861,-18.8821
93.9,-18.90478,-18.91632,-18.86558,-18.8128,-18.87849
94,-18.92108,-18.91992,-18.85971,-18.81091,-18.88478
94.1,-18.91407,-18.90117,-18.88792,-18.81446,-18.88869
94.2,-18.91125,-18.89633,-18.90722,-18.82027,-18.89156
94.3,-18.89505,-18.891,-18.90569,-18.81961,-18.89869
94.4,-18.88875,-18.89304,-18.87642,-18.80841,-18.89487
94.5,-18.91278,-18.88665,-18.88395,-18.82716,-18.88305
94.6,-18.91508,-18.88382,-18.87392,-18.82551,-18.88021
94.7,-18.91372,-18.88784,-18.85919,-18.82471,-18.88387
94.8,-18.9154,-18.88544,-18.85479,-18.82039,-18.8769
94.9,-18.92013,-18.87549,-18.85114,-18.83163,-18.89606
95,-18.92057,-18.85797,-18.86324,-18.84185,-18.8986
95.1,-18.92501,-18.84764,-18.88204,-18.82748,-18.89717
95.2,-18.90366,-18.85898,-18.87022,-18.83448,-18.89487
95.3,-18.90178,-18.85682,-18.87153,-18.83931,-18.89215
95.4,-18.89524,-18.87701,-18.88177,-18.84869,-18.8698
95.5,-18.90998,-18.8628,-18.88495,-18.85328,-18.85797
95.6,-18.90229,-18.86184,-18.87035,-18.85086,-18.85942
95.7,-18.89107,-18.85702,-18.86774,-18.85429,-18.86473
95.8,-18.88984,-18.87265,-18.85913,-18.84565,-18.86122
95.9,-18.87908,-18.8818,-18.86355,-18.84392,-18.86618
96,-18.87493,-18.88682,-18.86446,-18.83335,-18.86221
96.1,-18.86758,-18.89365,-18.87745,-18.83555,-18.84569
96.2,-18.85637,-18.89772,-18.87259,-18.82986,-18.82978
96.3,-18.86181,-18.90562,-18.86256,-18.83263,-18.83175
96.4,-18.85722,-18.90815,-18.85505,-18.85285,-18.8302
96.5,-18.84054,-18.91094,-18.84911,-18.87051,-18.84004
96.6,-18.85116,-18.90521,-18.84525,-18.87481,-18.8526
96.7,-18.85783,-18.9037,-18.8458,-18.88887,-18.85553
96.8,-18.86192,-18.90103,-18.83993,-18.88637,-18.8481
96.9,-18.87669,-18.90394,-18.84458,-18.87353,-18.87027
97,-18.89412,-18.90156,-18.84613,-18.86477,-18.86001
97.1,-18.88247,-18.90991,-18.83953,-18.858,-18.83529
97.2,-18.88716,-18.9166,-18.84752,-18.86171,-18.81535
97.3,-18.89748,-18.91485,-18.86841,-18.85333,-18.82257
97.4,-18.91412,-18.92116,-18.84379,-18.85189,-18.81638
97.5,-18.90372,-18.91721,-18.85309,-18.83232,-18.81926
97.6,-18.91438,-18.90934,-18.84074,-18.81525,-18.82353
97.7,-18.91401,-18.89355,-18.83347,-18.79699,-18.82462
97.8,-18.93263,-18.89935,-18.81955,-18.80475,-18.82759
97.9,-18.93349,-18.91791,-18.81366,-18.80397,-18.82649
98,-18.92393,-18.90772,-18.81797,-18.80431,-18.81886
98.1,-18.92756,-18.90617,-18.8336,-18.80194,-18.80602
98.2,-18.91879,-18.90211,-18.82311,-18.80071,-18.79756
98.3,-18.91153,-18.91332,-18.80464,-18.80874,-18.8097
98.4,-18.9118,-18.89342,-18.81029,-18.8126,-18.80453
98.5,-18.89153,-18.89482,-18.8067,-18.80961,-18.8086
98.6,-18.8846,-18.90785,-18.80636,-18.8144,-18.80903
98.7,-18.88145,-18.9023,-18.80778,-18.80497,-18.81819
98.8,-18.88333,-18.90615,-18.79698,-18.82733,-18.81722
98.9,-18.87847,-18.90505,-18.79359,-18.83302,-18.83363
99,-18.86485,-18.90253,-18.78557,-18.82648,-18.83118
99.1,-18.88231,-18.89536,-18.78045,-18.80662,-18.82449
99.2,-18.90055,-18.87313,-18.79132,-18.81247,-18.82797
99.3,-18.88721,-18.87848,-18.79033,-18.81504,-18.83667
99.4,-18.87075,-18.87043,-18.7961,-18.81063,-18.83603
99.5,-18.88639,-18.86586,-18.8031,-18.80332,-18.82592
99.6,-18.88794,-18.8568,-18.79807,-18.82375,-18.80401
99.7,-18.87121,-18.85619,-18.82517,-18.83045,-18.79949
99.8,-18.86548,-18.84528,-18.82326,-18.83,-18.82467
99.9,-18.87213,-18.84522,-18.81045,-18.83789,-18.8311
100,-18.87826,-18.87241,-18.81803,-18.82716,-18.83309
100.1,-18.87862,-18.87408,-18.81567,-18.82727,-18.81891
100.2,-18.88717,-18.87084,-18.80456,-18.8265,-18.82148
100.3,-18.89094,-18.8666,-18.81373,-18.82286,-18.84572
100.4,-18.89719,-18.85455,-18.81159,-18.81993,-18.83678
100.5,-18.8921,-18.8257,-18.81929,-18.82002,-18.84567
100.6,-18.88718,-18.81227,-18.81424,-18.81459,-18.84276
100.7,-18.90203,-18.77956,-18.80145,-18.8146,-18.83182
100.8,-18.88812,-18.74652,-18.80072,-18.81165,-18.83856
100.9,-18.88419,-18.69583,-18.79387,-18.80274,-18.83738
101,-18.88552,-18.66282,-18.8048,-18.79761,-18.81648
101.1,-18.88158,-18.60378,-18.81152,-18.78335,-18.82289
101.2,-18.85994,-18.55778,-18.82207,-18.78337,-18.82651
101.3,-18.8696,-18.5045,-18.80011,-18.78815,-18.83727
101.4,-18.88484,-18.46402,-18.79217,-18.78336,-18.83874
101.5,-18.87666,-18.41132,-18.80284,-18.78983,-18.83748
101.6,-18.87448,-18.35846,-18.79682,-18.77856,-18.81954
101.7,-18.87614,-18.30668,-18.78711,-18.773,-18.81783
101.8,-18.88476,-18.26271,-18.79258,-18.7604,-18.80573
101.9,-18.88495,-18.2114,-18.80145,-18.76464,-18.81221
102,-18.88341,-18.15964,-18.79947,-18.7809,-18.81187
102.1,-18.87033,-18.10803,-18.82206,-18.7678,-18.81085
102.2,-18.86978,-18.06149,-18.83089,-18.75595,-18.82415
102.3,-18.87914,-18.01817,-18.82806,-18.75852,-18.80902
102.4,-18.87832,-17.9809,-18.84139,-18.76388,-18.79391
102.5,-18.89047,-17.94254,-18.8476,-18.7547,-18.79909
102.6,-18.89161,-17.89984,-18.84998,-18.76771,-18.8215
102.7,-18.90174,-17.84148,-18.83571,-18.76468,-18.82307
102.8,-18.91462,-17.78828,-18.83677,-18.76633,-18.83263
102.9,-18.91045,-17.74895,-18.84082,-18.76451,-18.84254
103,-18.91417,-17.69312,-18.84483,-18.77888,-18.86218
103.1,-18.91654,-17.63554,-18.85663,-18.80297,-18.85682
103.2,-18.91031,-17.58838,-18.85477,-18.81915,-18.85095
103.3,-18.90983,-17.54268,-18.85293,-18.81828,-18.85566
103.4,-18.90808,-17.4879,-18.84218,-18.80767,-18.86914
103.5,-18.916,-17.42726,-18.85208,-18.81505,-18.88304
103.6,-18.92548,-17.37989,-18.83645,-18.81163,-18.8777
103.7,-18.9147,-17.31886,-18.83729,-18.80074,-18.87386
103.8,-18.90516,-17.27735,-18.83513,-18.79304,-18.85627
103.9,-18.90638,-17.22654,-18.82562,-18.77714,-18.85186
104,-18.89172,-17.15416,-18.83456,-18.77363,-18.86364
104.1,-18.88846,-17.07994,-18.83365,-18.76919,-18.87036
104.2,-18.87608,-17.00214,-18.83578,-18.78798,-18.88143
104.3,-18.87836,-16.91141,-18.83924,-18.79348,-18.88638
104.4,-18.87096,-16.8028,-18.83779,-18.80978,-18.88025
104.5,-18.86593,-16.67322,-18.82194,-18.80368,-18.88766
104.6,-18.87059,-16.64485,-18.82717,-18.80284,-18.8863
104.7,-18.86749,-16.49786,-18.82785,-18.80853,-18.87463
104.8,-18.8628,-16.30297,-18.82283,-18.80725,-18.88436
104.9,-18.87116,-16.05754,-18.8347,-18.79249,-18.88363
105,-18.85978,-16.3107,-18.83573,-18.79261,-18.87281
105.1,-18.85857,-16.23138,-18.83123,-18.78981,-18.86785
105.2,-18.87559,-15.99371,-18.82538,-18.78925,-18.85187
105.3,-18.89117,-15.83768,-18.82563,-18.79658,-18.85657
105.4,-18.89387,-15.62975,-18.84115,-18.78873,-18.86353
105.5,-18.90228,-15.34002,-18.85089,-18.79326,-18.84071
105.6,-18.89949,-15.51921,-18.86321,-18.8043,-18.84571
105.7,-18.87635,-15.13793,-18.88449,-18.82359,-18.84507
105.8,-18.86553,-15.40574,-18.89216,-18.81151,-18.85504
105.9,-18.87029,-15.66605,-18.89367,-18.8167,-18.86809
106,-18.85874,-15.84984,-18.90171,-18.80653,-18.87495
106.1,-18.85134,-15.57272,-18.90204,-18.81712,-18.86985
106.2,-18.85095,-15.86295,-18.89042,-18.81273,-18.85161
106.3,-18.84383,-16.10391,-18.88495,-18.79636,-18.83755
106.4,-18.85561,-16.23738,-18.89012,-18.79909,-18.83925
106.5,-18.84468,-16.20727,-18.89143,-18.81604,-18.82914
106.6,-18.83076,-16.08674,-18.87715,-18.81753,-18.82775
106.7,-18.83462,-15.92981,-18.8625,-18.82111,-18.81839
106.8,-18.82318,-16.17577,-18.87886,-18.8267,-18.82103
106.9,-18.81395,-16.19893,-18.86375,-18.83163,-18.84159
107,-18.81399,-16.30198,-18.85986,-18.85295,-18.83711
107.1,-18.79676,-16.39862,-18.84102,-18.84494,-18.84174
107.2,-18.77292,-16.28565,-18.83147,-18.83453,-18.84527
107.3,-18.77138,-15.99122,-18.82226,-18.85095,-18.85549
107.4,-18.78749,-15.74983,-18.80607,-18.85477,-18.84362
107.5,-18.78171,-15.91005,-18.78157,-18.85614,-18.83864
107.6,-18.77604,-15.86932,-18.7829,-18.86005,-18.84409
107.7,-18.77368,-15.65667,-18.78944,-18.85675,-18.85883
107.8,-18.76548,-15.68584,-18.77211,-18.84356,-18.86333
107.9,-18.7525,-15.63146,-18.74756,-18.82994,-18.84818
108,-18.75695,-15.28434,-18.73742,-18.83376,-18.83404
108.1,-18.75284,-15.03959,-18.73739,-18.84046,-18.83608
108.2,-18.73678,-14.72467,-18.70997,-18.84247,-18.83833
108.3,-18.73996,-14.49097,-18.69075,-18.83828,-18.85168
108.4,-18.73183,-13.94967,-18.68865,-18.84697,-18.84556
108.5,-18.71932,-13.87346,-18.69035,-18.8339,-18.85156
108.6,-18.70882,-13.32629,-18.67759,-18.82018,-18.86641
108.7,-18.69594,-13.23952,-18.67905,-18.80726,-18.87506
108.8,-18.67821,-12.67965,-18.66859,-18.81218,-18.8841
108.9,-18.68566,-12.41377,-18.6528,-18.81143,-18.90897
109,-18.66878,-12.34336,-18.64498,-18.82892,-18.91466
109.1,-18.67168,-11.56274,-18.64048,-18.82715,-18.90473
109.2,-18.69113,-11.2454,-18.62598,-18.82116,-18.91396
109.3,-18.68694,-11.20974,-18.62144,-18.81348,-18.90443
109.4,-18.67245,-11.29977,-18.62954,-18.81207,-18.90878
109.5,-18.65534,-11.06122,-18.62575,-18.80804,-18.89985
109.6,-18.65948,-10.82978,-18.61228,-18.80221,-18.90017
109.7,-18.66255,-11.40716,-18.60485,-18.78765,-18.89838
109.8,-18.66307,-11.40925,-18.5911,-18.78786,-18.90117
109.9,-18.6659,-12.13766,-18.57496,-18.80202,-18.89899
110,-18.6718,-12.77792,-18.58541,-18.79244,-18.90308
110.1,-18.67884,-13.22704,-18.58201,-18.77846,-18.88955
110.2,-18.65643,-13.68112,-18.57078,-18.77634,-18.89452
110.3,-18.64907,-13.5313,-18.56857,-18.7685,-18.87605
110.4,-18.65517,-13.49312,-18.56517,-18.777,-18.86643
110.5,-18.65217,-13.46918,-18.56811,-18.7739,-18.86476
110.6,-18.68479,-13.70325,-18.57637,-18.77911,-18.84291
110.7,-18.69489,-13.35264,-18.59986,-18.77201,-18.84948
110.8,-18.71683,-13.08635,-18.60616,-18.76532,-18.88171
110.9,-18.72637,-12.74661,-18.63143,-18.76237,-18.87391
111,-18.7532,-12.47733,-18.63055,-18.76616,-18.87464
111.1,-18.77488,-12.28148,-18.65066,-18.75291,-18.87442
111.2,-18.79529,-12.37735,-18.68152,-18.76537,-18.87764
111.3,-18.79364,-12.33345,-18.70217,-18.77868,-18.86405
111.4,-18.79527,-12.21679,-18.70371,-18.77874,-18.87231
111.5,-18.8062,-12.22536,-18.72154,-18.78337,-18.88439
111.6,-18.81864,-12.03357,-18.74715,-18.7957,-18.87859
111.7,-18.82861,-11.45944,-18.75826,-18.81235,-18.87079
111.8,-18.81447,-12.29208,-18.7606,-18.82506,-18.87459
111.9,-18.82425,-11.81822,-18.77961,-18.83021,-18.87591
112,-18.8413,-12.22068,-18.77935,-18.84056,-18.88334
112.1,-18.85286,-12.21313,-18.78532,-18.86437,-18.8689
112.2,-18.85514,-11.6054,-18.78497,-18.87319,-18.8551
112.3,-18.86332,-11.66154,-18.78065,-18.88365,-18.86256
112.4,-18.8663,-11.31743,-18.80718,-18.88763,-18.8682
112.5,-18.88418,-11.23196,-18.82967,-18.89406,-18.88628
112.6,-18.91504,-10.98973,-18.83296,-18.92058,-18.87909
112.7,-18.91558,-10.45173,-18.84027,-18.93337,-18.88993
112.8,-18.9175,-10.48289,-18.84301,-18.95103,-18.90028
112.9,-18.92174,-9.8328,-18.83965,-18.98803,-18.87275
113,-18.93957,-9.76594,-18.8456,-18.9959,-18.88087
113.1,-18.94999,-9.46559,-18.85175,-19.01518,-18.90204
113.2,-18.97885,-9.37366,-18.84157,-19.0202,-18.89298
113.3,-18.97424,-9.03737,-18.8554,-19.02957,-18.9066
113.4,-18.98297,-8.62005,-18.85706,-19.05355,-18.9118
113.5,-18.99672,-8.51421,-18.8604,-19.07767,-18.89932
113.6,-18.98559,-9.14042,-18.874,-19.10391,-18.90881
113.7,-18.99068,-8.67396,-18.86879,-19.11905,-18.90328
113.8,-19.0033,-8.35656,-18.87764,-19.14577,-18.92177
113.9,-18.98742,-8.59827,-18.87204,-19.18218,-18.9319
114,-18.99128,-8.5468,-18.87139,-19.21062,-18.95678
114.1,-18.98368,-8.41056,-18.88068,-19.23319,-18.96273
114.2,-18.98757,-7.28492,-18.88251,-19.26809,-18.96635
114.3,-18.98392,-8.5118,-18.87101,-19.29477,-18.96462
114.4,-18.99231,-8.49688,-18.99824,-19.31699,-18.97222
114.5,-18.99043,-8.37429,-19.03043,-19.35055,-18.97026
114.6,-18.97554,-7.92989,-19.04371,-19.36321,-18.98005
114.7,-18.98084,-8.33137,-19.05151,-19.41527,-18.99624
114.8,-18.99464,-8.06414,-19.06135,-19.43641,-18.99157
114.9,-19.00334,-7.72791,-19.08195,-19.46462,-19.01198
115,-19.00317,-7.4802,-19.09705,-19.50188,-19.00733
115.1,-18.99256,-7.88542,-19.12037,-19.51795,-19.01472
115.2,-18.96697,-7.07976,-19.12712,-19.57092,-19.01987
115.3,-18.9502,-8.27781,-19.14135,-19.59746,-19.03516
115.4,-18.90623,-7.78281,-19.12196,-19.64409,-19.04471
115.5,-19.00926,-8.01571,-19.10107,-19.66984,-19.04741
115.6,-18.9689,-8.2443,-19.04913,-19.70909,-19.06356
115.7,-18.90427,-7.95896,-19.28499,-19.75591,-19.07272
115.8,-19.07608,-7.62705,-19.28593,-19.80274,-19.09193
115.9,-19.04341,-7.73777,-19.41202,-19.82812,-19.11861
116,-19.11515,-7.7346,-19.43846,-19.88449,-19.15345
116.1,-19.23867,-8.4898,-19.44409,-19.91866,-19.1604
116.2,-19.21137,-8.25652,-19.45024,-19.95839,-19.17988
116.3,-19.1645,-7.8416,-19.43835,-20.00125,-19.20385
116.4,-19.39815,-8.6692,-19.57764,-20.0589,-19.23457
116.5,-19.3719,-8.04388,-19.59176,-20.11707,-19.27827
116.6,-19.45811,-8.35502,-19.59027,-20.17711,-19.298
116.7,-19.56729,-8.52734,-19.58723,-20.21221,-19.33649
116.8,-19.57843,-8.29946,-19.57023,-20.2637,-19.38443
116.9,-19.54697,-7.84169,-19.69465,-20.32071,-19.43182
117,-19.68259,-7.09781,-19.83615,-20.37153,-19.47098
117.1,-19.69187,-7.77896,-19.85023,-20.43536,-19.51111
117.2,-19.68571,-8.12581,-19.87805,-20.49256,-19.56052
117.3,-19.68308,-8.38958,-19.89927,-20.55199,-19.59335
117.4,-19.77478,-7.53305,-19.87515,-20.58912,-19.62656
117.5,-19.75482,-7.9799,-19.99978,-20.62096,-19.66039
117.6,-19.74126,-7.15185,-20.00844,-20.67554,-19.70018
117.7,-19.6978,-7.36345,-20.15063,-20.71959,-19.76134
117.8,-19.78557,-8.04669,-20.16954,-20.76706,-19.80934
117.9,-19.85899,-8.24778,-20.16424,-20.8051,-19.8621
118,-19.97071,-7.27283,-20.13862,-20.82644,-19.88259
118.1,-19.97534,-7.25768,-20.24481,-20.8693,-19.91204
118.2,-19.97465,-7.26435,-20.36324,-20.91166,-19.95417
118.3,-19.94983,-7.24866,-20.39341,-20.94608,-19.99014
118.4,-20.05142,-7.41863,-20.38692,-20.9788,-20.0327
118.5,-20.04791,-7.23816,-20.35285,-21.01994,-20.06047
118.6,-20.03819,-7.68273,-20.45524,-21.05133,-20.10684
118.7,-20.14581,-6.82565,-20.57343,-21.08815,-20.15126
118.8,-20.16918,-6.78415,-20.58946,-21.12879,-20.19442
118.9,-20.17902,-7.04611,-20.58778,-21.14931,-20.24111
119,-20.18785,-6.76059,-20.58475,-21.19896,-20.29515
119.1,-20.18287,-6.74852,-20.57393,-21.23277,-20.33104
119.2,-20.18642,-8.01513,-20.6804,-21.2404,-20.35299
119.3,-20.1775,-7.78944,-20.70209,-21.26936,-20.3925
119.4,-20.16444,-6.56896,-20.72813,-21.28201,-20.43479
119.5,-20.15774,-6.18027,-20.73325,-21.31251,-20.47515
119.6,-20.14712,-6.54977,-20.74056,-21.33225,-20.51044
119.7,-20.11608,-7.05098,-20.73304,-21.34542,-20.54002
119.8,-20.10017,-7.99567,-20.69479,-21.35843,-20.5763
119.9,-20.08098,-6.95005,-20.80222,-21.38858,-20.61768
120,-20.05238,-5.75764,-20.80349,-21.44011,-20.64553
120.1,-20.01986,-6.184,-20.79665,-21.46189,-20.66878
120.2,-19.97499,-6.37397,-20.7943,-21.4792,-20.69251
120.3,-19.94102,-6.40165,-20.77247,-21.52528,-20.73113
120.4,-19.9022,-6.17363,-20.76434,-21.54298,-20.76076
120.5,-19.8302,-5.97665,-20.74803,-21.56384,-20.78897
120.6,-19.77081,-6.03298,-20.70532,-21.5751,-20.78301
120.7,-19.80859,-5.37914,-20.64846,-21.59817,-20.80986
120.8,-19.71148,-6.58804,-20.70657,-21.62862,-20.84304
120.9,-19.86253,-6.85425,-20.68696,-21.64187,-20.87682
121,-19.93641,-6.79736,-20.63147,-21.65922,-20.89835
121.1,-19.8974,-6.60532,-20.55506,-21.66653,-20.9118
121.2,-19.84776,-6.45889,-20.73135,-21.6783,-20.92725
121.3,-19.78235,-6.21337,-20.71438,-21.68938,-20.94614
121.4,-19.70841,-6.60254,-20.68794,-21.69896,-20.97756
121.5,-19.7221,-6.44115,-20.6488,-21.71141,-20.99073
121.6,-19.60888,-5.75541,-20.6179,-21.74735,-21.01676
121.7,-19.76857,-5.46831,-20.58292,-21.74887,-21.02913
121.8,-19.69561,-5.30419,-20.53984,-21.75157,-21.05232
121.9,-19.61537,-5.70789,-20.49208,-21.74916,-21.0628
122,-19.50684,-5.60058,-20.41454,-21.7636,-21.08525
122.1,-19.65006,-6.52595,-20.31203,-21.75503,-21.09556
122.2,-19.73255,-6.90827,-20.33615,-21.75275,-21.1151
122.3,-19.66917,-6.83651,-20.37955,-21.73129,-21.13495
122.4,-19.60085,-5.96482,-20.27174,-21.73309,-21.15009
122.5,-19.61749,-6.00888,-20.39399,-21.70879,-21.14065
122.6,-19.52284,-5.5614,-20.27977,-21.69461,-21.14739
122.7,-19.43438,-5.83146,-20.42356,-21.81296,-21.17752
122.8,-19.45526,-5.72019,-20.46349,-21.84338,-21.20165
122.9,-19.49742,-5.907,-20.37288,-21.86202,-21.20787
123,-19.42745,-5.20936,-20.40117,-21.86444,-21.22806
123.1,-19.33827,-5.85525,-20.28838,-21.88315,-21.22814
123.2,-19.34049,-5.44924,-20.43957,-21.89863,-21.24643
123.3,-19.3558,-6.33198,-20.3406,-21.89827,-21.24723
123.4,-19.25163,-6.54246,-20.37065,-21.91448,-21.25488
123.5,-19.23464,-5.38135,-20.27526,-21.92563,-21.2903
123.6,-19.26229,-5.74067,-20.2559,-21.92324,-21.30114
123.7,-19.26712,-5.76887,-20.3679,-21.93613,-21.32065
123.8,-19.16532,-6.47246,-20.27986,-21.93491,-21.332
123.9,-19.19147,-5.37674,-20.31822,-21.94297,-21.33818
124,-19.05155,-5.93358,-20.24998,-21.94404,-21.35182
124.1,-19.19046,-5.88276,-20.14188,-21.95959,-21.33982
124.2,-19.06854,-5.7783,-20.11723,-21.94477,-21.34235
124.3,-19.20819,-6.22367,-20.36483,-21.95147,-21.34336
124.4,-19.10583,-5.59142,-20.28585,-21.93155,-21.356
124.5,-18.99889,-6.31992,-20.21349,-21.92296,-21.37257
124.6,-18.98756,-6.01564,-20.108,-21.92711,-21.3678
124.7,-18.87711,-7.08984,-20.11668,-21.91705,-21.37475
124.8,-18.73886,-6.27477,-20.28221,-21.91001,-21.37196
124.9,-18.57297,-6.0412,-20.20728,-21.87699,-21.36135
125,-18.61544,-5.73285,-20.12059,-21.86261,-21.35393
125.1,-18.66739,-4.98812,-20.01907,-21.81962,-21.37221
125.2,-18.47727,-5.1476,-19.99838,-21.92169,-21.36647
125.3,-18.5334,-4.9054,-20.13218,-21.91571,-21.37307
125.4,-18.47445,-5.46966,-20.03695,-21.90363,-21.38993
125.5,-18.24891,-5.57315,-20.0723,-21.90493,-21.40394
125.6,-18.28286,-6.43992,-19.97217,-21.91413,-21.40857
125.7,-18.34668,-7.28884,-19.88987,-21.90062,-21.4151
125.8,-18.13747,-7.58414,-19.90364,-21.90347,-21.4023
125.9,-18.03547,-6.65844,-19.79918,-21.90628,-21.40381
126,-17.91675,-5.54594,-19.80492,-21.90803,-21.38876
126.1,-17.94425,-4.73953,-19.72774,-21.88423,-21.3937
126.2,-17.84908,-5.39576,-19.61114,-21.84517,-21.40578
126.3,-17.5661,-5.82874,-19.49342,-21.81721,-21.40672
126.4,-17.3697,-4.98204,-19.36047,-21.77391,-21.40818
126.5,-17.28801,-5.09536,-19.17525,-21.87438,-21.40924
126.6,-17.16618,-5.82595,-19.26726,-21.87222,-21.41083
126.7,-17.18977,-5.95777,-19.07656,-21.87837,-21.40009
126.8,-16.90281,-6.37888,-19.02865,-21.87177,-21.40744
126.9,-16.68908,-5.5698,-18.92946,-21.87495,-21.40494
127,-16.52069,-5.90193,-18.82948,-21.85399,-21.40311
127.1,-16.5864,-6.74819,-18.83418,-21.84837,-21.40215
127.2,-16.50847,-7.26148,-18.88123,-21.82533,-21.40926
127.3,-16.76025,-6.44556,-18.65861,-21.82085,-21.41783
127.4,-16.51528,-6.96547,-18.53278,-21.80131,-21.41287
127.5,-16.49554,-6.22031,-18.36282,-21.78514,-21.40563
127.6,-16.43071,-5.54277,-18.461,-21.7729,-21.40426
127.7,-16.19624,-5.06843,-18.54307,-21.77234,-21.4024
127.8,-16.26113,-4.63373,-18.40633,-21.76593,-21.40523
127.9,-16.14286,-3.9077,-18.24346,-21.74214,-21.41381
128,-16.77764,-5.00302,-18.03537,-21.73198,-21.40254
128.1,-16.54952,-6.53735,-18.10746,-21.72115,-21.39848
128.2,-16.44634,-7.36486,-17.79086,-21.71083,-21.39552
128.3,-16.31515,-7.55261,-17.35871,-21.69864,-21.37212
128.4,-16.2483,-6.68343,-17.33399,-21.67297,-21.36544
128.5,-16.06937,-6.26268,-17.28794,-21.65656,-21.36865
128.6,-15.86705,-5.94618,-17.46481,-21.64516,-21.36804
128.7,-15.62231,-5.6278,-17.50508,-21.63101,-21.37081
128.8,-15.43763,-6.03106,-17.58386,-21.62225,-21.38348
128.9,-15.10416,-6.52162,-17.41923,-21.59665,-21.38442
129,-15.23504,-5.41819,-17.05493,-21.58175,-21.36234
129.1,-14.9374,-5.19145,-16.79604,-21.5683,-21.36863
129.2,-14.72094,-5.43995,-16.84047,-21.56803,-21.35289
129.3,-14.62478,-6.07405,-16.72035,-21.54182,-21.34832
129.4,-14.13476,-5.71562,-16.58852,-21.50679,-21.34262
129.5,-14.55562,-6.09549,-16.6949,-21.45909,-21.34728
129.6,-14.38286,-7.8631,-16.61039,-21.52535,-21.35105
129.7,-14.54681,-7.28973,-16.68786,-21.50578,-21.35395
129.8,-14.35207,-6.97551,-16.68757,-21.4892,-21.35536
129.9,-14.32224,-6.68591,-16.83864,-21.45843,-21.35786
130,-14.33336,-5.52804,-16.86108,-21.41294,-21.35414
130.1,-14.50808,-5.97819,-16.68868,-21.35242,-21.3638
130.2,-14.33094,-6.35566,-16.26784,-21.45477,-21.34488
130.3,-13.95558,-6.33221,-16.31419,-21.45069,-21.34924
130.4,-13.57416,-4.79314,-16.39449,-21.42445,-21.35279
130.5,-13.06047,-4.37804,-16.0933,-21.41661,-21.33302
130.6,-12.99899,-6.26506,-16.07764,-21.38305,-21.34469
130.7,-12.63052,-6.97969,-15.85803,-21.35171,-21.33257
130.8,-13.47914,-6.56954,-15.60183,-21.32065,-21.32516
130.9,-13.04572,-6.6444,-15.30712,-21.27741,-21.32485
131,-12.47833,-6.05506,-15.4963,-21.26371,-21.31835
131.1,-11.97065,-7.32566,-15.19055,-21.20776,-21.31776
131.2,-12.49859,-7.03064,-15.333,-21.19058,-21.31417
131.3,-11.51759,-6.68051,-14.6924,-21.16466,-21.32071
131.4,-11.21197,-6.10102,-14.41339,-21.12927,-21.32199
131.5,-11.12593,-6.13005,-14.13729,-21.06287,-21.31921
131.6,-11.674,-5.33516,-14.25461,-21.00831,-21.33531
131.7,-11.60905,-5.68544,-13.76322,-20.96979,-21.32252
131.8,-11.31716,-6.50062,-13.48519,-20.90065,-21.29855
131.9,-10.4814,-6.38479,-13.91631,-20.82881,-21.28807
132,-10.13055,-6.34211,-13.88523,-20.73366,-21.28855
132.1,-9.63641,-6.977,-13.43192,-20.62949,-21.26975
132.2,-9.58124,-6.60701,-13.60959,-20.65948,-21.28656
132.3,-9.26894,-7.03555,-13.8716,-20.69167,-21.28163
132.4,-9.39961,-6.86651,-13.36785,-20.74752,-21.27785
132.5,-8.91642,-6.76843,-12.86963,-20.7009,-21.25522
132.6,-8.45228,-6.77842,-12.52356,-20.64141,-21.24409
132.7,-8.0198,-5.43255,-12.81744,-20.57824,-21.24876
132.8,-7.32053,-6.05464,-12.24025,-20.52572,-21.24375
132.9,-7.28508,-5.64661,-12.08453,-20.44222,-21.23222
133,-6.96497,-6.6207,-12.02168,-20.34474,-21.22294
133.1,-7.23995,-7.18679,-11.61099,-20.3463,-21.21418
133.2,-8.11601,-6.88027,-11.11402,-20.38237,-21.21193
133.3,-7.70808,-7.3974,-11.00394,-20.30865,-21.21222
133.4,-7.16629,-7.25829,-10.95311,-20.23606,-21.21154
133.5,-6.80389,-7.21655,-10.63272,-20.16607,-21.20955
133.6,-6.81826,-6.28561,-10.22232,-20.07258,-21.21548
133.7,-6.53183,-6.50129,-10.03224,-19.97376,-21.22458
133.8,-7.34475,-6.33307,-9.94547,-19.85401,-21.2255
133.9,-6.54849,-6.01366,-9.89595,-19.71876,-21.20531
134,-6.06135,-6.29922,-9.47318,-19.54792,-21.18128
134.1,-6.127,-5.86239,-9.15467,-19.49803,-21.15364
134.2,-5.95811,-6.98656,-8.87611,-19.31354,-21.13829
134.3,-5.48449,-6.87482,-8.77291,-19.31996,-21.13924
134.4,-4.76179,-6.6708,-9.3889,-19.08756,-21.1355
134.5,-5.5347,-6.93022,-8.51612,-19.21504,-21.13364
134.6,-5.33332,-6.40992,-7.87758,-19.22241,-21.13935
134.7,-5.46509,-6.67216,-7.33179,-19.29177,-21.12504
134.8,-6.01329,-6.11052,-6.91639,-19.08976,-21.10079
134.9,-6.26843,-6.96916,-6.91791,-18.9987,-21.08093
135,-5.88448,-6.89043,-6.28905,-18.92729,-21.0611
135.1,-5.25195,-6.3965,-6.39519,-18.68797,-21.05016
135.2,-4.95112,-6.64867,-6.66241,-18.69333,-21.0438
135.3,-5.11396,-7.37115,-6.93946,-18.45312,-21.03836
135.4,-4.22764,-7.83474,-6.78983,-18.30222,-21.02689
135.5,-4.68744,-7.02735,-7.03999,-17.98122,-21.01551
135.6,-4.53872,-6.94159,-6.35233,-17.86621,-20.99
135.7,-4.01649,-6.25614,-6.58369,-17.83624,-20.97745
135.8,-4.95393,-6.87785,-5.27409,-17.67512,-20.96727
135.9,-4.78632,-8.06687,-4.98149,-17.39026,-20.96779
136,-4.60322,-6.85006,-5.05248,-17.14466,-20.95647
136.1,-3.696,-6.51001,-5.5876,-17.16385,-20.94868
136.2,-4.54809,-5.80706,-6.29511,-16.73041,-20.93872
136.3,-4.10887,-6.28261,-4.94932,-16.42366,-20.92977
136.4,-4.08228,-6.47862,-4.87083,-16.55469,-20.93623
136.5,-3.69029,-6.3879,-5.56927,-16.5657,-20.91307
136.6,-3.66542,-7.32123,-4.79802,-16.61484,-20.89233
136.7,-3.59158,-7.96188,-5.79243,-16.76928,-20.879
136.8,-3.14964,-7.27787,-6.03043,-16.47389,-20.8845
136.9,-3.56088,-7.01087,-4.55197,-15.95518,-20.88647
137,-3.48254,-5.56139,-4.34997,-15.4874,-20.87816
137.1,-3.46696,-6.60944,-3.23761,-16.09156,-20.86677
137.2,-2.77118,-6.59882,-4.65988,-15.86597,-20.86475
137.3,-3.12898,-7.09697,-3.91292,-15.74824,-20.85941
137.4,-3.34068,-6.36636,-5.01664,-15.58871,-20.86744
137.5,-2.74468,-6.30285,-4.45988,-15.4363,-20.86114
137.6,-3.17323,-5.79899,-3.63083,-15.07884,-20.87239
137.7,-2.89365,-5.2563,-4.37608,-14.94086,-20.85305
137.8,-1.7386,-5.33111,-3.6606,-15.2174,-20.84775
137.9,-2.2761,-5.81874,-4.16413,-14.72901,-20.83479
138,-2.42941,-7.1074,-4.04856,-14.80813,-20.80795
138.1,-2.92957,-6.12167,-2.98946,-14.02713,-20.79545
138.2,-1.76862,-6.48821,-2.91718,-14.19485,-20.7787
138.3,-2.63623,-6.30601,-2.87377,-14.15069,-20.78846
138.4,-2.30023,-5.91406,-3.25732,-13.92517,-20.77515
138.5,-1.49937,-5.63922,-4.49745,-13.49127,-20.75309
138.6,-1.92586,-6.59121,-3.39389,-13.20252,-20.72643
138.7,-1.62189,-6.5678,-2.9288,-13.74693,-20.68782
138.8,-2.25893,-5.25751,-2.41055,-13.54853,-20.6664
138.9,-0.96837,-5.46148,-2.53383,-13.38027,-20.62542
139,-1.74021,-5.81136,-2.36816,-13.48265,-20.60778
139.1,-2.01862,-6.08936,-3.0509,-13.39924,-20.59753
139.2,-2.41582,-6.76759,-2.67242,-13.01273,-20.5511
139.3,-0.97533,-6.78257,-2.38075,-12.40767,-20.5325
139.4,-1.17638,-6.2592,-2.19286,-12.28857,-20.49595
139.5,-0.51069,-5.33484,-3.01957,-12.24736,-20.4624
139.6,-1.94096,-4.2427,-1.87384,-11.66968,-20.43833
139.7,-1.14203,-5.21398,-1.64894,-11.72453,-20.4209
139.8,-0.96029,-5.99051,-1.69667,-11.50696,-20.40144
139.9,-0.57908,-5.839,-2.28391,-10.53377,-20.36528
140,-0.98856,-4.63425,-2.49451,-10.63129,-20.34261
140.1,-0.5835,-4.87441,-1.54495,-9.77072,-20.31131
140.2,-1.66659,-4.12783,-1.86025,-9.78034,-20.27024
140.3,0.18852,-5.12208,-0.94495,-9.24352,-20.21087
140.4,-1.36524,-4.90145,-2.80555,-8.98707,-20.17686
140.5,-0.59208,-5.28669,-0.76046,-9.49829,-20.11802
140.6,-0.39556,-4.45602,-0.92433,-8.95603,-20.06612
140.7,-0.05922,-4.68519,-1.25956,-8.01325,-20.02282
140.8,-0.74996,-5.12928,-0.91879,-8.97401,-19.95596
140.9,-0.67399,-5.55284,-1.51986,-7.90327,-19.89385
141,-0.76857,-4.67238,-1.61189,-7.76817,-19.82925
141.1,0.75272,-4.71715,-0.33617,-7.8155,-19.76382
141.2,-0.33543,-4.00587,-1.46244,-6.71897,-19.69488
141.3,-0.31639,-4.80172,-0.45145,-5.56953,-19.59382
141.4,-1.01091,-5.07426,-1.08913,-6.18266,-19.62698
141.5,0.39945,-5.44556,0.33087,-5.25952,-19.55348
141.6,0.47397,-4.32342,-0.5652,-5.43632,-19.46945
141.7,0.68696,-3.90232,-1.07911,-5.43487,-19.37502
141.8,-1.37775,-4.80993,-0.76334,-6.6469,-19.27811
141.9,-0.14328,-5.0256,0.33429,-6.55661,-19.16741
142,0.39743,-4.9414,-0.48424,-6.46395,-19.03482
142.1,1.98495,-4.46698,-0.32119,-6.48068,-18.90586
142.2,-0.856,-3.87741,-0.89875,-4.95592,-18.74682
142.3,-0.05207,-4.96572,0.64812,-4.4207,-18.6898
142.4,-0.39781,-5.20177,0.43475,-4.13965,-18.50887
142.5,1.77562,-5.18607,-0.28122,-4.6379,-18.42445
142.6,0.2365,-5.2763,-0.9072,-4.57949,-18.3267
142.7,0.05578,-4.80259,0.92443,-5.17939,-18.10264
142.8,-0.26282,-4.19881,0.88242,-5.49524,-17.93525
142.9,1.18438,-4.45753,0.07897,-4.52026,-17.85427
143,-0.13273,-5.00639,-0.70378,-4.63521,-17.88816
143.1,1.63873,-4.91153,1.12334,-4.58314,-17.69576
143.2,-0.43921,-3.39519,1.29522,-3.49979,-17.6143
143.3,1.1176,-4.03752,0.16768,-4.66127,-17.36503
143.4,-0.38701,-4.08554,-0.38494,-3.78219,-17.23675
143.5,1.53788,-4.53796,1.63641,-4.13343,-16.86731
143.6,0.76898,-4.23799,0.80769,-3.64354,-17.25427
143.7,1.59087,-4.44464,0.79865,-3.2073,-17.12939
143.8,-0.76068,-4.70147,-0.04922,-4.4753,-16.9583
143.9,0.54495,-5.02901,1.13601,-4.18153,-16.62498
144,1.45638,-3.38841,0.70257,-2.98062,-16.49765
144.1,2.10463,-4.01118,1.38452,-2.70621,-16.38227
144.2,-0.25919,-5.5089,-0.42977,-2.95693,-16.12095
144.3,1.17284,-5.41159,1.24322,-3.03958,-16.07153
144.4,0.58044,-4.47821,0.88642,-3.80037,-15.85354
144.5,2.11539,-5.50391,1.18894,-3.14518,-15.3535
144.6,0.7711,-4.42439,0.26747,-2.32825,-14.82975
144.7,0.49726,-5.03851,2.30106,-2.00214,-14.8272
144.8,0.69757,-4.50872,0.27302,-2.6074,-14.90524
144.9,2.91597,-4.33162,1.60024,-2.2203,-14.44176
145,-0.32715,-4.69831,1.26302,-1.85297,-14.44354
145.1,1.30901,-5.01987,2.07679,-2.05615,-14.28526
145.2,1.58596,-3.42204,0.39413,-2.718,-14.1299
145.3,1.89316,-4.95976,2.27131,-2.39389,-13.47807
145.4,0.40207,-5.56171,0.89837,-0.42253,-13.92969
145.5,1.5891,-5.50798,2.10959,-1.03814,-13.71284
145.6,1.63163,-5.04899,0.91013,-1.1862,-13.30771
145.7,2.05866,-5.35192,1.4388,-3.27342,-12.78821
145.8,0.59016,-4.18416,1.09579,-0.9394,-12.53111
145.9,1.08977,-5.62942,2.75133,-1.25185,-11.73106
146,1.79333,-5.05463,0.29613,-1.09457,-11.91128
146.1,2.46388,-4.02127,2.06933,-1.88367,-11.98727
146.2,0.06575,-5.07033,2.21568,0.20585,-11.45622
146.3,1.66045,-5.75869,2.29275,-0.78481,-11.76752
146.4,2.17069,-4.26509,1.08526,-0.41019,-11.19775
146.5,1.15641,-5.01711,2.63481,-1.91781,-11.0801
146.6,1.11768,-5.15812,1.74186,-0.98193,-10.99915
146.7,1.8681,-4.9295,2.55068,0.70587,-10.74649
146.8,1.25731,-5.30384,1.73285,-0.27803,-10.77769
146.9,1.68189,-5.20516,2.17834,-1.00809,-10.1048
147,1.04747,-4.09357,2.39505,-0.28903,-9.65964
147.1,1.10141,-5.73272,3.28671,0.51146,-9.16464
147.2,2.02404,-6.09885,1.01149,0.15194,-8.85926
147.3,2.30727,-3.71831,2.16574,0.0146,-8.08724
147.4,0.04838,-4.57483,3.32157,0.12888,-9.68036
147.5,1.24715,-6.23377,2.51136,0.10087,-8.70508
147.6,2.89196,-4.35274,1.68448,0.70351,-7.834
147.7,1.65924,-4.5555,2.67767,0.81758,-8.30183
147.8,0.59593,-4.92395,2.67435,0.45265,-7.97864
147.9,1.60619,-4.61085,3.15863,1.24888,-7.84357
148,1.80603,-5.20052,2.23509,-0.24336,-7.39464
148.1,2.07975,-4.81463,2.29157,1.35366,-6.70937
148.2,1.70213,-3.98362,2.60361,0.0307,-5.93321
148.3,0.26087,-4.70431,3.69964,1.52608,-6.6232
148.4,1.71768,-4.48458,2.01756,0.97105,-6.91672
148.5,3.10244,-3.88376,2.57603,1.49199,-6.31774
148.6,0.90911,-4.11925,3.86695,0.33346,-6.01013
148.7,1.02544,-4.05844,2.9081,1.64696,-6.14471
148.8,2.88956,-3.87723,2.44796,1.34026,-6.29932
148.9,1.37743,-4.55183,2.76893,2.00458,-5.08035
149,1.07244,-3.82286,3.54404,1.15794,-5.06987
149.1,2.47085,-4.57012,2.88772,2.67989,-4.63923
149.2,1.90887,-4.40266,3.05613,1.28411,-5.25539
149.3,1.99747,-3.87637,2.8246,2.07864,-4.72791
149.4,2.31279,-3.6407,3.28219,1.72234,-4.40528
149.5,0.77627,-4.55653,3.09661,2.73531,-4.2463
149.6,2.6747,-3.50004,3.45554,1.14413,-4.14937
149.7,3.00654,-4.16113,1.92712,2.47552,-4.04244
149.8,1.27619,-4.14255,4.22491,1.75946,-4.3892
149.9,1.83923,-3.81101,3.33789,2.63922,-4.18842
150,3.33417,-4.01697,2.96869,1.7083,-3.63701
150.1,1.22812,-4.39691,3.03148,2.32086,-3.24491
150.2,1.69985,-3.18015,3.58587,1.64106,-2.85017
150.3,3.0453,-4.19633,2.65978,2.6553,-3.01939
150.4,2.14325,-3.54257,3.95002,2.64541,-2.94443
150.5,2.26517,-2.87308,2.60326,1.85861,-4.06723
150.6,2.37632,-3.64474,3.34888,2.19409,-2.93566
150.7,1.54392,-3.34278,3.11845,3.37561,-2.15388
150.8,3.15281,-2.01302,4.30222,2.32293,-2.62663
150.9,2.28038,-3.8506,1.59943,2.61982,-2.05684
151,1.39751,-2.60189,4.28712,3.19366,-2.19497
151.1,2.52467,-3.05421,3.62347,2.61854,-2.92192
151.2,3.06493,-3.97887,2.78291,3.2902,-1.80078
151.3,2.36336,-3.187,3.21016,3.38916,-1.63972
151.4,2.32987,-2.48011,3.77961,2.38744,-1.67301
151.5,2.24093,-3.55507,2.00645,3.88361,-2.17843
151.6,2.90904,-2.51251,5.00009,3.91159,-0.32595
151.7,1.9704,-1.80258,2.43095,2.88322,-1.75194
151.8,3.06287,-3.17476,3.1423,3.81649,-1.63647
151.9,2.07905,-2.70873,2.93064,4.49275,-1.27028
152,2.50138,-0.96125,3.26282,3.45127,-0.41931
152.1,2.48495,-3.05157,2.76757,4.13556,-0.64948
152.2,2.29415,-2.65225,4.99416,4.0942,-0.72967
152.3,1.97268,-1.5731,2.3033,3.7918,-1.29001
152.4,3.26021,-3.29815,3.17463,4.34377,0.37962
152.5,2.24941,-2.70752,2.61862,4.72148,-0.18006
152.6,2.59798,-1.37651,4.53643,3.83139,-0.23794
152.7,2.14997,-3.36757,2.93897,4.75702,-0.02312
152.8,2.74521,-2.44296,4.71465,4.54312,0.18384
152.9,1.47762,-1.55236,2.20203,4.18689,-0.20368
153,2.69318,-2.09128,3.70009,4.41694,0.28
153.1,2.073,-2.33887,4.28127,4.81196,0.85744
153.2,3.0302,-0.29456,3.94015,4.17239,0.80396
153.3,2.23157,-1.84479,2.63868,4.71538,-0.32297
153.4,2.48682,-1.28712,5.16202,4.20337,0.39282
153.5,1.31188,-0.70104,2.77656,4.87704,0.87583
153.6,3.02367,-0.69614,4.78129,4.14587,1.49256
153.7,1.96202,-1.64199,3.12342,4.40531,1.16846
153.8,2.97867,-0.07799,4.56417,4.27805,0.62503
153.9,1.30138,-1.39455,3.71894,4.75857,1.18355
154,2.53747,-0.3299,5.37404,4.47778,2.19207
154.1,2.32042,-0.22817,3.65014,4.63067,1.35493
154.2,2.77594,-0.36212,5.18374,3.65001,1.50515
154.3,1.69728,-0.87942,4.3463,4.34615,1.31579
154.4,3.05851,0.3726,5.3672,5.00351,2.50716
154.5,0.54216,-0.95925,4.00788,4.48654,2.83975
154.6,2.07266,-0.12197,6.13285,3.80167,1.87374
154.7,1.77873,0.31895,3.73245,4.4799,1.55327
154.8,3.33283,0.86302,6.42312,4.71231,3.63176
154.9,1.63265,0.39722,4.26332,4.69713,2.79549
155,2.98573,1.32744,5.98923,3.99991,2.68566
155.1,1.69854,0.16907,5.42294,4.79195,2.37126
155.2,3.02204,1.32607,6.22193,4.58928,3.41954
155.3,1.22204,1.42048,5.14518,4.8063,3.26749
155.4,2.24718,1.5516,6.54214,4.68863,2.65801
155.5,1.55017,1.27346,4.02876,4.89304,2.36385
155.6,3.72688,2.15917,7.17786,4.85304,3.89238
155.7,2.31469,1.72293,5.85771,4.91561,3.51917
155.8,3.1228,2.21177,7.63372,4.29688,3.58248
155.9,2.58242,2.14424,5.10835,5.46481,3.28077
156,2.48215,2.55854,7.14505,5.04015,3.52573
156.1,2.3364,2.14365,5.26933,4.92245,3.83916
156.2,3.88026,2.54484,7.21058,4.94096,3.94024
156.3,1.87599,2.68817,6.75044,5.43143,3.68695
156.4,3.19644,3.38149,7.7805,5.29236,3.85858
156.5,3.08393,3.17074,5.81171,5.66961,4.06328
156.6,3.26976,3.78351,7.62501,5.22995,4.22907
156.7,2.66844,2.86698,6.11076,5.87506,3.91009
156.8,4.43216,4.12637,8.607,5.91018,4.2709
156.9,2.55075,3.77379,6.41725,5.97551,3.88791
157,3.37006,3.83631,7.76504,5.63042,4.92297
157.1,3.1433,3.81533,6.32102,6.66208,4.08431
157.2,4.15866,4.02709,8.88906,5.8857,5.07186
157.3,3.55924,4.33063,7.12291,6.17502,4.50775
157.4,3.28358,5.1059,9.07807,6.44543,4.93774
157.5,2.72417,4.90477,7.22212,6.89981,4.33411
157.6,3.99349,5.03499,9.26578,6.32572,5.67804
157.7,3.93033,5.37723,6.98954,6.58423,4.42449
157.8,4.31436,5.45876,9.45036,6.50713,5.35348
157.9,3.77363,5.07377,7.08649,7.39657,4.90355
158,4.18315,5.11258,9.87428,6.4515,5.62953
158.1,3.15928,5.33299,8.23332,7.36066,4.07487
158.2,3.96075,5.25525,9.26214,6.52885,6.00193
158.3,3.94081,5.32874,7.86731,7.83714,5.02242
158.4,4.67926,5.63917,8.8039,6.54939,5.32461
158.5,4.28047,6.09151,7.97944,7.24311,5.23556
158.6,4.79031,6.34052,9.33495,6.9792,5.92923
158.7,4.62416,6.60546,8.10058,8.48759,4.74878
158.8,4.82326,6.51725,9.43442,6.8496,6.19543
158.9,4.96732,6.40724,8.18665,7.97505,4.7821
159,4.37407,7.11377,8.67842,6.97468,5.79607
159.1,4.33486,6.90544,8.40647,8.57787,5.36767
159.2,4.1318,6.53741,9.53332,7.49426,5.09684
159.3,4.73194,6.98993,7.89723,8.72722,5.46014
159.4,5.14333,6.37283,8.47031,6.97551,5.50484
159.5,5.14882,6.6492,7.61253,9.0645,5.47935
159.6,6.35244,6.72645,9.83951,7.59184,5.37376
159.7,5.61032,6.68432,8.83431,8.88019,4.89578
159.8,4.70527,7.48161,8.84692,8.24478,6.1699
159.9,4.47116,7.59293,7.37959,9.2559,5.59973
160,5.41439,6.93523,8.1692,7.847,5.39092
160.1,5.1479,6.89663,8.46973,9.20486,4.95045
160.2,5.8687,7.17656,8.19652,8.66362,6.43105
160.3,5.65457,7.69922,8.61442,9.81132,4.74183
160.4,6.1052,7.55979,9.47045,7.86509,5.80849
160.5,5.50424,7.31724,7.82508,10.12419,5.64861
160.6,6.09214,7.68238,8.04884,8.55795,6.09938
160.7,6.07013,7.57399,7.83259,10.37516,5.23111
160.8,7.07917,7.63327,8.47229,8.77269,6.57328
160.9,6.18576,6.47028,8.43087,9.63205,5.45029
161,5.68804,7.56233,8.04012,9.5353,6.34305
161.1,5.4028,6.43973,8.41102,10.14282,6.27751
161.2,6.59738,7.29624,8.21699,8.79754,6.10345
161.3,6.84382,7.35179,7.35175,10.51906,5.43762
161.4,7.91752,7.85398,7.14891,9.17993,7.88302
161.5,6.61969,7.54392,7.19553,10.87836,5.25667
161.6,7.044,7.19803,8.20627,8.84729,6.81615
161.7,6.35235,6.36436,7.26468,10.63767,6.52654
161.8,7.24803,7.22655,7.92029,9.22565,6.883
161.9,6.88959,6.63911,6.92974,10.27383,6.17099
162,7.37171,6.3242,7.89332,9.13897,8.05911
162.1,7.32171,6.86144,7.43304,10.11711,5.39517
162.2,7.89449,7.24298,7.39289,8.44902,7.68591
162.3,6.70826,5.95924,6.7567,10.09243,7.03761
162.4,7.99664,6.28898,7.13592,8.78484,7.09521
162.5,6.15152,6.68095,6.90204,10.10784,6.51026
162.6,7.48668,6.76822,8.56391,8.02905,8.54221
162.7,6.79293,7.47426,7.38679,9.7973,6.20131
162.8,8.11531,6.6752,8.60735,8.88037,7.82616
162.9,6.98885,7.76514,7.32864,10.19112,7.5589
163,7.77838,6.39434,8.33634,8.83287,7.96053
163.1,7.01182,6.74208,6.71634,9.07379,7.07376
163.2,7.86954,6.19746,8.19788,8.84562,8.75804
163.3,7.15537,7.61985,7.2577,9.58485,6.88727
163.4,8.50586,7.12087,8.07097,8.85915,8.79735
163.5,6.96361,7.72579,6.93819,9.88385,7.8706
163.6,7.55267,7.35647,8.25285,8.07103,8.5153
163.7,7.00725,7.61695,7.97951,9.54703,7.66009
163.8,7.77174,6.75923,8.89258,8.13257,9.34518
163.9,7.19491,6.63724,7.20744,9.05548,7.34013
164,7.35917,6.69728,8.72568,8.8824,9.24791
164.1,7.14286,7.83742,7.9444,9.10249,8.17267
164.2,7.53347,7.5052,8.86119,7.12944,9.14343
164.3,7.70357,7.97957,7.9866,8.52234,8.38594
164.4,7.39778,7.88871,9.36382,7.98774,9.374
164.5,7.51602,7.45368,9.02134,8.66319,7.68474
164.6,8.04039,7.35225,9.53911,7.90229,9.70876
164.7,7.9189,8.11063,9.04193,8.05685,8.75788
164.8,7.71844,7.91742,9.54134,7.80476,8.97728
164.9,7.72625,8.22743,8.84563,8.30427,8.63388
165,7.19369,8.36173,9.25466,7.54915,10.15823
165.1,8.07834,8.64565,9.6192,7.8057,8.35918
165.2,6.67069,8.34844,9.9928,8.37168,10.06345
165.3,7.88991,8.66582,10.06597,8.71569,8.81973
165.4,6.31438,8.80869,9.20719,7.874,9.72948
165.5,7.10733,9.49586,9.62289,8.14256,9.51496
165.6,6.12049,9.34933,10.7948,8.13157,10.17249
165.7,7.21538,8.96019,10.48783,8.09379,8.82176
165.8,6.66145,9.37123,10.78993,8.5764,10.37718
165.9,7.98977,10.27554,10.44302,8.45949,9.4712
166,5.34076,10.22588,10.95936,8.99703,9.73509
166.1,7.07402,9.8314,11.08542,9.00684,10.03238
166.2,6.55065,10.62217,11.33763,8.38378,10.17869
166.3,7.06243,10.60551,11.40166,9.11789,9.45359
166.4,6.51853,10.35531,11.44521,9.03373,10.70558
166.5,7.39164,10.85058,11.49221,9.00612,9.75353
166.6,5.89161,11.11963,11.95759,8.45723,10.1038
166.7,6.5644,