0,-2.44051,0,-3.23983,0,0
0.1,-0.16119,-9.95058,-5.58577,0,0
0.2,-7.31354,0,0,0,0
0.3,0,-6.71686,0,0,0
0.4,0,-4.13854,0,0,0
0.5,0,0,-14.9803,0,0
0.6,-0.76777,-18.91404,0,0,0
0.7,0,-0.01,-1.42162,0,0
0.8,-5.00869,0,-1.62841,0,0
0.9,0,-0.79949,-18.56385,0,0
1,0,-15.77644,-4.16374,0,0
1.1,-4.71399,0,0,0,0
1.2,-12.66216,-0.66248,-4.30182,0,0
1.3,-5.4596,0,-4.60529,0,0
1.4,0,0,0,0,0
1.5,-0.74322,0,-5.96079,0,0
1.6,0,0,-19.27548,0,0
1.7,-14.65459,-3.49865,-1.26515,0,0
1.8,-15.21881,0,-8.93642,0,0
1.9,0,-1.52857,-10.54914,0,0
2,0,-1.37192,-2.48319,0,0
2.1,0,0,0,0,0
2.2,0,0,-8.29061,0,0
2.3,0,-3.06333,-7.90044,0,0
2.4,0,-8.74513,-4.34412,0,0
2.5,-3.95739,-5.02377,-6.1279,0,0
2.6,-10.23682,-1.98278,-2.53661,0,0
2.7,-1.63154,0,0,0,0
2.8,-0.02202,-2.72278,0,0,0
2.9,-7.23136,0,-2.50601,0,0
3,-7.97198,0,0,0,0
3.1,-1.16032,0,0,0,0
3.2,-1.82097,-2.38934,-16.35664,0,0
3.3,0,0,0,0,0
3.4,0,-1.86217,0,0,0
3.5,0,-5.00433,-1.85831,0,0
3.6,0,-4.93215,-13.71265,0,0
3.7,-4.62483,-6.76829,-7.31324,0,0
3.8,-8.84815,-0.11727,-9.72013,0,0
3.9,0,0,0,0,0
4,-7.99548,-6.77524,0,0,0
4.1,-5.71702,-9.60598,-10.35911,0,0
4.2,0,-4.65424,-0.54945,0,0
4.3,0,-4.08295,0,0,0
4.4,-2.53584,0,0,0,0
4.5,-9.86613,-6.88013,-2.30264,0,0
4.6,0,-8.52854,0,0,0
4.7,-2.48233,-8.42495,0,0,0
4.8,-8.35707,0,-7.2827,0,0
4.9,0,0,0,0,0
5,-3.91958,-11.46676,0,0,0
5.1,-2.05913,-12.34046,0,0,0
5.2,-8.25516,-5.14212,0,0,0
5.3,-0.38947,-6.2349,0,0,0
5.4,-8.57178,0,-2.57345,0,0
5.5,-2.97059,0,-7.01841,0,0
5.6,-2.50688,-0.16336,-6.07282,0,0
5.7,-10.4248,-6.61337,0,0,0
5.8,-8.98085,-5.14109,0,0,0
5.9,-18.84561,-4.82891,0,0,0
6,-3.23573,0,0,0,0
6.1,0,-8.58345,-9.75235,0,0
6.2,-26.83294,0,-10.92959,0,0
6.3,-4.91472,0,0,0,0
6.4,-8.36554,0,-18.40462,0,0
6.5,0,-3.9269,-5.07721,0,0
6.6,-0.39246,0,0,0,0
6.7,-10.47864,-2.30969,0,0,0
6.8,-16.60649,-7.1901,0,0,0
6.9,0,0,0,0,0
7,0,0,0,0,0
7.1,-5.39294,0,0,0,0
7.2,0,-3.7003,0,0,0
7.3,0,-13.59951,-0,0,0
7.4,-4.52107,-0.03846,-1.82719,0,0
7.5,0,-0.05484,-6.97382,0,0
7.6,-8.8068,-0.06957,-18.45755,0,0
7.7,0,-1.94306,-0.08082,0,0
7.8,0,-0.09465,-0.09618,0,0
7.9,0,-0.10529,-2.40794,0,0
8,0,-0.21214,-7.99885,0,0
8.1,-11.22253,-0.30823,-7.60611,0,0
8.2,-11.39491,-5.64763,-0.14329,0,0
8.3,-4.47446,-0.47218,-0.15214,0,0
8.4,-1.53736,-5.72995,-0.16004,0,0
8.5,0,-0.60422,-0.16707,0,0
8.6,0,-5.52038,-0.17332,0,0
8.7,0,-5.29879,-3.10325,0,0
8.8,-17.27593,-0.75486,-0.61032,0,0
8.9,-6.14555,-6.25422,-1.73961,0,0
9,0,-0.83028,-0.19191,0,0
9.1,0,-1.79462,-0.19525,0,0
9.2,0,-4.80434,-10.66474,0,0
9.3,0,-1.37393,-4.83434,0,0
9.4,-2.87515,-3.55643,-5.11556,0,0
9.5,-5.88034,-1.63968,-0.71093,0,0
9.6,-1.06468,-0.97286,-0.20633,0,0
9.7,-2.3762,-0.98762,-0.20766,0,0
9.8,0,-5.47633,-4.30759,0,0
9.9,-3.45412,-1.01151,-7.39197,0,0
10,-2.63443,-1.021,-2.43683,0,0
10.1,-8.64693,-1.02905,-5.09394,0,0
10.2,-5.82377,-1.03582,-0.21125,0,0
10.3,0,-28.88706,-0.21149,0,0
10.4,-7.59479,-1.04596,-17.58437,0,0
10.5,0,-1.04956,-3.05813,0,0
10.6,-14.31703,-12.9743,-0.21152,0,0
10.7,-3.03309,-3.47128,-0.21133,0,0
10.8,-3.91821,-1.05554,-5.10196,0,0
10.9,-0.62979,-1.05618,-0.21072,0,0
11,0,-13.2842,-4.09987,0,0
11.1,0,-14.20494,-11.12099,0,0
11.2,-8.71411,-6.84518,-0.20932,0,0
11.3,0,-16.36204,-0.20875,0,0
11.4,-21.68773,-1.2964,-5.04224,0,0
11.5,-3.76696,-10.42666,-0.2075,0,0
11.6,-7.91932,-1.41665,-0.20681,0,0
11.7,-9.75665,-1.46697,-8.99369,0,0
11.8,-0.06307,-2.0474,-0.20536,0,0
11.9,-1.14414,-5.4328,-4.80196,0,0
12,-5.01444,-1.85308,-10.69097,0,0
12.1,-0.10886,-1.61634,-0.20301,0,0
12.2,-8.66241,-1.64308,-0.20219,0,0
12.3,-22.87329,-6.64734,-14.36774,0,0
12.4,-6.0337,-1.68656,-0.20051,0,0
12.5,-0.15061,-9.20944,-0.19966,0,0
12.6,-1.1149,-1.71876,-0.19879,0,0
12.7,-7.54089,-1.7313,-0.19792,0,0
12.8,-0.17157,-1.74177,-0.19704,0,0
12.9,-0.17706,-10.25283,-0.19615,0,0
13,-0.18192,-6.2815,-0.19526,0,0
13.1,-0.18621,-6.602,-1.24577,0,0
13.2,-2.4697,-10.07655,-0.19347,0,0
13.3,-0.19329,-9.89044,-7.01265,0,0
13.4,-0.19617,-6.58507,-0.19166,0,0
13.5,-4.57488,-2.02539,-0.19076,0,0
13.6,-0.20083,-8.57552,-10.89825,0,0
13.7,-0.20268,-2.15332,-1.30924,0,0
13.8,-0.20425,-4.9961,-1.11431,0,0
13.9,-0.20557,-2.25313,-0.18715,0,0
14,-8.59231,-2.29414,-0.18624,0,0
14.1,-0.20754,-2.32997,-0.18534,0,0
14.2,-0.20823,-3.99181,-0.18445,0,0
14.3,-0.20876,-2.38806,-4.43269,0,0
14.4,-13.04481,-8.5317,-24.76527,0,0
14.5,-0.44902,-3.31918,-5.07901,0,0
14.6,-3.29038,-2.44738,-5.55922,0,0
14.7,-11.90451,-3.49561,-5.63493,0,0
14.8,-3.4644,-2.47232,-6.56568,0,0
14.9,-0.20921,-2.48123,-1.75874,0,0
15,-0.20894,-2.48807,-17.41542,0,0
15.1,-5.16349,-2.49306,-4.5677,0,0
15.2,-0.2082,-2.49636,-0.1756,0,0
15.3,-2.56955,-2.49815,-0.17474,0,0
15.4,-0.43839,-2.49857,-15.98664,0,0
15.5,-20.62701,-2.49777,-16.10866,0,0
15.6,-0.20605,-14.56944,-10.67025,0,0
15.7,-0.20541,-2.58057,-0.1713,0,0
15.8,-0.20473,-2.67601,-11.52411,0,0
15.9,-3.78187,-2.76067,-6.15425,0,0
16,-0.2033,-6.31978,-0.2656,0,0
16.1,-0.20254,-4.59567,-0.16793,0,0
16.2,-11.83358,-9.5645,-9.13001,0,0
16.3,-7.90804,-10.63718,-0.16627,0,0
16.4,-0.20016,-11.25618,-0.16544,0,0
16.5,-0.19934,-3.0937,-2.18129,0,0
16.6,-1.10511,-3.12693,-0.1638,0,0
16.7,-1.11865,-12.4594,-9.09288,0,0
16.8,-1.16784,-12.61842,-16.14828,0,0
16.9,-0.19593,-3.19967,-0.28462,0,0
17,-0.19506,-7.69294,-0.31691,0,0
17.1,-8.63414,-18.1706,-0.34583,0,0
17.2,-0.1933,-19.94601,-0.3717,0,0
17.3,-3.82137,-3.24842,-5.13216,0,0
17.4,-0.23163,-4.39436,-0.41544,0,0
17.5,-0.24783,-5.80242,-7.46567,0,0
17.6,-0.26229,-11.76746,-0.45015,0,0
17.7,-0.27519,-3.25924,-0.56526,0,0
17.8,-0.28667,-3.25764,-0.66862,0,0
17.9,-0.29687,-10.13626,-5.62768,0,0
18,-4.33049,-17.1602,-4.39235,0,0
18.1,-0.31391,-7.13468,-5.23064,0,0
18.2,-0.32096,-3.23871,-0.98556,0,0
18.3,-0.32715,-3.23145,-10.41297,0,0
18.4,-18.3702,-3.22338,-1.09811,0,0
18.5,-0.3373,-3.21458,-10.80774,0,0
18.6,-10.03373,-3.20513,-2.48898,0,0
18.7,-2.16869,-3.19511,-1.23044,0,0
18.8,-0.34792,-3.18456,-11.31859,0,0
18.9,-0.35047,-3.17356,-1.33271,0,0
19,-20.5302,-19.71473,-3.15255,0,0
19.1,-4.72741,-6.94137,-7.18213,0,0
19.2,-0.35574,-3.13827,-12.88466,0,0
19.3,-0.35683,-18.22891,-10.16256,0,0
19.4,-0.35765,-12.05478,-1.51178,0,0
19.5,-11.53659,-3.10041,-1.53567,0,0
19.6,-0.35855,-16.34572,-1.55646,0,0
19.7,-3.3452,-3.07416,-12.16827,0,0
19.8,-0.35863,-3.06081,-1.58987,0,0
19.9,-3.89806,-6.17703,-3.13353,0,0
20,-0.35805,-3.03377,-1.61409,0,0
20.1,-1.57168,-3.02011,-15.96933,0,0
20.2,-18.6417,-3.00637,-1.63081,0,0
20.3,-16.93111,-13.99252,-3.60368,0,0
20.4,-0.35539,-2.97875,-8.48501,0,0
20.5,-3.70695,-4.32518,-1.68629,0,0
20.6,-11.36322,-2.95098,-1.70622,0,0
20.7,-0.35244,-2.93707,-1.72336,0,0
20.8,-0.35132,-2.92315,-1.73797,0,0
20.9,-0.35015,-4.32658,-5.52117,0,0
21,-3.31393,-2.89532,-1.76057,0,0
21.1,-2.25898,-2.88142,-3.35058,0,0
21.2,-8.42767,-2.86754,-13.24909,0,0
21.3,-4.70109,-15.04702,-1.78093,0,0
21.4,-0.90708,-24.51031,-5.15583,0,0
21.5,-0.69851,-2.82604,-14.05824,0,0
21.6,-1.31906,-2.81228,-1.78892,0,0
21.7,-2.13688,-18.09067,-1.78943,0,0
21.8,-1.24057,-13.63232,-20.92195,0,0
21.9,-10.02773,-7.25815,-1.78785,0,0
22,-0.89851,-2.75761,-5.19753,0,0
22.1,-14.46253,-11.01395,-6.83573,0,0
22.2,-0.95079,-4.97028,-1.78016,0,0
22.3,-0.97243,-9.92321,-6.40209,0,0
22.4,-0.99145,-2.70369,-1.77229,0,0
22.5,-1.0081,-2.69034,-5.53163,0,0
22.6,-1.61333,-16.43093,-1.76271,0,0
22.7,-8.13692,-2.6638,-14.16428,0,0
22.8,-1.14724,-19.84492,-11.49955,0,0
22.9,-1.24757,-3.84044,-5.94639,0,0
23,-1.33731,-2.6244,-1.73973,0,0
23.1,-6.4883,-6.36324,-1.73338,0,0
23.2,-11.49538,-2.59843,-1.72684,0,0
23.3,-1.55263,-10.79303,-1.72013,0,0
23.4,-1.60921,-2.57269,-3.75546,0,0
23.5,-1.65939,-2.55991,-2.12472,0,0
23.6,-9.31752,-2.54718,-11.10162,0,0
23.7,-3.52625,-2.53452,-4.43305,0,0
23.8,-1.77735,-2.52192,-11.59157,0,0
23.9,-1.8075,-7.7278,-1.67736,0,0
24,-6.53848,-2.49688,-1.66994,0,0
24.1,-1.85659,-2.48446,-2.00165,0,0
24.2,-10.83529,-5.45425,-4.86139,0,0
24.3,-7.03091,-15.78361,-11.29716,0,0
24.4,-4.27721,-15.98358,-1.63981,0,0
24.5,-12.67354,-8.78279,-1.6322,0,0
24.6,-1.92895,-4.67732,-1.62458,0,0
24.7,-1.93686,-2.41114,-4.8616,0,0
24.8,-1.94306,-7.29291,-6.96245,0,0
24.9,-1.94772,-2.38718,-3.61871,0,0
25,-1.95099,-8.7056,-1.59403,0,0
25.1,-1.95301,-9.88979,-1.58639,0,0
25.2,-6.56686,-2.35167,-1.57877,0,0
25.3,-1.95378,-10.94424,-2.413,0,0
25.4,-7.27812,-5.26904,-7.43328,0,0
25.5,-6.38796,-12.11992,-1.55596,0,0
25.6,-1.94828,-2.61759,-1.54839,0,0
25.7,-7.42162,-2.66549,-1.54084,0,0
25.8,-8.26741,-7.57501,-8.70817,0,0
25.9,-1.93674,-2.74375,-1.52581,0,0
26,-1.93186,-13.9119,-3.35534,0,0
26.1,-4.41581,-7.16374,-7.64228,0,0
26.2,-7.31484,-2.82523,-5.09565,0,0
26.3,-4.38983,-5.67367,-1.49603,0,0
26.4,-1.90846,-8.28467,-1.49559,0,0
26.5,-6.94712,-2.8738,-1.48131,0,0
26.6,-6.41492,-2.88425,-2.54384,0,0
26.7,-13.50013,-2.9821,-3.79016,0,0
26.8,-2.11959,-3.06878,-14.45601,0,0
26.9,-12.99363,-3.14536,-1.45222,0,0
27,-2.22634,-8.06648,-3.39049,0,0
27.1,-9.30655,-3.27203,-1.43786,0,0
27.2,-2.30885,-4.93858,-16.2359,0,0
27.3,-2.34244,-4.28719,-11.2477,0,0
27.4,-4.34334,-4.05196,-1.41656,0,0
27.5,-2.39667,-3.44117,-5.0144,0,0
27.6,-8.9601,-17.23579,-1.40252,0,0
27.7,-2.66952,-3.49362,-1.39554,0,0
27.8,-21.86406,-3.51356,-8.42572,0,0
27.9,-5.76769,-5.51346,-3.19679,0,0
28,-2.47415,-3.54282,-1.61421,0,0
28.1,-2.48208,-3.55283,-8.98618,0,0
28.2,-3.15399,-3.56015,-3.38508,0,0
28.3,-12.79258,-3.56506,-7.62567,0,0
28.4,-2.4948,-3.56778,-1.80724,0,0
28.5,-11.59998,-17.05552,-1.84212,0,0
28.6,-2.49579,-3.56753,-8.2833,0,0
28.7,-2.49446,-4.2755,-1.89924,0,0
28.8,-3.78632,-10.52457,-1.92228,0,0
28.9,-4.58551,-13.56171,-1.94211,0,0
29,-7.52769,-8.19855,-6.08628,0,0
29.1,-2.47966,-11.3498,-24.59454,0,0
29.2,-3.76461,-3.53311,-1.98532,0,0
29.3,-17.41858,-3.52383,-12.8929,0,0
29.4,-3.12498,-3.51379,-13.39565,0,0
29.5,-2.45374,-3.50309,-2.00919,0,0
29.6,-2.44602,-12.49065,-2.01378,0,0
29.7,-2.43791,-3.47997,-2.47051,0,0
29.8,-12.10236,-9.37954,-2.01885,0,0
29.9,-2.61937,-3.45495,-2.96143,0,0
30,-2.41165,-8.54075,-4.92515,0,0
30.1,-2.40236,-22.07961,-2.01812,0,0
30.2,-7.63778,-3.41473,-2.01607,0,0
30.3,-12.15349,-3.40076,-2.01327,0,0
30.4,-2.37332,-17.26148,-8.51556,0,0
30.5,-2.36332,-3.3722,-3.40949,0,0
30.6,-4.57414,-3.35765,-12.678,0,0
30.7,-7.73351,-3.34296,-1.99596,0,0
30.8,-2.33264,-3.32815,-5.63176,0,0
30.9,-2.51095,-3.7128,-13.72465,0,0
31,-2.31177,-3.29823,-9.20463,0,0
31.1,-2.30125,-3.28316,-1.97156,0,0
31.2,-2.29069,-16.64838,-14.35184,0,0
31.3,-2.28009,-12.39619,-2.04841,0,0
31.4,-2.26947,-16.43858,-4.93088,0,0
31.5,-2.25882,-20.57294,-2.18882,0,0
31.6,-2.24817,-3.20719,-13.34082,0,0
31.7,-27.35309,-3.19195,-11.75809,0,0
31.8,-12.67204,-3.74769,-2.34395,0,0
31.9,-2.2162,-14.24321,-10.9161,0,0
32,-2.20556,-3.14629,-2.41815,0,0
32.1,-2.84333,-5.93536,-9.48749,0,0
32.2,-23.63116,-3.11594,-4.67545,0,0
32.3,-8.19481,-11.64818,-5.24495,0,0
32.4,-2.16316,-3.08573,-21.9505,0,0
32.5,-2.15262,-3.07068,-6.5223,0,0
32.6,-2.14211,-3.05567,-11.34058,0,0
32.7,-2.13163,-3.04071,-9.9085,0,0
32.8,-2.12118,-3.02579,-2.56171,0,0
32.9,-7.12557,-3.01093,-2.56782,0,0
33,-2.10039,-2.99612,-3.4525,0,0
33.1,-4.09502,-2.98136,-12.6042,0,0
33.2,-2.07975,-2.96666,-2.57588,0,0
33.3,-2.06949,-5.61711,-2.57569,0,0
33.4,-5.14207,-2.93743,-15.862,0,0
33.5,-6.65278,-2.92291,-2.57182,0,0
33.6,-3.73664,-2.90844,-2.56837,0,0
33.7,-3.05545,-2.89404,-28.75064,0,0
33.8,-2.01881,-6.4323,-2.55894,0,0
33.9,-2.0088,-8.11978,-10.30672,0,0
34,-1.99884,-6.51807,-7.35075,0,0
34.1,-10.71722,-2.83705,-2.53966,0,0
34.2,-1.97904,-2.82296,-2.53214,0,0
34.3,-1.96921,-8.13962,-5.86599,0,0
34.4,-12.62047,-2.79498,-2.51579,0,0
34.5,-11.33634,-2.78109,-2.50706,0,0
34.6,-1.94,-2.76726,-4.56464,0,0
34.7,-14.35398,-2.75349,-6.08936,0,0
34.8,-1.92075,-2.73979,-2.47908,0,0
34.9,-3.03557,-2.72616,-18.26296,0,0
35,-3.99777,-2.71259,-2.45927,0,0
35.1,-5.68392,-2.69909,-10.03015,0,0
35.2,-19.35416,-5.67536,-5.35388,0,0
35.3,-1.87342,-6.07502,-7.20354,0,0
35.4,-8.73005,-9.42801,-6.93923,0,0
35.5,-7.33663,-2.89436,-2.40711,0,0
35.6,-2.60904,-10.871,-3.22497,0,0
35.7,-1.83637,-4.09043,-9.72824,0,0
35.8,-1.82722,-2.60637,-2.37471,0,0
35.9,-1.81811,-2.59338,-8.58895,0,0
36,-4.09285,-12.30742,-2.35286,0,0
36.1,-1.80004,-14.78978,-4.76272,0,0
36.2,-1.79106,-5.98767,-2.33092,0,0
36.3,-1.78214,-2.54207,-2.31992,0,0
36.4,-1.77325,-10.78098,-2.30892,0,0
36.5,-9.49643,-3.17362,-2.29792,0,0
36.6,-12.4838,-13.93317,-10.36325,0,0
36.7,-1.74686,-10.08518,-6.9454,0,0
36.8,-1.73816,-10.01295,-25.0099,0,0
36.9,-1.72949,-4.73273,-2.25402,0,0
37,-2.44506,-12.26256,-2.24309,0,0
37.1,-8.56725,-2.81978,-2.23219,0,0
37.2,-4.2923,-13.11916,-2.22131,0,0
37.3,-1.69525,-2.89068,-2.32435,0,0
37.4,-9.58405,-2.40608,-4.56498,0,0
37.5,-7.46253,-4.07192,-2.18887,0,0
37.6,-4.52463,-5.08073,-8.55071,0,0
37.7,-1.66169,-2.37026,-2.16742,0,0
37.8,-15.95307,-15.7555,-2.15675,0,0
37.9,-4.88356,-2.34668,-2.14612,0,0
38,-14.94073,-2.89564,-17.22883,0,0
38.1,-3.64355,-6.59124,-8.18997,0,0
38.2,-1.62067,-25.15791,-2.11448,0,0
38.3,-8.874,-5.0867,-9.51971,0,0
38.4,-1.60454,-6.84508,-7.05621,0,0
38.5,-8.69763,-2.27733,-2.08323,0,0
38.6,-8.64677,-2.26597,-17.86128,0,0
38.7,-1.58066,-14.92912,-2.06262,0,0
38.8,-9.91591,-16.01077,-2.05238,0,0
38.9,-19.90677,-3.52905,-2.04219,0,0
39,-2.69643,-11.60949,-3.75013,0,0
39.1,-18.76782,-4.05543,-3.9984,0,0
39.2,-1.54163,-2.19901,-9.31823,0,0
39.3,-1.53394,-4.45885,-4.19066,0,0
39.4,-1.52629,-2.17713,-1.99195,0,0
39.5,-1.51868,-2.16627,-7.9703,0,0
39.6,-1.51111,-9.16919,-1.97217,0,0
39.7,-1.50357,-2.30465,-4.18834,0,0
39.8,-1.49607,-2.36208,-1.95259,0,0
39.9,-11.30328,-10.85511,-1.94287,0,0
40,-1.48119,-2.45706,-1.93319,0,0
40.1,-6.95173,-2.49586,-10.73981,0,0
40.2,-2.82963,-3.07608,-4.60448,0,0
40.3,-1.45913,-2.5588,-1.90445,0,0
40.4,-1.45186,-2.83951,-8.77987,0,0
40.5,-1.44462,-13.57326,-12.03596,0,0
40.6,-15.80185,-2.62318,-1.87613,0,0
40.7,-1.43024,-2.63812,-8.93025,0,0
40.8,-1.42311,-8.25054,-6.21662,0,0
40.9,-1.87841,-15.48877,-1.84822,0,0
41,-1.80103,-2.66754,-8.29913,0,0
41.1,-1.40192,-2.67302,-1.82984,0,0
41.2,-6.65244,-3.6299,-10.94204,0,0
41.3,-1.38797,-5.74748,-9.54364,0,0
41.4,-1.38105,-2.67927,-1.80261,0,0
41.5,-6.19216,-2.67849,-1.79362,0,0
41.6,-6.77571,-3.62966,-1.78468,0,0
41.7,-1.36049,-2.67349,-1.77578,0,0
41.8,-3.11863,-2.66948,-5.85007,0,0
41.9,-1.34695,-6.9679,-7.52402,0,0
42,-1.34023,-11.85296,-8.82519,0,0
42.1,-1.33355,-2.6526,-1.74062,0,0
42.2,-15.53174,-2.64563,-19.49211,0,0
42.3,-2.53393,-11.9093,-4.89114,0,0
42.4,-10.66591,-2.63005,-2.916,0,0
42.5,-1.30714,-2.62156,-1.70616,0,0
42.6,-1.30062,-9.20584,-16.9391,0,0
42.7,-1.29414,-2.60344,-8.02092,0,0
42.8,-1.28768,-3.86083,-1.68077,0,0
42.9,-1.41445,-2.58406,-7.89171,0,0
43,-10.1716,-4.03639,-1.66404,0,0
43.1,-1.26851,-2.56368,-15.74821,0,0
43.2,-9.51084,-2.5532,-25.41746,0,0
43.3,-28.2574,-7.2779,-1.63927,0,0
43.4,-1.35847,-2.53175,-4.62765,0,0
43.5,-9.9678,-10.59634,-4.22967,0,0
43.6,-1.23719,-2.50979,-1.61487,0,0
43.7,-14.01169,-6.82979,-2.80166,0,0
43.8,-1.22488,-2.89943,-3.60457,0,0
43.9,-1.21877,-2.47621,-12.42625,0,0
44,-1.21269,-2.46489,-7.28117,0,0
44.1,-1.20665,-11.38896,-1.575,0,0
44.2,-1.20063,-2.44214,-20.60207,0,0
44.3,-1.19464,-2.43073,-1.55933,0,0
44.4,-3.6774,-9.65846,-1.55155,0,0
44.5,-1.18275,-11.47508,-1.54381,0,0
44.6,-1.17685,-13.32688,-11.41716,0,0
44.7,-6.98905,-2.38497,-1.52845,0,0
44.8,-2.66977,-2.37354,-4.18897,0,0
44.9,-8.87761,-2.36213,-1.51324,0,0
45,-1.15355,-13.41784,-9.81471,0,0
45.1,-10.79289,-2.33934,-4.17752,0,0
45.2,-5.22523,-3.44332,-1.49071,0,0
45.3,-1.13638,-2.31666,-1.48328,0,0
45.4,-10.73129,-2.30536,-1.47588,0,0
45.5,-1.12507,-6.39822,-1.46852,0,0
45.6,-1.11946,-14.91748,-1.46119,0,0
45.7,-1.11387,-2.27166,-1.45391,0,0
45.8,-14.16873,-21.60918,-8.90944,0,0
45.9,-1.10279,-2.24938,-1.43944,0,0
46,-1.09729,-7.4487,-9.9249,0,0
46.1,-1.09182,-16.62392,-10.90526,0,0
46.2,-1.10585,-2.21627,-15.75956,0,0
46.3,-1.08095,-9.09014,-1.41094,0,0
46.4,-1.07556,-2.19442,-1.71774,0,0
46.5,-1.0702,-9.18685,-4.54033,0,0
46.6,-1.06486,-5.70879,-2.61607,0,0
46.7,-1.05955,-11.67325,-1.383,0,0
46.8,-5.40319,-2.15126,-1.3761,0,0
46.9,-10.57921,-15.78516,-1.36924,0,0
47,-1.04378,-6.41166,-1.36241,0,0
47.1,-1.03857,-2.11938,-16.36344,0,0
47.2,-1.03339,-2.10885,-1.52875,0,0
47.3,-1.02824,-2.06814,-1.68345,0,0
47.4,-9.83372,-2.05786,-4.32027,0,0
47.5,-1.018,-2.04763,-5.08126,0,0
47.6,-1.4775,-2.03745,-13.06734,0,0
47.7,-1.00787,-2.04848,-3.13876,0,0
47.8,-1.00285,-2.01722,-1.81162,0,0
47.9,-9.20263,-4.12647,-16.53608,0,0
48,-0.99287,-1.85186,-8.41087,0,0
48.1,-0.98792,-1.84265,-1.89991,0,0
48.2,-1.8728,-1.83347,-6.75654,0,0
48.3,-0.97809,-8.72786,-1.94089,0,0
48.4,-9.91485,-1.81525,-1.95702,0,0
48.5,-0.96836,-8.16558,-1.9706,0,0
48.6,-8.57902,-1.79721,-1.9819,0,0
48.7,-13.25147,-1.78826,-11.32883,0,0
48.8,-0.95394,-5.20785,-1.9985,0,0
48.9,-4.62134,-1.77048,-8.0507,0,0
49,-18.03859,-10.0875,-2.00835,0,0
49.1,-2.76676,-1.75288,-13.37433,0,0
49.2,-8.36508,-1.74414,-15.01974,0,0
49.3,-6.59002,-1.73545,-14.20678,0,0
49.4,-0.92575,-20.21539,-7.6135,0,0
49.5,-0.92113,-1.71819,-2.01117,0,0
49.6,-0.91653,-1.70962,-2.84439,0,0
49.7,-5.26057,-1.7011,-2.00593,0,0
49.8,-0.90741,-1.69262,-2.00229,0,0
49.9,-15.54055,-1.68418,-1.99806,0,0
50,-6.10052,-3.05246,-1.9933,0,0
50.1,-0.8939,-4.89796,-1.98808,0,0
50.2,-0.88945,-1.65911,-1.98243,0,0
50.3,-9.19764,-2.15189,-1.9764,0,0
50.4,-7.39929,-1.64261,-18.31972,0,0
50.5,-0.8762,-6.51,-3.04249,0,0
50.6,-0.87183,-1.62627,-3.99172,0,0
50.7,-0.86749,-1.61816,-2.10691,0,0
50.8,-0.86316,-1.61009,-1.94188,0,0
50.9,-3.62623,-1.60206,-11.62372,0,0
51,-0.85457,-1.59407,-1.92659,0,0
51.1,-8.67606,-13.40674,-5.69709,0,0
51.2,-0.84607,-3.09177,-4.16953,0,0
51.3,-0.84185,-1.43627,-1.9026,0,0
51.4,-6.026,-4.69303,-3.77913,0,0
51.5,-11.40301,-8.65077,-5.5262,0,0
51.6,-0.88708,-3.63318,-1.87776,0,0
51.7,-3.41599,-1.40783,-7.37844,0,0
51.8,-1.03732,-1.40081,-18.59801,0,0
51.9,-1.10069,-2.95371,-14.34856,0,0
52,-4.26602,-1.38687,-1.84385,0,0
52.1,-1.20758,-1.37996,-1.83529,0,0
52.2,-5.78312,-1.37307,-14.69019,0,0
52.3,-1.29204,-7.20168,-2.87861,0,0
52.4,-1.32718,-4.49305,-5.2044,0,0
52.5,-1.35818,-5.0971,-1.80093,0,0
52.6,-12.3664,-1.34589,-10.53181,0,0
52.7,-1.40934,-6.24728,-1.78375,0,0
52.8,-6.45252,-16.03575,-1.77517,0,0
52.9,-2.0577,-1.32585,-1.7666,0,0
53,-1.46386,-1.31924,-2.85,0,0
53.1,-1.4772,-1.31266,-15.09538,0,0
53.2,-4.05017,-3.96718,-1.741,0,0
53.3,-3.65291,-1.15978,-13.98648,0,0
53.4,-10.19017,-1.154,-1.72404,0,0
53.5,-8.83557,-5.6135,-10.11603,0,0
53.6,-1.51713,-3.65816,-2.75423,0,0
53.7,-9.35301,-16.08625,-1.6988,0,0
53.8,-1.52356,-6.08015,-1.69044,0,0
53.9,-1.52524,-1.12551,-9.84744,0,0
54,-12.43319,-1.11989,-1.67382,0,0
54.1,-8.67258,-1.11431,-1.66556,0,0
54.2,-1.52527,-3.0106,-6.47056,0,0
54.3,-1.52389,-1.10322,-1.64914,0,0
54.4,-1.52191,-1.09772,-5.23848,0,0
54.5,-3.82261,-1.09224,-1.63285,0,0
54.6,-1.51644,-4.82886,-1.62476,0,0
54.7,-1.51305,-1.08137,-4.7055,0,0
54.8,-3.32945,-1.07598,-4.32968,0,0
54.9,-9.1115,-9.20192,-1.6007,0,0
55,-14.83119,-9.22522,-11.82589,0,0
55.1,-1.49605,-1.47458,-1.58484,0,0
55.2,-10.24308,-1.05468,-1.57696,0,0
55.3,-11.27913,-4.33701,-1.75559,0,0
55.4,-11.74797,-9.22609,-1.56132,0,0
55.5,-12.7506,-1.03897,-4.32019,0,0
55.6,-1.46945,-1.03379,-1.54583,0,0
55.7,-1.46365,-0.89779,-1.53813,0,0
55.8,-1.45774,-12.86117,-1.53048,0,0
55.9,-1.45173,-0.85856,-1.52286,0,0
56,-1.44562,-0.85428,-7.96689,0,0
56.1,-6.16308,-0.85002,-5.94914,0,0
56.2,-1.43319,-1.14789,-1.50022,0,0
56.3,-5.45916,-11.71729,-14.22079,0,0
56.4,-10.24474,-16.65881,-16.92347,0,0
56.5,-1.41413,-0.83319,-6.42668,0,0
56.6,-1.4077,-1.59662,-7.13611,0,0
56.7,-5.65923,-2.54594,-1.39528,0,0
56.8,-12.31955,-8.97123,-1.38832,0,0
56.9,-1.38827,-2.43516,-1.38141,0,0
57,-9.23828,-0.81262,-1.37452,0,0
57.1,-1.37526,-0.80856,-4.00034,0,0
57.2,-1.36874,-0.80453,-7.95486,0,0
57.3,-5.24655,-4.08665,-9.80552,0,0
57.4,-11.06218,-0.79652,-10.37564,0,0
57.5,-1.31798,-0.79255,-1.3406,0,0
57.6,-12.44652,-0.7886,-10.32289,0,0
57.7,-1.30531,-13.26996,-1.17702,0,0
57.8,-11.56346,-0.78075,-1.17115,0,0
57.9,-1.29267,-5.11248,-1.16531,0,0
58,-1.28638,-0.77298,-4.45696,0,0
58.1,-12.38997,-1.62787,-4.61102,0,0
58.2,-1.27385,-10.4933,-3.3065,0,0
58.3,-7.85275,-2.60824,-1.14224,0,0
58.4,-1.26139,-9.52972,-1.22246,0,0
58.5,-4.95384,-0.7539,-18.07765,0,0
58.6,-1.24901,-0.75014,-12.03231,0,0
58.7,-1.24286,-2.25875,-1.41487,0,0
58.8,-1.23673,-0.74267,-1.4292,0,0
58.9,-1.23062,-0.73897,-1.47419,0,0
59,-11.61794,-0.73528,-1.54068,0,0
59.1,-13.93987,-0.73162,-5.94574,0,0
59.2,-1.21246,-0.95275,-1.57998,0,0
59.3,-1.20645,-1.89809,-4.61371,0,0
59.4,-5.86173,-17.7353,-1.63063,0,0
59.5,-20.09183,-0.71713,-3.20726,0,0
59.6,-1.18859,-0.71355,-1.66874,0,0
59.7,-22.00727,-0.70999,-1.68383,0,0
59.8,-6.52404,-0.73073,-1.69662,0,0
59.9,-4.3885,-0.74905,-2.03583,0,0
60,-8.54137,-0.76519,-12.19503,0,0
60.1,-1.15936,-9.57716,-9.05933,0,0
60.2,-1.15359,-0.79174,-4.46508,0,0
60.3,-2.58084,-15.24094,-5.72605,0,0
60.4,-1.14215,-0.81183,-5.05733,0,0
60.5,-5.86367,-0.81983,-1.70553,0,0
60.6,-13.75182,-7.08434,-1.70654,0,0
60.7,-1.12518,-0.8324,-7.63321,0,0
60.8,-3.00504,-0.83718,-8.01107,0,0
60.9,-1.114,-20.47155,-13.85014,0,0
61,-4.03373,-0.8442,-2.73277,0,0
61.1,-4.75828,-3.28807,-1.69964,0,0
61.2,-7.69506,-4.51966,-7.13318,0,0
61.3,-1.76142,-0.84955,-1.69265,0,0
61.4,-0.95837,-0.85022,-6.43004,0,0
61.5,-0.9536,-0.85041,-1.68393,0,0
61.6,-12.08184,-23.32599,-5.44369,0,0
61.7,-0.94412,-0.84957,-1.67383,0,0
61.8,-12.8287,-0.84862,-1.66835,0,0
61.9,-0.93473,-4.89883,-1.66263,0,0
62,-0.93007,-12.62549,-6.85948,0,0
62.1,-0.92544,-6.36198,-2.3431,0,0
62.2,-0.92082,-8.5586,-8.30538,0,0
62.3,-5.64454,-0.83982,-16.24232,0,0
62.4,-0.91166,-4.27226,-10.64263,0,0
62.5,-0.90712,-0.83489,-8.68794,0,0
62.6,-0.9026,-6.35477,-1.78974,0,0
62.7,-6.46762,-3.66479,-8.87942,0,0
62.8,-6.03695,-0.82646,-1.60377,0,0
62.9,-9.80646,-1.88424,-6.79875,0,0
63,-3.35988,-0.82031,-7.85102,0,0
63.1,-6.48882,-10.28564,-10.27292,0,0
63.2,-14.72122,-23.53482,-7.22624,0,0
63.3,-0.72416,-11.98604,-15.3343,0,0
63.4,-7.46523,-5.38966,-1.66727,0,0
63.5,-0.71695,-4.51013,-5.8278,0,0
63.6,-0.71338,-5.976,-14.37218,0,0
63.7,-0.70982,-0.79676,-1.53902,0,0
63.8,-0.70628,-5.93257,-10.03658,0,0
63.9,-3.3203,-8.70366,-11.65327,0,0
64,-0.88549,-0.7861,-1.51715,0,0
64.1,-1.61478,-0.78251,-1.50987,0,0
64.2,-0.6923,-6.18581,-1.5026,0,0
64.3,-0.68884,-3.96691,-1.49535,0,0
64.4,-0.68541,-2.22859,-3.36834,0,0
64.5,-0.68199,-0.76804,-7.05116,0,0
64.6,-9.11258,-8.06027,-21.36516,0,0
64.7,-0.67521,-3.68812,-11.03318,0,0
64.8,-2.96282,-8.77026,-1.4593,0,0
64.9,-6.31681,-0.75352,-11.01902,0,0
65,-6.61719,-0.74989,-1.44502,0,0
65.1,-2.49416,-15.786,-18.89593,0,0
65.2,-3.04447,-0.74266,-13.0064,0,0
65.3,-2.77609,-0.60327,-1.42379,0,0
65.4,-1.9371,-9.97671,-7.43747,0,0
65.5,-0.64873,-1.54395,-5.1046,0,0
65.6,-0.6455,-10.19319,-8.22894,0,0
65.7,-2.13185,-0.59164,-1.39587,0,0
65.8,-4.89046,-0.58875,-3.8699,0,0
65.9,-0.63589,-0.58587,-1.38208,0,0
66,-0.63271,-3.09087,-20.67802,0,0
66.1,-0.62956,-0.58013,-4.92316,0,0
66.2,-0.62642,-2.30158,-9.93749,0,0
66.3,-1.29674,-5.96737,-5.76411,0,0
66.4,-2.37113,-0.5716,-15.54506,0,0
66.5,-0.61709,-0.56878,-1.34144,0,0
66.6,-0.48229,-0.56597,-13.20153,0,0
66.7,-5.79,-0.42905,-3.53467,0,0
66.8,-1.43344,-6.3846,-1.32153,0,0
66.9,-0.47511,-7.35979,-14.93969,0,0
67,-7.4599,-6.47384,-1.30841,0,0
67.1,-7.4659,-0.42063,-9.39672,0,0
67.2,-8.31112,-0.41855,-1.29542,0,0
67.3,-0.4657,-0.41648,-1.28897,0,0
67.4,-0.46338,-4.30231,-1.28255,0,0
67.5,-4.12348,-0.41236,-24.65106,0,0
67.6,-0.45877,-0.41031,-6.18891,0,0
67.7,-0.45648,-0.40827,-1.26348,0,0
67.8,-5.47442,-0.40624,-8.52803,0,0
67.9,-3.9405,-5.68782,-4.67133,0,0
68,-0.44969,-0.40222,-11.98666,0,0
68.1,-9.33726,-0.40022,-1.1085,0,0
68.2,-8.83028,-0.39823,-1.10298,0,0
68.3,-3.67311,-7.78696,-4.93554,0,0
68.4,-0.44078,-8.46331,-5.69785,0,0
68.5,-9.17768,-0.39231,-1.72096,0,0
68.6,-14.4077,-0.39036,-1.08115,0,0
68.7,-10.6444,-3.25814,-1.07576,0,0
68.8,-12.1891,-2.84663,-1.15834,0,0
68.9,-0.4299,-5.09175,-11.55797,0,0
69,-0.42776,-7.50489,-7.81671,0,0
69.1,-13.77912,-0.38073,-1.05447,0,0
69.2,-0.4235,-8.13787,-1.04921,0,0
69.3,-0.42139,-0.68182,-1.04398,0,0
69.4,-9.63857,-1.24668,-11.96686,0,0
69.5,-0.41719,-0.3732,-1.0336,0,0
69.6,-10.86433,-0.55448,-1.02844,0,0
69.7,-0.41304,-7.73917,-1.02331,0,0
69.8,-4.407,-0.36765,-1.01821,0,0
69.9,-5.04013,-19.58901,-24.65177,0,0
70,-0.40689,-0.36399,-2.67872,0,0
70.1,-0.40486,-0.36218,-1.00305,0,0
70.2,-3.64641,-0.36037,-0.99805,0,0
70.3,-4.32804,-0.35857,-3.23944,0,0
70.4,-4.47241,-10.58612,-0.98812,0,0
70.5,-10.21187,-0.67454,-4.69287,0,0
70.6,-5.587,-14.71657,-1.90586,0,0
70.7,-4.58219,-9.0388,-20.30942,0,0
70.8,-2.79294,-2.11556,-0.96856,0,0
70.9,-3.11693,-1.32221,-0.96373,0,0
71,-5.00719,-4.05228,-0.95892,0,0
71.1,-8.30826,-4.26433,-0.95414,0,0
71.2,-0.3832,-7.07868,-13.38567,0,0
71.3,-3.6039,-22.1338,-0.80895,0,0
71.4,-2.89029,-0.81889,-0.80492,0,0
71.5,-0.37749,-0.86059,-0.80091,0,0
71.6,-0.37561,-0.89772,-0.79691,0,0
71.7,-8.81066,-11.42268,-3.50448,0,0
71.8,-0.37187,-0.96,-11.21147,0,0
71.9,-0.37002,-2.32746,-0.78505,0,0
72,-5.32585,-2.87779,-0.78113,0,0
72.1,-0.36634,-1.78153,-0.77724,0,0
72.2,-2.57578,-6.66354,-0.77336,0,0
72.3,-0.36269,-1.0618,-0.7695,0,0
72.4,-0.36088,-1.09204,-10.88834,0,0
72.5,-11.22147,-1.08659,-0.76185,0,0
72.6,-0.35729,-12.98436,-2.5676,0,0
72.7,-1.82142,-5.53772,-2.68984,0,0
72.8,-5.34897,-4.77717,-6.96409,0,0
72.9,-0.40181,-1.11745,-3.83721,0,0
73,-6.16855,-1.12209,-0.74304,0,0
73.1,-5.71137,-4.49598,-1.56762,0,0
73.2,-0.50488,-1.31321,-12.16726,0,0
73.3,-6.0412,-9.81417,-0.73197,0,0
73.4,-1.65435,-1.46577,-4.80055,0,0
73.5,-4.66186,-1.52983,-3.70016,0,0
73.6,-0.72908,-1.58678,-0.72108,0,0
73.7,-6.70774,-1.82104,-0.71748,0,0
73.8,-0.80861,-1.68202,-2.85628,0,0
73.9,-10.89734,-4.60133,-0.71034,0,0
74,-0.95967,-2.39537,-9.55973,0,0
74.1,-5.69683,-23.14324,-0.70327,0,0
74.2,-8.93103,-16.35822,-0.69977,0,0
74.3,-1.24417,-12.32115,-8.89293,0,0
74.4,-1.31967,-12.97202,-0.6928,0,0
74.5,-1.38702,-1.87301,-0.68935,0,0
74.6,-8.16297,-1.88742,-1.37907,0,0
74.7,-1.66431,-5.38486,-0.68249,0,0
74.8,-7.07053,-13.25549,-2.97645,0,0
74.9,-1.58943,-1.91756,-0.6757,0,0
75,-2.7996,-1.92393,-2.96532,0,0
75.1,-15.55346,-1.92874,-0.66897,0,0
75.2,-1.68725,-2.29363,-2.70487,0,0
75.3,-1.71205,-8.91515,-11.39182,0,0
75.4,-1.73357,-1.93535,-1.8239,0,0
75.5,-1.75212,-1.93536,-4.08935,0,0
75.6,-6.45643,-2.1866,-0.65246,0,0
75.7,-7.12119,-7.60157,-14.82111,0,0
75.8,-7.07896,-7.9683,-2.13873,0,0
75.9,-1.80199,-1.92707,-12.69269,0,0
76,-12.7137,-2.16334,-0.63954,0,0
76.1,-1.8154,-8.71208,-10.26468,0,0
76.2,-1.81986,-2.9872,-2.20874,0,0
76.3,-12.9467,-1.90904,-0.63002,0,0
76.4,-1.82497,-3.66409,-0.62687,0,0
76.5,-1.82587,-1.89751,-0.62375,0,0
76.6,-1.82582,-1.89126,-3.54036,0,0
76.7,-16.15,-11.97046,-2.43829,0,0
76.8,-3.49337,-1.87797,-0.61446,0,0
76.9,-10.06549,-7.73002,-2.21644,0,0
77,-1.98679,-8.78741,-3.05756,0,0
77.1,-2.0552,-1.85646,-0.60531,0,0
77.2,-7.03322,-1.84897,-13.62793,0,0
77.3,-2.16937,-6.29475,-5.71757,0,0
77.4,-2.21657,-1.8336,-1.0685,0,0
77.5,-2.25801,-12.97431,-0.59333,0,0
77.6,-4.20625,-11.82737,-0.59037,0,0
77.7,-2.32578,-1.80985,-8.19197,0,0
77.8,-2.45008,-1.80179,-0.58449,0,0
77.9,-5.51056,-6.11974,-0.58158,0,0
78,-9.41722,-4.90316,-0.57868,0,0
78.1,-17.06653,-7.7639,-0.57579,0,0
78.2,-7.31185,-15.68249,-0.57292,0,0
78.3,-2.89245,-16.28911,-0.57006,0,0
78.4,-6.55465,-1.75263,-0.56722,0,0
78.5,-3.06875,-3.00754,-5.97349,0,0
78.6,-3.05143,-1.73611,-0.56157,0,0
78.7,-3.09146,-1.72784,-0.55877,0,0
78.8,-11.99982,-1.71958,-1.55124,0,0
78.9,-3.15568,-9.09748,-0.55321,0,0
79,-3.18087,-3.35355,-19.23175,0,0
79.1,-4.54,-2.67817,-0.54771,0,0
79.2,-3.21958,-9.2266,-0.54498,0,0
79.3,-6.59397,-11.87132,-6.79695,0,0
79.4,-11.84232,-1.67027,-0.53956,0,0
79.5,-3.25379,-1.66212,-3.53939,0,0
79.6,-15.5213,-2.38875,-0.53419,0,0
79.7,-10.48148,-1.5208,-4.79891,0,0
79.8,-14.96688,-1.51334,-0.52887,0,0
79.9,-19.84288,-1.50591,-6.14095,0,0
80,-11.30898,-10.68034,-6.59794,0,0
80.1,-7.80252,-1.49113,-10.64648,0,0
80.2,-13.60976,-1.48378,-3.95285,0,0
80.3,-3.25362,-10.42277,-0.51581,0,0
80.4,-3.24748,-1.46917,-0.51324,0,0
80.5,-3.24042,-10.08247,-0.51068,0,0
80.6,-6.25812,-1.45468,-0.50813,0,0
80.7,-3.22388,-1.44747,-10.21891,0,0
80.8,-12.90803,-1.4403,-0.50308,0,0
80.9,-9.9945,-1.43316,-0.50057,0,0
81,-13.17277,-20.47918,-0.49807,0,0
81.1,-3.18329,-4.81991,-0.49559,0,0
81.2,-3.17195,-4.65215,-9.4443,0,0
81.3,-3.16023,-1.40492,-3.50279,0,0
81.4,-5.50006,-6.40808,-0.48821,0,0
81.5,-3.13584,-10.43063,-0.48577,0,0
81.6,-3.12324,-9.2535,-15.59651,0,0
81.7,-3.11041,-7.57804,-11.40549,0,0
81.8,-21.78914,-17.72355,-0.47854,0,0
81.9,-3.08419,-4.79012,-6.68625,0,0
82,-3.07085,-1.35674,-0.47378,0,0
82.1,-11.42568,-5.9308,-0.47142,0,0
82.2,-3.0438,-7.50233,-0.46907,0,0
82.3,-3.03013,-1.33657,-0.46673,0,0
82.4,-3.01638,-1.32992,-0.4644,0,0
82.5,-3.00257,-5.53061,-0.46208,0,0
82.6,-9.82007,-1.3167,-0.45978,0,0
82.7,-18.34404,-4.19018,-0.45749,0,0
82.8,-20.55963,-1.30361,-0.4552,0,0
82.9,-16.26465,-11.64185,-4.988,0,0
83,-2.93301,-1.29065,-0.45067,0,0
83.1,-5.61537,-2.72009,-0.44843,0,0
83.2,-2.90511,-1.27782,-0.44619,0,0
83.3,-2.89118,-12.30081,-0.44396,0,0
83.4,-13.08262,-1.26511,-9.86926,0,0
83.5,-2.86337,-1.25881,-0.43955,0,0
83.6,-2.8495,-1.25253,-0.43735,0,0
83.7,-2.83566,-1.24629,-0.43517,0,0
83.8,-6.25086,-1.24007,-6.71668,0,0
83.9,-2.80808,-11.36816,-0.43084,0,0
84,-2.79435,-2.77729,-0.42869,0,0
84.1,-16.79606,-10.32909,-6.17053,0,0
84.2,-7.65928,-1.21552,-19.3628,0,0
84.3,-2.75343,-1.20946,-4.80038,0,0
84.4,-9.53435,-6.831,-3.13134,0,0
84.5,-2.72638,-1.19743,-1.71182,0,0
84.6,-2.71293,-1.92083,-5.32817,0,0
84.7,-5.15833,-1.6781,-0.41395,0,0
84.8,-2.6862,-2.55834,-0.41189,0,0
84.9,-8.13385,-1.17372,-4.92285,0,0
85,-2.65969,-1.16787,-0.40779,0,0
85.1,-2.64651,-11.79345,-0.40575,0,0
85.2,-2.6334,-1.15625,-5.96325,0,0
85.3,-2.62034,-1.15049,-0.40172,0,0
85.4,-10.29722,-5.32939,-12.83939,0,0
85.5,-2.59439,-1.13904,-3.7699,0,0
85.6,-2.58151,-1.13336,-0.39574,0,0
85.7,-2.56868,-1.33532,-0.75429,0,0
85.8,-8.43344,-11.33055,-13.48776,0,0
85.9,-16.86752,-1.11649,-0.38984,0,0
86,-2.53057,-1.11092,-2.65171,0,0
86.1,-2.51798,-12.38785,-9.46521,0,0
86.2,-10.78375,-1.09986,-0.38404,0,0
86.3,-4.12032,-1.09438,-0.38212,0,0
86.4,-2.48057,-8.34114,-4.55911,0,0
86.5,-2.46822,-16.95335,-0.37832,0,0
86.6,-5.76837,-1.07809,-0.75985,0,0
86.7,-2.4437,-4.22005,-0.37456,0,0
86.8,-4.63872,-1.17954,-10.24273,0,0
86.9,-2.41942,-1.06204,-0.37083,0,0
87,-4.43492,-10.82784,-6.34335,0,0
87.1,-5.87669,-5.17226,-0.22574,0,0
87.2,-3.11442,-15.31348,-0.22461,0,0
87.3,-2.37156,-1.04101,-0.22349,0,0
87.4,-4.40192,-1.03581,-8.07968,0,0
87.5,-2.34798,-5.67407,-0.22127,0,0
87.6,-2.33628,-18.66853,-0.22017,0,0
87.7,-2.32463,-1.28579,-18.08317,0,0
87.8,-2.31304,-5.2498,-0.21798,0,0
87.9,-2.30151,-8.44893,-0.21689,0,0
88,-2.29004,-11.35942,-0.21581,0,0
88.1,-5.44322,-1.80638,-0.21473,0,0
88.2,-2.26726,-1.90389,-0.21366,0,0
88.3,-8.07703,-1.99077,-0.21259,0,0
88.4,-9.51437,-14.46522,-1.8484,0,0
88.5,-5.59465,-5.58171,-0.234,0,0
88.6,-2.22238,-6.05647,-4.68744,0,0
88.7,-9.26061,-2.25104,-0.2721,0,0
88.8,-2.20027,-7.6342,-0.28816,0,0
88.9,-6.96241,-12.90409,-8.52251,0,0
89,-2.17838,-10.05931,-0.31525,0,0
89.1,-20.06616,-8.62228,-0.42275,0,0
89.2,-5.78126,-11.29175,-0.51933,0,0
89.3,-12.60261,-6.2994,-0.60604,0,0
89.4,-2.40943,-2.47766,-22.86676,0,0
89.5,-2.47239,-3.44308,-0.75353,0,0
89.6,-2.5279,-9.73594,-2.40516,0,0
89.7,-6.33682,-2.51942,-0.87172,0,0
89.8,-4.17844,-2.52835,-0.92153,0,0
89.9,-2.65656,-7.62942,-0.96595,0,0
90,-2.92939,-2.54017,-6.46843,0,0
90.1,-2.71653,-2.6689,-3.70088,0,0
90.2,-11.86086,-5.7488,-1.0717,0,0
90.3,-16.9854,-2.54551,-1.09921,0,0
90.4,-2.77695,-3.18022,-1.12345,0,0
90.5,-4.28303,-2.5426,-1.14475,0,0
90.6,-13.90008,-2.53958,-6.00409,0,0
90.7,-6.4998,-2.53566,-1.17959,0,0
90.8,-20.65619,-8.75995,-6.21303,0,0
90.9,-11.89576,-4.4627,-1.20571,0,0
91,-2.82384,-13.38969,-6.00674,0,0
91.1,-3.5208,-4.60713,-1.35258,0,0
91.2,-4.66017,-2.50541,-1.23196,0,0
91.3,-12.06741,-2.49771,-1.2379,0,0
91.4,-23.51045,-4.56254,-1.24266,0,0
91.5,-2.81603,-2.48111,-1.24636,0,0
91.6,-2.67298,-15.10778,-1.24909,0,0
91.7,-2.66796,-10.14088,-1.25097,0,0
91.8,-2.66217,-2.4538,-1.25206,0,0
91.9,-19.61804,-2.44419,-1.25244,0,0
92,-2.6486,-18.157,-1.2522,0,0
92.1,-2.64096,-2.4244,-1.25138,0,0
92.2,-8.29183,-2.41426,-1.25006,0,0
92.3,-2.62426,-4.40006,-19.2498,0,0
92.4,-3.99646,-3.9729,-1.24607,0,0
92.5,-2.60598,-2.3831,-1.24349,0,0
92.6,-2.59636,-2.37252,-14.28385,0,0
92.7,-2.58647,-10.64834,-1.23738,0,0
92.8,-5.24634,-2.35116,-2.39259,0,0
92.9,-2.56599,-2.3404,-1.23019,0,0
93,-2.55545,-8.1519,-1.22626,0,0
93.1,-2.54476,-2.31878,-1.22214,0,0
93.2,-2.80972,-6.56091,-1.21785,0,0
93.3,-4.65853,-10.52514,-1.21341,0,0
93.4,-22.7359,-2.45267,-3.15943,0,0
93.5,-7.2155,-10.04107,-1.20415,0,0
93.6,-2.51821,-2.56557,-10.66323,0,0
93.7,-10.58788,-11.48981,-10.36548,0,0
93.8,-2.46687,-6.04108,-1.18951,0,0
93.9,-2.45549,-2.68767,-1.18447,0,0
94,-4.07275,-8.27501,-15.18998,0,0
94.1,-2.43264,-2.7442,-4.69664,0,0
94.2,-2.42119,-6.8052,-1.16904,0,0
94.3,-5.5781,-19.95078,-1.16381,0,0
94.4,-3.38222,-3.59034,-5.74318,0,0
94.5,-2.38681,-4.39393,-5.41712,0,0
94.6,-2.37537,-2.82321,-1.14796,0,0
94.7,-10.622,-8.08209,-1.14264,0,0
94.8,-5.21293,-2.83648,-1.1373,0,0
94.9,-5.41865,-17.67575,-1.13196,0,0
95,-5.59378,-2.84211,-2.21693,0,0
95.1,-2.31841,-2.84253,-12.07704,0,0
95.2,-5.19736,-13.0905,-1.11592,0,0
95.3,-2.29582,-2.83933,-1.11057,0,0
95.4,-4.76356,-13.44232,-1.10523,0,0
95.5,-2.27336,-15.8076,-1.0999,0,0
95.6,-12.62283,-2.82634,-7.37677,0,0
95.7,-2.25106,-4.76825,-5.54159,0,0
95.8,-6.38472,-9.10305,-1.08397,0,0
95.9,-20.67981,-16.37886,-13.92129,0,0
96,-11.01436,-3.43033,-1.07342,0,0
96.1,-14.69779,-8.67262,-1.06816,0,0
96.2,-2.19605,-2.78025,-1.06292,0,0
96.3,-2.18518,-2.77078,-1.0577,0,0
96.4,-2.17436,-4.93055,-7.04113,0,0
96.5,-2.16358,-9.86432,-5.93033,0,0
96.6,-6.29522,-3.89173,-1.04216,0,0
96.7,-11.7909,-13.87824,-1.03701,0,0
96.8,-2.13154,-4.39655,-1.03189,0,0
96.9,-5.14789,-2.70748,-3.69711,0,0
97,-3.51164,-2.71755,-4.05742,0,0
97.1,-2.09993,-2.72533,-1.01665,0,0
97.2,-17.67089,-4.31525,-1.01161,0,0
97.3,-5.59156,-2.73488,-1.0066,0,0
97.4,-2.61626,-2.73704,-14.52157,0,0
97.5,-2.05846,-8.12461,-13.89727,0,0
97.6,-5.58947,-2.73697,-10.32577,0,0
97.7,-4.50468,-2.73502,-0.98676,0,0
97.8,-2.02788,-8.10473,-8.66611,0,0
97.9,-7.72797,-2.7634,-0.97697,0,0
98,-2.00773,-2.723,-2.32836,0,0
98.1,-1.99773,-8.26004,-0.96728,0,0
98.2,-2.20808,-2.71081,-0.96247,0,0
98.3,-1.97788,-2.70371,-0.95768,0,0
98.4,-8.94859,-2.69604,-0.82461,0,0
98.5,-1.95822,-2.68786,-0.82051,0,0
98.6,-1.94846,-2.67921,-0.81642,0,0
98.7,-14.83622,-14.46787,-18.36468,0,0
98.8,-5.2814,-9.82348,-0.80831,0,0
98.9,-1.91947,-2.65099,-0.80429,0,0
99,-3.37969,-7.53091,-0.80028,0,0
99.1,-1.90038,-2.63067,-0.7963,0,0
99.2,-3.29997,-11.04007,-3.49107,0,0
99.3,-16.51014,-4.41091,-0.78838,0,0
99.4,-2.88456,-2.59858,-8.39203,0,0
99.5,-1.86277,-2.58756,-4.71728,0,0
99.6,-12.74888,-2.5764,-0.77665,0,0
99.7,-1.84424,-11.46586,-0.77278,0,0
99.8,-1.83504,-2.51753,-0.76893,0,0
99.9,-3.73702,-4.18643,-4.17567,0,0
100,-1.81679,-9.88498,-4.17704,0,0
