104.2, 1206, IV
104.2, 1221, IV
104.4, 1259, IV
104.6, 1256, IV
104.6, 1272, IV
104.7, 1229, IV
104.8, 1197, IV
104.9, 1195, IV
105, 1222, IV
105, 1244, IV
105, 1263, IV
105.1, 1196, IV
105.1, 1225, IV
105.2, 1227, IV
105.3, 1224, IV
105.4, 1235, IV
105.5, 1212, IV
105.6, 1202, IV
105.6, 1211, IV
105.6, 1241, IV
105.6, 1265, IV
105.7, 1232, IV
105.7, 1260, IV
105.7, 1270, IV
105.9, 1234, IV
105.9, 1257, IV
106, 1208, IV
106, 1231, IV
106, 1268, IV
106.1, 948, VI
106.1, 1273, IV
106.2, 1201, IV
106.2, 1204, IV
106.2, 1214, IV
106.4, 1199, IV
106.4, 1246, IV
106.4, 1258, IV
106.5, 1194, IV
106.5, 1233, IV
106.5, 1245, IV
106.5, 1249, IV
106.7, 1210, IV
106.7, 1239, IV
106.7, 1261, IV
106.9, 1236, IV
107, 1205, IV
107, 1215, IV
107, 1226, IV
107, 1237, IV
107, 1247, IV
107.1, 1198, IV
107.2, 1219, IV
107.2, 1264, IV
107.3, 1240, IV
107.3, 1253, IV
107.3, 1262, IV
107.4, 1223, IV
107.4, 1228, IV
107.4, 1275, IV
107.7, 1193, IV
107.7, 1200, IV
107.7, 1250, IV
107.8, 1242, IV
108, 1243, IV
108.1, 1218, IV
108.3, 1213, IV
108.3, 1267, IV
108.5, 1230, IV
108.5, 1248, IV
109.1, 1217, IV
109.5, 1338, III
109.7, 1317, III
109.7, 1360, III
109.8, 1334, III
109.8, 1411, III
110, 1354, III
110, 1475, III
110.1, 1238, IV
110.1, 1324, III
110.1, 1385, III
110.1, 1451, III
110.1, 1453, III
110.2, 1396, III
110.3, 1364, III
110.3, 1370, III
110.3, 1377, III
110.3, 1428, III
110.4, 1369, III
110.4, 1437, III
110.4, 1474, III
110.5, 1326, III
110.5, 1336, III
110.5, 1398, III
110.5, 1407, III
110.5, 1414, III
110.5, 1417, III
110.5, 1432, III
110.6, 1311, III
110.6, 1340, III
110.6, 1356, III
110.6, 1365, III
110.6, 1389, III
110.6, 1399, III
110.6, 1402, III
110.6, 1418, III
110.6, 1436, III
110.7, 1314, III
110.7, 1315, III
110.7, 1349, III
110.7, 1367, III
110.7, 1381, III
110.7, 1440, III
110.7, 1449, III
110.7, 1452, III
110.8, 1327, III
110.8, 1394, III
110.8, 1410, III
110.8, 1416, III
110.8, 1439, III
110.8, 1450, III
110.9, 1335, III
110.9, 1380, III
110.9, 1392, III
110.9, 1442, III
111, 1310, III
111, 1378, III
111, 1409, III
111, 1415, III
111.1, 1347, III
111.1, 1390, III
111.1, 1425, III
111.1, 1430, III
111.1, 1443, III
111.1, 1458, III
111.1, 1472, III
111.1, 1473, III
111.2, 1307, III
111.2, 1320, III
111.2, 1363, III
111.2, 1397, III
111.2, 1406, III
111.2, 1446, III
111.2, 1457, III
111.2, 1462, III
111.3, 1395, III
111.3, 1413, III
111.3, 1419, III
111.3, 1434, III
111.3, 1445, III
111.3, 1465, III
111.4, 1319, III
111.4, 1346, III
111.4, 1384, III
111.4, 1387, III
111.4, 1421, III
111.4, 1429, III
111.4, 1454, III
111.4, 1468, III
111.5, 1322, III
111.5, 1374, III
111.5, 1423, III
111.5, 1433, III
111.5, 1463, III
111.6, 1341, III
111.6, 1345, III
111.6, 1431, III
111.6, 1464, III
111.7, 1313, III
111.7, 1352, III
111.7, 1358, III
111.7, 1361, III
111.7, 1376, III
111.7, 1405, III
111.7, 1420, III
111.7, 1424, III
111.7, 1467, III
111.7, 1469, III
111.8, 1362, III
111.8, 1373, III
111.8, 1408, III
111.8, 1441, III
111.8, 1466, III
111.9, 1329, III
111.9, 1351, III
111.9, 1357, III
111.9, 1401, III
112, 1391, III
112, 1404, III
112, 1459, III
112, 1476, III
112.1, 1318, III
112.1, 1331, III
112.1, 1353, III
112.1, 1422, III
112.1, 1435, III
112.2, 1332, III
112.2, 1333, III
112.2, 1382, III
112.2, 1400, III
112.3, 1269, IV
112.4, 1312, III
112.4, 1339, III
112.4, 1372, III
112.5, 1309, III
112.5, 1344, III
112.5, 1359, III
112.5, 1375, III
112.5, 1444, III
112.6, 1316, III
112.6, 1323, III
112.6, 1379, III
112.6, 1438, III
112.7, 1366, III
112.8, 1337, III
112.8, 1342, III
112.9, 1403, III
112.9, 1448, III
113.2, 1308, III
113.2, 1330, III
113.2, 1371, III
113.2, 1471, III
113.3, 1343, III
113.3, 1412, III
113.3, 1477, III
113.4, 1461, III
113.5, 1328, III
113.5, 1393, III
113.6, 1325, III
113.6, 1388, III
113.6, 1470, III
113.7, 1383, III
113.8, 1455, III
113.9, 1426, III
114, 1427, III
114.1, 1355, III
114.1, 1447, III
114.3, 1053, V
114.3, 1350, III
114.5, 1055, V
114.5, 1072, V
114.5, 1386, III
114.6, 1034, V
114.6, 1110, V
114.6, 1113, V
114.6, 1460, III
114.7, 1037, V
114.7, 1066, V
114.7, 1086, V
114.7, 1105, V
114.8, 1044, V
114.8, 1049, V
114.8, 1073, V
114.8, 1111, V
114.8, 1456, III
114.9, 1052, V
114.9, 1062, V
114.9, 1064, V
114.9, 1069, V
114.9, 1071, V
114.9, 1083, V
114.9, 1095, V
114.9, 1100, V
115, 1047, V
115, 1074, V
115, 1075, V
115, 1084, V
115, 1097, V
115, 1099, V
115, 1106, V
115, 1368, III
115.1, 1042, V
115.1, 1348, III
115.2, 941, VI
115.2, 1038, V
115.2, 1039, V
115.2, 1067, V
115.2, 1076, V
115.2, 1077, V
115.2, 1078, V
115.2, 1088, V
115.2, 1092, V
115.2, 1093, V
115.3, 1035, V
115.3, 1050, V
115.3, 1057, V
115.3, 1059, V
115.3, 1061, V
115.3, 1063, V
115.3, 1085, V
115.3, 1090, V
115.3, 1101, V
115.3, 1321, III
115.4, 1033, V
115.4, 1043, V
115.4, 1045, V
115.4, 1048, V
115.4, 1056, V
115.4, 1070, V
115.4, 1080, V
115.4, 1082, V
115.5, 1040, V
115.5, 1051, V
115.5, 1098, V
115.6, 1054, V
115.6, 1065, V
115.6, 1094, V
115.6, 1109, V
115.7, 1079, V
115.7, 1091, V
115.7, 1103, V
115.7, 1104, V
115.7, 1107, V
115.7, 1108, V
115.8, 1338, III
115.9, 1036, V
115.9, 1081, V
115.9, 1087, V
115.9, 1096, V
115.9, 1102, V
115.9, 1114, V
116, 1041, V
116, 1058, V
116, 1068, V
116, 1317, III
116, 1360, III
116.1, 1060, V
116.1, 1089, V
116.1, 1334, III
116.1, 1411, III
116.2, 1046, V
116.3, 1112, V
116.3, 1354, III
116.3, 1475, III
116.4, 1324, III
116.4, 1385, III
116.4, 1451, III
116.4, 1453, III
116.5, 1396, III
116.6, 1364, III
116.6, 1370, III
116.6, 1377, III
116.6, 1428, III
116.7, 1369, III
116.7, 1437, III
116.7, 1474, III
116.8, 1326, III
116.8, 1336, III
116.8, 1398, III
116.8, 1407, III
116.8, 1414, III
116.8, 1417, III
116.8, 1432, III
116.9, 1311, III
116.9, 1340, III
116.9, 1356, III
116.9, 1365, III
116.9, 1389, III
116.9, 1399, III
116.9, 1402, III
116.9, 1418, III
116.9, 1436, III
117, 1314, III
117, 1315, III
117, 1349, III
117, 1367, III
117, 1381, III
117, 1440, III
117, 1449, III
117, 1452, III
117.1, 1327, III
117.1, 1394, III
117.1, 1410, III
117.1, 1416, III
117.1, 1439, III
117.1, 1450, III
117.2, 1335, III
117.2, 1380, III
117.2, 1392, III
117.2, 1442, III
117.3, 1310, III
117.3, 1378, III
117.3, 1409, III
117.3, 1415, III
117.4, 1347, III
117.4, 1390, III
117.4, 1425, III
117.4, 1430, III
117.4, 1443, III
117.4, 1458, III
117.4, 1472, III
117.4, 1473, III
117.5, 1320, III
117.5, 1363, III
117.5, 1397, III
117.5, 1406, III
117.5, 1446, III
117.5, 1457, III
117.5, 1462, III
117.6, 835, VI
117.6, 1395, III
117.6, 1419, III
117.6, 1434, III
117.6, 1445, III
117.6, 1465, III
117.7, 1319, III
117.7, 1346, III
117.7, 1384, III
117.7, 1387, III
117.7, 1421, III
117.7, 1429, III
117.7, 1454, III
117.7, 1468, III
117.8, 1322, III
117.8, 1374, III
117.8, 1423, III
117.8, 1433, III
117.8, 1463, III
117.9, 1345, III
117.9, 1431, III
117.9, 1464, III
118, 1313, III
118, 1352, III
118, 1358, III
118, 1361, III
118, 1376, III
118, 1405, III
118, 1420, III
118, 1424, III
118, 1467, III
118, 1469, III
118.1, 1362, III
118.1, 1373, III
118.1, 1408, III
118.1, 1441, III
118.1, 1466, III
118.2, 1329, III
118.2, 1351, III
118.2, 1357, III
118.3, 1391, III
118.3, 1404, III
118.3, 1459, III
118.4, 1331, III
118.4, 1353, III
118.4, 1422, III
118.4, 1435, III
118.5, 1332, III
118.5, 1333, III
118.5, 1382, III
118.5, 1400, III
118.5, 1401, III
118.5, 1413, III
118.7, 1312, III
118.7, 1339, III
118.7, 1372, III
118.8, 1309, III
118.8, 1344, III
118.8, 1359, III
118.8, 1375, III
118.8, 1444, III
118.9, 1316, III
118.9, 1379, III
118.9, 1438, III
119, 1341, III
119, 1366, III
119.1, 1337, III
119.1, 1342, III
119.2, 1307, III
119.2, 1403, III
119.2, 1448, III
119.5, 1308, III
119.5, 1330, III
119.5, 1371, III
119.5, 1471, III
119.6, 1343, III
119.6, 1477, III
119.7, 1461, III
119.8, 1328, III
119.8, 1393, III
119.9, 1325, III
120.1, 1455, III
120.2, 1426, III
120.3, 1427, III
120.4, 1355, III
120.4, 1388, III
120.6, 1053, V
120.7, 1412, III
120.8, 1055, V
120.8, 1072, V
120.8, 1386, III
120.9, 1034, V
120.9, 1110, V
120.9, 1113, V
120.9, 1460, III
121, 1037, V
121, 1066, V
121, 1086, V
121, 1105, V
121.1, 1044, V
121.1, 1049, V
121.1, 1073, V
121.1, 1111, V
121.2, 1052, V
121.2, 1062, V
121.2, 1064, V
121.2, 1069, V
121.2, 1071, V
121.2, 1083, V
121.2, 1095, V
121.2, 1100, V
121.3, 1047, V
121.3, 1074, V
121.3, 1075, V
121.3, 1084, V
121.3, 1097, V
121.3, 1099, V
121.3, 1106, V
121.3, 1368, III
121.4, 1042, V
121.4, 1348, III
121.5, 1038, V
121.5, 1039, V
121.5, 1067, V
121.5, 1076, V
121.5, 1077, V
121.5, 1078, V
121.5, 1088, V
121.5, 1092, V
121.5, 1093, V
121.5, 1323, III
121.6, 1035, V
121.6, 1050, V
121.6, 1057, V
121.6, 1059, V
121.6, 1061, V
121.6, 1063, V
121.6, 1085, V
121.6, 1090, V
121.6, 1101, V
121.6, 1321, III
121.7, 1033, V
121.7, 1043, V
121.7, 1045, V
121.7, 1048, V
121.7, 1056, V
121.7, 1070, V
121.7, 1080, V
121.7, 1082, V
121.8, 1040, V
121.8, 1051, V
121.8, 1098, V
121.9, 1054, V
121.9, 1065, V
121.9, 1094, V
121.9, 1109, V
122, 1079, V
122, 1091, V
122, 1103, V
122, 1104, V
122, 1107, V
122, 1108, V
122, 1470, III
122.2, 1036, V
122.2, 1081, V
122.2, 1087, V
122.2, 1096, V
122.2, 1102, V
122.2, 1114, V
122.3, 1041, V
122.3, 1058, V
122.3, 1068, V
122.3, 1360, III
122.4, 1060, V
122.4, 1089, V
122.4, 1411, III
122.5, 1046, V
122.6, 1112, V
122.6, 1354, III
122.7, 1324, III
122.7, 1451, III
122.7, 1453, III
122.8, 1396, III
122.9, 1364, III
122.9, 1370, III
122.9, 1428, III
123, 1437, III
123.1, 1398, III
123.1, 1407, III
123.1, 1432, III
123.2, 1317, III
123.2, 1356, III
123.2, 1389, III
123.2, 1399, III
123.2, 1402, III
123.2, 1418, III
123.3, 1315, III
123.3, 1349, III
123.3, 1381, III
123.3, 1452, III
123.4, 1394, III
123.4, 1410, III
123.5, 1335, III
123.5, 1380, III
123.5, 1392, III
123.5, 1474, III
123.6, 1409, III
123.7, 1334, III
123.7, 1347, III
123.7, 1390, III
123.7, 1425, III
123.7, 1472, III
123.7, 1473, III
123.8, 988, VI
123.8, 1320, III
123.8, 1406, III
123.8, 1457, III
123.8, 1462, III
123.9, 1395, III
123.9, 1445, III
123.9, 1465, III
124, 952, VI
124, 1319, III
124, 1346, III
124, 1421, III
124, 1429, III
124, 1454, III
124, 1468, III
124.1, 1374, III
124.1, 1423, III
124.1, 1433, III
124.2, 893, VI
124.2, 1310, III
124.2, 1345, III
124.2, 1431, III
124.2, 1464, III
124.3, 1352, III
124.3, 1358, III
124.3, 1361, III
124.3, 1405, III
124.3, 1420, III
124.3, 1424, III
124.4, 1362, III
124.4, 1373, III
124.4, 1441, III
124.4, 1466, III
124.5, 1329, III
124.5, 1351, III
124.6, 1391, III
124.6, 1459, III
124.7, 1331, III
124.8, 817, VI
124.8, 1332, III
124.8, 1333, III
124.9, 1357, III
125, 1312, III
125, 1372, III
125, 1385, III
125.1, 767, VI
125.1, 1309, III
125.1, 1375, III
125.1, 1444, III
125.2, 991, VI
125.2, 1316, III
125.2, 1379, III
125.3, 1341, III
125.3, 1417, III
125.4, 765, VI
125.4, 804, VI
125.4, 1337, III
125.5, 1307, III
125.6, 1350, III
125.6, 1415, III
125.7, 798, VI
125.7, 1365, III
125.8, 1308, III
125.9, 1330, III
125.9, 1343, III
125.9, 1477, III
126, 961, VI
126.1, 1328, III
126.1, 1442, III
126.2, 858, VI
126.2, 879, VI
126.2, 1325, III
126.2, 1467, III
126.3, 763, VI
126.4, 1438, III
126.4, 1455, III
126.5, 815, VI
126.5, 908, VI
126.6, 1427, III
126.7, 866, VI
126.7, 1355, III
126.7, 1448, III
126.8, 826, VI
126.8, 1367, III
126.9, 1053, V
127.1, 1055, V
127.1, 1072, V
127.2, 1034, V
127.2, 1110, V
127.2, 1113, V
127.3, 1037, V
127.3, 1066, V
127.3, 1086, V
127.3, 1105, V
127.4, 1044, V
127.4, 1049, V
127.4, 1073, V
127.4, 1111, V
127.5, 1052, V
127.5, 1062, V
127.5, 1064, V
127.5, 1069, V
127.5, 1071, V
127.5, 1083, V
127.5, 1095, V
127.5, 1100, V
127.5, 1413, III
127.5, 1443, III
127.6, 1047, V
127.6, 1074, V
127.6, 1075, V
127.6, 1084, V
127.6, 1097, V
127.6, 1099, V
127.6, 1106, V
127.7, 832, VI
127.7, 919, VI
127.7, 1042, V
127.7, 1348, III
127.8, 1038, V
127.8, 1039, V
127.8, 1067, V
127.8, 1076, V
127.8, 1077, V
127.8, 1078, V
127.8, 1088, V
127.8, 1092, V
127.8, 1093, V
127.8, 1323, III
127.9, 842, VI
127.9, 967, VI
127.9, 1035, V
127.9, 1050, V
127.9, 1057, V
127.9, 1059, V
127.9, 1061, V
127.9, 1063, V
127.9, 1085, V
127.9, 1090, V
127.9, 1101, V
127.9, 1321, III
127.9, 1412, III
128, 1033, V
128, 1043, V
128, 1045, V
128, 1048, V
128, 1056, V
128, 1070, V
128, 1080, V
128, 1082, V
128, 1318, III
128, 1386, III
128.1, 784, VI
128.1, 970, VI
128.1, 1040, V
128.1, 1051, V
128.1, 1098, V
128.2, 762, VI
128.2, 788, VI
128.2, 887, VI
128.2, 1054, V
128.2, 1065, V
128.2, 1094, V
128.2, 1109, V
128.3, 1079, V
128.3, 1091, V
128.3, 1103, V
128.3, 1104, V
128.3, 1107, V
128.3, 1108, V
128.3, 1470, III
128.4, 800, VI
128.4, 930, VI
128.4, 1449, III
128.5, 964, VI
128.5, 1036, V
128.5, 1081, V
128.5, 1087, V
128.5, 1096, V
128.5, 1102, V
128.5, 1114, V
128.5, 1314, III
128.5, 1463, III
128.6, 761, VI
128.6, 1041, V
128.6, 1058, V
128.6, 1068, V
128.6, 1360, III
128.7, 1060, V
128.7, 1089, V
128.7, 1411, III
128.7, 1426, III
128.8, 793, VI
128.8, 993, VI
128.8, 1046, V
128.8, 1368, III
128.9, 1112, V
128.9, 1340, III
128.9, 1354, III
128.9, 1416, III
129, 840, VI
129.1, 1369, III
129.1, 1396, III
129.2, 1428, III
129.3, 876, VI
129.3, 1437, III
129.4, 1398, III
129.4, 1432, III
129.5, 839, VI
129.5, 895, VI
129.5, 1356, III
129.5, 1399, III
129.5, 1418, III
129.6, 1315, III
129.6, 1381, III
129.7, 976, VI
129.7, 1338, III
129.7, 1410, III
129.8, 949, VI
129.8, 1335, III
129.8, 1392, III
129.9, 1409, III
130, 910, VI
130, 1370, III
130, 1414, III
130, 1425, III
130, 1451, III
130, 1473, III
130.1, 796, VI
130.1, 1320, III
130.1, 1383, III
130.1, 1457, III
130.1, 1462, III
130.2, 1395, III
130.2, 1445, III
130.2, 1465, III
130.3, 1319, III
130.3, 1429, III
130.3, 1468, III
130.4, 1423, III
130.4, 1433, III
130.5, 1310, III
130.5, 1345, III
130.5, 1431, III
130.5, 1464, III
130.6, 871, VI
130.6, 1352, III
130.6, 1358, III
130.6, 1361, III
130.6, 1405, III
130.6, 1419, III
130.6, 1420, III
130.6, 1424, III
130.7, 1362, III
130.7, 1422, III
130.7, 1466, III
130.7, 1476, III
130.8, 814, VI
130.8, 946, VI
130.8, 1439, III
130.8, 1461, III
130.9, 771, VI
130.9, 881, VI
130.9, 891, VI
131, 992, VI
131, 1331, III
131, 1407, III
131.1, 1332, III
131.2, 957, VI
131.3, 886, VI
131.3, 1312, III
131.3, 1372, III
131.4, 1309, III
131.4, 1375, III
131.5, 836, VI
131.5, 1316, III
131.6, 1469, III
131.7, 764, VI
131.7, 1337, III
131.8, 951, VI
131.8, 1307, III
131.8, 1371, III
131.9, 1329, III
131.9, 1350, III
132, 934, VI
132, 971, VI
132, 1349, III
132, 1440, III
132.1, 1456, III
132.2, 1343, III
132.2, 1477, III
132.3, 857, VI
132.3, 1327, III
132.4, 985, VI
132.4, 1421, III
132.5, 845, VI
132.5, 938, VI
132.5, 1325, III
132.5, 1393, III
132.8, 1391, III
132.8, 1452, III
132.9, 975, VI
132.9, 1427, III
133, 799, VI
133, 907, VI
133, 1355, III
133, 1448, III
133.1, 1324, III
133.2, 862, VI
133.2, 1053, V
133.3, 1364, III
133.4, 1055, V
133.4, 1072, V
133.4, 1404, III
133.5, 888, VI
133.5, 1034, V
133.5, 1110, V
133.5, 1113, V
133.5, 1442, III
133.6, 1037, V
133.6, 1066, V
133.6, 1086, V
133.6, 1105, V
133.6, 1339, III
133.7, 1044, V
133.7, 1049, V
133.7, 1073, V
133.7, 1111, V
133.7, 1387, III
133.7, 1450, III
133.8, 838, VI
133.8, 1052, V
133.8, 1062, V
133.8, 1064, V
133.8, 1069, V
133.8, 1071, V
133.8, 1083, V
133.8, 1095, V
133.8, 1100, V
133.8, 1365, III
133.9, 1047, V
133.9, 1074, V
133.9, 1075, V
133.9, 1084, V
133.9, 1097, V
133.9, 1099, V
133.9, 1106, V
133.9, 1342, III
134, 1042, V
134, 1348, III
134, 1384, III
134, 1430, III
134.1, 1038, V
134.1, 1039, V
134.1, 1067, V
134.1, 1076, V
134.1, 1077, V
134.1, 1078, V
134.1, 1088, V
134.1, 1092, V
134.1, 1093, V
134.1, 1323, III
134.2, 874, VI
134.2, 989, VI
134.2, 1035, V
134.2, 1050, V
134.2, 1057, V
134.2, 1059, V
134.2, 1061, V
134.2, 1063, V
134.2, 1085, V
134.2, 1090, V
134.2, 1101, V
134.2, 1321, III
134.2, 1406, III
134.3, 1033, V
134.3, 1043, V
134.3, 1045, V
134.3, 1048, V
134.3, 1056, V
134.3, 1070, V
134.3, 1080, V
134.3, 1082, V
134.3, 1403, III
134.3, 1413, III
134.4, 1040, V
134.4, 1051, V
134.4, 1098, V
134.4, 1334, III
134.4, 1344, III
134.4, 1379, III
134.5, 1054, V
134.5, 1065, V
134.5, 1094, V
134.5, 1109, V
134.5, 1394, III
134.6, 804, VI
134.6, 1079, V
134.6, 1091, V
134.6, 1103, V
134.6, 1104, V
134.6, 1107, V
134.6, 1108, V
134.6, 1347, III
134.6, 1453, III
134.7, 1471, III
134.8, 847, VI
134.8, 980, VI
134.8, 1036, V
134.8, 1081, V
134.8, 1087, V
134.8, 1096, V
134.8, 1102, V
134.8, 1114, V
134.9, 1041, V
134.9, 1058, V
134.9, 1068, V
134.9, 1318, III
134.9, 1360, III
134.9, 1378, III
134.9, 1385, III
135, 1060, V
135, 1089, V
135, 1400, III
135, 1411, III
135.1, 805, VI
135.1, 830, VI
135.1, 1046, V
135.1, 1455, III
135.2, 1112, V
135.2, 1340, III
135.2, 1354, III
135.2, 1460, III
135.4, 1336, III
135.4, 1386, III
135.4, 1396, III
135.4, 1470, III
135.5, 841, VI
135.5, 1368, III
135.5, 1459, III
135.6, 936, VI
135.6, 1351, III
135.6, 1437, III
135.6, 1443, III
135.7, 782, VI
135.7, 928, VI
135.7, 944, VI
135.7, 1389, III
135.7, 1398, III
135.7, 1432, III
135.7, 1447, III
135.8, 843, VI
135.8, 1356, III
135.8, 1369, III
135.8, 1399, III
135.8, 1418, III
135.9, 922, VI
135.9, 1315, III
135.9, 1381, III
136, 955, VI
136, 958, VI
136, 1410, III
136, 1412, III
136.1, 1335, III
136.1, 1392, III
136.1, 1441, III
136.2, 1338, III
136.2, 1376, III
136.2, 1409, III
136.3, 1317, III
136.3, 1414, III
136.3, 1425, III
136.3, 1473, III
136.4, 818, VI
136.4, 1457, III
136.4, 1462, III
136.5, 783, VI
136.5, 905, VI
136.5, 1395, III
136.6, 1429, III
136.6, 1468, III
136.7, 1423, III
136.7, 1433, III
136.8, 1310, III
136.8, 1345, III
136.8, 1464, III
136.9, 1352, III
136.9, 1405, III
136.9, 1419, III
136.9, 1424, III
136.9, 1434, III
137, 778, VI
137, 797, VI
137, 1341, III
137, 1362, III
137, 1422, III
137, 1466, III
137.1, 1461, III
137.2, 853, VI
137.4, 1320, III
137.4, 1332, III
137.4, 1357, III
137.5, 929, VI
137.5, 1388, III
137.6, 1312, III
137.6, 1372, III
137.7, 921, VI
137.7, 1375, III
137.8, 1316, III
137.9, 990, VI
137.9, 1309, III
137.9, 1431, III
137.9, 1469, III
138, 870, VI
138.1, 1307, III
138.1, 1371, III
138.1, 1373, III
138.2, 977, VI
138.2, 1361, III
138.2, 1451, III
138.2, 1465, III
138.4, 1322, III
138.4, 1349, III
138.4, 1428, III
138.5, 1328, III
138.5, 1343, III
138.6, 1331, III
138.7, 867, VI
138.7, 882, VI
138.7, 1319, III
138.7, 1337, III
138.7, 1472, III
138.8, 1325, III
139, 1346, III
139, 1475, III
139.2, 947, VI
139.2, 952, VI
139.2, 1390, III
139.2, 1427, III
139.3, 1445, III
139.4, 878, VI
139.4, 984, VI
139.4, 1380, III
139.5, 1053, V
139.6, 873, VI
139.6, 1364, III
139.7, 1055, V
139.7, 1072, V
139.7, 1404, III
139.8, 1034, V
139.8, 1110, V
139.8, 1113, V
139.8, 1454, III
139.9, 1037, V
139.9, 1066, V
139.9, 1086, V
139.9, 1105, V
140, 1044, V
140, 1049, V
140, 1073, V
140, 1111, V
140, 1446, III
140.1, 1052, V
140.1, 1062, V
140.1, 1064, V
140.1, 1069, V
140.1, 1071, V
140.1, 1083, V
140.1, 1095, V
140.1, 1100, V
140.1, 1444, III
140.2, 1047, V
140.2, 1074, V
140.2, 1075, V
140.2, 1084, V
140.2, 1097, V
140.2, 1099, V
140.2, 1106, V
140.2, 1333, III
140.2, 1467, III
140.3, 1042, V
140.3, 1348, III
140.3, 1355, III
140.4, 1038, V
140.4, 1039, V
140.4, 1067, V
140.4, 1076, V
140.4, 1077, V
140.4, 1078, V
140.4, 1088, V
140.4, 1092, V
140.4, 1093, V
140.4, 1323, III
140.5, 1035, V
140.5, 1050, V
140.5, 1057, V
140.5, 1059, V
140.5, 1061, V
140.5, 1063, V
140.5, 1085, V
140.5, 1090, V
140.5, 1101, V
140.5, 1321, III
140.5, 1350, III
140.6, 1033, V
140.6, 1043, V
140.6, 1045, V
140.6, 1048, V
140.6, 1056, V
140.6, 1070, V
140.6, 1080, V
140.6, 1082, V
140.6, 1366, III
140.6, 1435, III
140.7, 1040, V
140.7, 1051, V
140.7, 1098, V
140.7, 1382, III
140.8, 1054, V
140.8, 1065, V
140.8, 1094, V
140.8, 1109, V
140.8, 1420, III
140.9, 950, VI
140.9, 1079, V
140.9, 1091, V
140.9, 1103, V
140.9, 1104, V
140.9, 1107, V
140.9, 1108, V
140.9, 1474, III
141.1, 763, VI
141.1, 767, VI
141.1, 972, VI
141.1, 1036, V
141.1, 1081, V
141.1, 1087, V
141.1, 1096, V
141.1, 1102, V
141.1, 1114, V
141.1, 1449, III
141.2, 1041, V
141.2, 1058, V
141.2, 1068, V
141.2, 1318, III
141.2, 1385, III
141.3, 911, VI
141.3, 1060, V
141.3, 1089, V
141.3, 1408, III
141.3, 1411, III
141.4, 777, VI
141.4, 1046, V
141.4, 1347, III
141.4, 1452, III
141.4, 1455, III
141.5, 1112, V
141.5, 1379, III
141.6, 1327, III
141.6, 1383, III
141.6, 1416, III
141.7, 1354, III
141.7, 1396, III
141.7, 1413, III
141.7, 1448, III
141.7, 1470, III
141.8, 771, VI
141.9, 1393, III
141.9, 1437, III
142, 1407, III
142, 1432, III
142.1, 1329, III
142.1, 1356, III
142.1, 1418, III
142.1, 1460, III
142.2, 987, VI
142.2, 1315, III
142.2, 1381, III
142.3, 1410, III
142.3, 1412, III
142.3, 1463, III
142.4, 1335, III
142.4, 1402, III
142.5, 1308, III
142.5, 1377, III
142.6, 1425, III
142.6, 1473, III
142.8, 1395, III
142.9, 979, VI
142.9, 1342, III
142.9, 1468, III
143, 969, VI
143, 1423, III
143, 1433, III
143, 1477, III
143.1, 825, VI
143.1, 1464, III
143.2, 1352, III
143.2, 1405, III
143.2, 1419, III
143.2, 1476, III
143.3, 1341, III
143.3, 1362, III
143.3, 1466, III
143.4, 808, VI
143.5, 1403, III
143.6, 816, VI
143.6, 1334, III
143.6, 1365, III
143.7, 1324, III
143.8, 1426, III
143.9, 1312, III
143.9, 1372, III
144, 1375, III
144.1, 965, VI
144.1, 1320, III
144.1, 1391, III
144.2, 802, VI
144.2, 1469, III
144.4, 1307, III
144.7, 1428, III
144.7, 1429, III
144.8, 1343, III
144.8, 1394, III
145, 1399, III
145.1, 828, VI
145.1, 1339, III
145.1, 1451, III
145.2, 1370, III
145.3, 1424, III
145.4, 1421, III
145.6, 1436, III
145.8, 1053, V
145.8, 1441, III
145.9, 1319, III
146, 786, VI
146, 1055, V
146, 1072, V
146, 1369, III
146.1, 941, VI
146.1, 1034, V
146.1, 1110, V
146.1, 1113, V
146.2, 1037, V
146.2, 1066, V
146.2, 1086, V
146.2, 1105, V
146.2, 1358, III
146.3, 1044, V
146.3, 1049, V
146.3, 1073, V
146.3, 1111, V
146.3, 1409, III
146.3, 1417, III
146.4, 1052, V
146.4, 1062, V
146.4, 1064, V
146.4, 1069, V
146.4, 1071, V
146.4, 1083, V
146.4, 1095, V
146.4, 1100, V
146.5, 1047, V
146.5, 1074, V
146.5, 1075, V
146.5, 1084, V
146.5, 1097, V
146.5, 1099, V
146.5, 1106, V
146.5, 1344, III
146.5, 1388, III
146.6, 1042, V
146.7, 1038, V
146.7, 1039, V
146.7, 1067, V
146.7, 1076, V
146.7, 1077, V
146.7, 1078, V
146.7, 1088, V
146.7, 1092, V
146.7, 1093, V
146.7, 1323, III
146.8, 1035, V
146.8, 1050, V
146.8, 1057, V
146.8, 1059, V
146.8, 1061, V
146.8, 1063, V
146.8, 1085, V
146.8, 1090, V
146.8, 1101, V
146.9, 1033, V
146.9, 1043, V
146.9, 1045, V
146.9, 1048, V
146.9, 1056, V
146.9, 1070, V
146.9, 1080, V
146.9, 1082, V
147, 1040, V
147, 1051, V
147, 1098, V
147.1, 1054, V
147.1, 1065, V
147.1, 1094, V
147.1, 1109, V
147.2, 1079, V
147.2, 1091, V
147.2, 1103, V
147.2, 1104, V
147.2, 1107, V
147.2, 1108, V
147.2, 1340, III
147.3, 893, VI
147.3, 1361, III
147.3, 1438, III
147.4, 1036, V
147.4, 1081, V
147.4, 1087, V
147.4, 1096, V
147.4, 1102, V
147.4, 1114, V
147.4, 1442, III
147.5, 1041, V
147.5, 1058, V
147.5, 1068, V
147.6, 1060, V
147.6, 1089, V
147.6, 1348, III
147.6, 1411, III
147.7, 1046, V
147.7, 1386, III
147.8, 1112, V
148, 1406, III
148.2, 1360, III
148.2, 1383, III
148.4, 1400, III
148.7, 1459, III
148.9, 1425, III
149, 812, VI
149, 1336, III
149.1, 906, VI
149.1, 1395, III
149.1, 1398, III
149.3, 1423, III
149.3, 1433, III
149.5, 1352, III
149.7, 1328, III
150.9, 1337, III
151.1, 1343, III
151.2, 1353, III
151.4, 1356, III
151.9, 1345, III
152.1, 1053, V
152.3, 1055, V
152.3, 1072, V
152.3, 1434, III
152.4, 1034, V
152.4, 1110, V
152.4, 1113, V
152.4, 1461, III
152.5, 967, VI
152.5, 1037, V
152.5, 1066, V
152.5, 1086, V
152.5, 1105, V
152.6, 1044, V
152.6, 1049, V
152.6, 1073, V
152.6, 1111, V
152.7, 1052, V
152.7, 1062, V
152.7, 1064, V
152.7, 1069, V
152.7, 1083, V
152.7, 1095, V
152.7, 1100, V
152.7, 1310, III
152.8, 1047, V
152.8, 1074, V
152.8, 1075, V
152.8, 1084, V
152.8, 1097, V
152.8, 1099, V
152.8, 1106, V
152.8, 1431, III
152.9, 1042, V
153, 1038, V
153, 1039, V
153, 1067, V
153, 1076, V
153, 1077, V
153, 1078, V
153, 1088, V
153, 1092, V
153, 1093, V
153.1, 1035, V
153.1, 1050, V
153.1, 1057, V
153.1, 1059, V
153.1, 1061, V
153.1, 1063, V
153.1, 1085, V
153.1, 1090, V
153.1, 1101, V
153.2, 1033, V
153.2, 1043, V
153.2, 1045, V
153.2, 1048, V
153.2, 1056, V
153.2, 1070, V
153.2, 1080, V
153.2, 1082, V
153.2, 1325, III
153.3, 1040, V
153.3, 1051, V
153.3, 1098, V
153.4, 1054, V
153.4, 1065, V
153.4, 1094, V
153.4, 1109, V
153.4, 1374, III
153.4, 1448, III
153.5, 1079, V
153.5, 1091, V
153.5, 1103, V
153.5, 1104, V
153.5, 1107, V
153.5, 1108, V
153.5, 1355, III
153.7, 1036, V
153.7, 1081, V
153.7, 1087, V
153.7, 1096, V
153.7, 1102, V
153.7, 1114, V
153.8, 1041, V
153.8, 1058, V
153.8, 1068, V
153.9, 1060, V
154, 1046, V
154.1, 1112, V
154.1, 1465, III
154.4, 1351, III
154.4, 1413, III
154.8, 1392, III
155.1, 1464, III
155.2, 1467, III
155.6, 1423, III
155.7, 1468, III
156.5, 1367, III
156.7, 961, VI
157.7, 1356, III
157.9, 1362, III
158.3, 991, VI
158.4, 1053, V
158.4, 1401, III
158.5, 1316, III
158.6, 1055, V
158.6, 1072, V
158.7, 1034, V
158.7, 1110, V
158.7, 1113, V
158.8, 1037, V
158.8, 1066, V
158.8, 1086, V
158.8, 1105, V
158.8, 1381, III
158.9, 1044, V
158.9, 1049, V
158.9, 1073, V
159, 1062, V
159, 1064, V
159, 1069, V
159, 1083, V
159, 1095, V
159, 1100, V
159, 1332, III
159, 1405, III
159.1, 1047, V
159.1, 1074, V
159.1, 1084, V
159.1, 1097, V
159.1, 1099, V
159.1, 1106, V
159.1, 1334, III
159.2, 1042, V
159.3, 1038, V
159.3, 1039, V
159.3, 1076, V
159.3, 1077, V
159.3, 1078, V
159.3, 1088, V
159.3, 1092, V
159.3, 1093, V
159.3, 1444, III
159.4, 1050, V
159.4, 1057, V
159.4, 1059, V
159.4, 1061, V
159.4, 1063, V
159.4, 1085, V
159.4, 1090, V
159.4, 1101, V
159.4, 1443, III
159.5, 1033, V
159.5, 1043, V
159.5, 1045, V
159.5, 1048, V
159.5, 1056, V
159.5, 1082, V
159.5, 1329, III
159.5, 1364, III
159.6, 1040, V
159.6, 1051, V
159.7, 1054, V
159.7, 1065, V
159.7, 1109, V
159.8, 1079, V
159.8, 1091, V
159.8, 1103, V
159.8, 1104, V
159.8, 1107, V
159.8, 1108, V
159.9, 1417, III
160, 1036, V
160, 1081, V
160, 1087, V
160, 1096, V
160, 1102, V
160, 1114, V
160, 1318, III
160, 1349, III
160.1, 1058, V
160.1, 1068, V
160.1, 1310, III
160.1, 1391, III
160.1, 1445, III
160.2, 1060, V
160.2, 1399, III
160.3, 1046, V
160.3, 1369, III
160.4, 1112, V
160.6, 1403, III
160.6, 1450, III
160.7, 1309, III
160.7, 1407, III
160.7, 1433, III
160.8, 1414, III
160.9, 1321, III
160.9, 1424, III
160.9, 1453, III
161, 1470, III
161.2, 1408, III
161.3, 1307, III
161.3, 1368, III
161.6, 1422, III
161.6, 1473, III
161.6, 1477, III
161.8, 1460, III
161.9, 1341, III
161.9, 1371, III
161.9, 1423, III
162, 1372, III
162.1, 1323, III
162.1, 1344, III
162.2, 1360, III
162.2, 1387, III
162.3, 1427, III
162.3, 1452, III
162.3, 1463, III
162.3, 1469, III
162.5, 1350, III
162.5, 1410, III
162.6, 1420, III
162.6, 1448, III
162.7, 1402, III
163, 1475, III
163.1, 1313, III
163.1, 1353, III
163.2, 1395, III
163.3, 1311, III
163.3, 1320, III
163.3, 1468, III
163.4, 1365, III
163.6, 1322, III
163.6, 1380, III
163.7, 1351, III
163.8, 1386, III
163.9, 1352, III
163.9, 1390, III
163.9, 1474, III
164, 1393, III
164, 1404, III
164.1, 1430, III
164.1, 1438, III
164.2, 1333, III
164.2, 1362, III
164.2, 1409, III
164.4, 1411, III
164.4, 1440, III
164.5, 1367, III
164.5, 1378, III
164.5, 1418, III
164.6, 1317, III
164.6, 1370, III
164.6, 1373, III
164.6, 1439, III
164.7, 1053, V
164.7, 1467, III
164.9, 1359, III
165, 1110, V
165, 1343, III
165.1, 1086, V
165.1, 1328, III
165.1, 1381, III
165.1, 1384, III
165.2, 1315, III
165.3, 1335, III
165.3, 1405, III
165.3, 1442, III
165.3, 1446, III
165.3, 1449, III
165.4, 1326, III
165.4, 1346, III
165.4, 1428, III
165.5, 1412, III
165.6, 1092, V
165.6, 1338, III
165.6, 1398, III
165.6, 1437, III
165.6, 1454, III
165.8, 1334, III
165.8, 1366, III
165.8, 1377, III
165.9, 1316, III
165.9, 1415, III
165.9, 1419, III
166, 1421, III
166.1, 1336, III
166.1, 1354, III
166.2, 1417, III
166.2, 1447, III
166.2, 1456, III
166.3, 1340, III
166.3, 1349, III
166.3, 1401, III
166.3, 1413, III
166.3, 1429, III
166.5, 1357, III
166.5, 1358, III
166.5, 1388, III
166.5, 1396, III
166.6, 1324, III
166.6, 1327, III
166.6, 1441, III
166.7, 1329, III
166.7, 1416, III
166.7, 1472, III
166.8, 1369, III
167, 1330, III
167, 1348, III
167, 1363, III
167, 1433, III
167.1, 1314, III
167.1, 1385, III
167.1, 1462, III
167.2, 1364, III
167.2, 1414, III
167.3, 1318, III
167.3, 1425, III
167.4, 1436, III
167.5, 1361, III
167.5, 1408, III
167.6, 1309, III
167.6, 1337, III
167.6, 1403, III
167.7, 1321, III
167.8, 1347, III
167.8, 1424, III
167.8, 1432, III
167.8, 1458, III
167.9, 1391, III
167.9, 1422, III
167.9, 1450, III
167.9, 1477, III
168, 1072, V
168, 1434, III
168.1, 1312, III
168.1, 1319, III
168.1, 1460, III
168.1, 1471, III
168.2, 1341, III
168.2, 1371, III
168.2, 1423, III
168.2, 1457, III
168.3, 1099, V
168.3, 1372, III
168.3, 1461, III
168.3, 1466, III
168.4, 1323, III
168.4, 1344, III
168.4, 1383, III
168.5, 1090, V
168.5, 1310, III
168.5, 1332, III
168.5, 1360, III
168.5, 1387, III
168.5, 1392, III
168.6, 1045, V
168.6, 1061, V
168.6, 1307, III
168.6, 1426, III
168.6, 1427, III
168.6, 1443, III
168.6, 1452, III
168.6, 1469, III
168.7, 1463, III
168.7, 1476, III
168.8, 1350, III
168.9, 1331, III
168.9, 1397, III
168.9, 1420, III
168.9, 1448, III
168.9, 1465, III
168.9, 1473, III
169, 1470, III
169.1, 1444, III
169.2, 1063, V
169.2, 1342, III
169.2, 1389, III
169.3, 1451, III
169.3, 1475, III
169.4, 1313, III
169.4, 1431, III
169.5, 1037, V
169.5, 1395, III
169.6, 1320, III
169.6, 1468, III
169.7, 1345, III
169.7, 1355, III
169.8, 1109, V
169.8, 1374, III
169.8, 1453, III
169.9, 1073, V
169.9, 1365, III
169.9, 1380, III
169.9, 1406, III
170, 1351, III
170.1, 1386, III
170.2, 1062, V
170.2, 1352, III
170.2, 1390, III
170.2, 1474, III
170.3, 1112, V
170.3, 1404, III
170.4, 1056, V
170.4, 1083, V
170.4, 1087, V
170.4, 1430, III
170.4, 1435, III
170.4, 1438, III
170.5, 1362, III
170.5, 1393, III
170.5, 1409, III
170.6, 1382, III
170.7, 924, VI
170.7, 1034, V
170.7, 1040, V
170.7, 1105, V
170.7, 1400, III
170.7, 1440, III
170.8, 1043, V
170.8, 1085, V
170.8, 1394, III
170.8, 1418, III
170.9, 1055, V
170.9, 1370, III
170.9, 1373, III
170.9, 1439, III
170.9, 1464, III
171, 1053, V
171, 1101, V
171, 1339, III
171, 1375, III
171.2, 1359, III
171.2, 1445, III
171.2, 1459, III
171.3, 1033, V
171.3, 1047, V
171.3, 1110, V
171.3, 1343, III
171.3, 1455, III
171.4, 1044, V
171.4, 1075, V
171.4, 1086, V
171.4, 1094, V
171.4, 1096, V
171.4, 1384, III
171.5, 1050, V
171.5, 1091, V
171.5, 1410, III
171.6, 1106, V
171.6, 1322, III
171.6, 1335, III
171.6, 1442, III
171.6, 1446, III
171.7, 1077, V
171.7, 1080, V
171.7, 1088, V
171.7, 1346, III
171.8, 1326, III
171.8, 1353, III
171.8, 1379, III
171.9, 1049, V
171.9, 1078, V
171.9, 1092, V
171.9, 1113, V
171.9, 1398, III
171.9, 1437, III
171.9, 1454, III
172, 1035, V
172, 1076, V
172, 1333, III
172, 1412, III
172.1, 1071, V
172.1, 1097, V
172.1, 1334, III
172.1, 1377, III
172.2, 1065, V
172.2, 1069, V
172.2, 1104, V
172.2, 1107, V
172.2, 1316, III
172.2, 1317, III
172.2, 1376, III
172.2, 1419, III
172.3, 1052, V
172.3, 1081, V
172.3, 1093, V
172.3, 1108, V
172.3, 1421, III
172.4, 1038, V
172.4, 1051, V
172.4, 1054, V
172.4, 1064, V
172.4, 1066, V
172.4, 1074, V
172.4, 1082, V
172.4, 1100, V
172.4, 1114, V
172.5, 1378, III
172.5, 1417, III
172.5, 1447, III
172.5, 1456, III
172.6, 1349, III
172.6, 1401, III
172.6, 1429, III
172.7, 1058, V
172.7, 1325, III
172.8, 1084, V
172.8, 1328, III
172.8, 1358, III
172.8, 1388, III
172.8, 1402, III
172.9, 1042, V
172.9, 1067, V
172.9, 1103, V
172.9, 1441, III
173, 1059, V
173, 1368, III
173, 1416, III
173, 1472, III
173.1, 1041, V
173.1, 1102, V
173.1, 1308, III
173.1, 1369, III
173.2, 1057, V
173.2, 1070, V
173.2, 1329, III
173.2, 1356, III
173.3, 1095, V
173.3, 1330, III
173.3, 1348, III
173.3, 1363, III
173.3, 1433, III
173.4, 1046, V
173.4, 1111, V
173.4, 1314, III
173.4, 1315, III
173.4, 1462, III
173.5, 1324, III
173.6, 1039, V
173.6, 1336, III
173.6, 1425, III
173.7, 1079, V
173.8, 1036, V
173.8, 1361, III
173.8, 1408, III
173.9, 1060, V
173.9, 1089, V
173.9, 1309, III
173.9, 1338, III
173.9, 1467, III
174, 1321, III
174, 1436, III
174.1, 1068, V
174.1, 1424, III
174.1, 1432, III
174.1, 1458, III
174.2, 1354, III
174.2, 1385, III
174.2, 1450, III
174.2, 1477, III
174.3, 1072, V
174.3, 1434, III
174.4, 1098, V
174.4, 1312, III
174.4, 1327, III
174.4, 1357, III
174.4, 1407, III
174.4, 1449, III
174.5, 1048, V
174.5, 1341, III
174.5, 1399, III
174.5, 1457, III
174.6, 1099, V
174.6, 1396, III
174.6, 1461, III
174.7, 1344, III
174.7, 1364, III
174.7, 1366, III
174.7, 1428, III
174.8, 1090, V
174.8, 1360, III
174.8, 1387, III
174.9, 1045, V
174.9, 1061, V
174.9, 1311, III
174.9, 1426, III
174.9, 1427, III
174.9, 1443, III
174.9, 1471, III
175, 1332, III
175, 1411, III
175, 1414, III
175, 1463, III
175.2, 1397, III
175.2, 1420, III
175.2, 1448, III
175.2, 1465, III
175.3, 1310, III
175.3, 1413, III
175.4, 1422, III
175.4, 1470, III
175.5, 1063, V
175.5, 1331, III
175.5, 1342, III
175.5, 1389, III
175.6, 1451, III
175.6, 1475, III
175.7, 1313, III
175.7, 1391, III
175.7, 1415, III
175.8, 1037, V
175.8, 1367, III
175.9, 1320, III
175.9, 1452, III
175.9, 1468, III
175.9, 1476, III
176, 1345, III
176, 1355, III
176.1, 1109, V
176.1, 1347, III
176.1, 1374, III
176.1, 1453, III
176.2, 1073, V
176.2, 1337, III
176.2, 1365, III
176.2, 1380, III
176.2, 1406, III
176.3, 1351, III
176.3, 1381, III
176.3, 1469, III
176.3, 1473, III
176.4, 1386, III
176.5, 1062, V
176.5, 1352, III
176.5, 1390, III
176.5, 1403, III
176.5, 1431, III
176.5, 1474, III
176.6, 1112, V
176.6, 1404, III
176.7, 1056, V
176.7, 1083, V
176.7, 1087, V
176.7, 1430, III
176.7, 1438, III
176.8, 1362, III
176.8, 1393, III
176.8, 1466, III
177, 1034, V
177, 1040, V
177, 1105, V
177, 1400, III
177, 1440, III
177.1, 1043, V
177.1, 1085, V
177.2, 1055, V
177.2, 1373, III
177.2, 1383, III
177.2, 1392, III
177.2, 1405, III
177.2, 1460, III
177.2, 1464, III
177.3, 1053, V
177.3, 1101, V
177.3, 1323, III
177.3, 1339, III
177.3, 1350, III
177.3, 1375, III
177.5, 1359, III
177.5, 1445, III
177.5, 1459, III
177.6, 1033, V
177.6, 1047, V
177.6, 1110, V
177.6, 1343, III
177.6, 1455, III
177.7, 1044, V
177.7, 1075, V
177.7, 1086, V
177.7, 1094, V
177.7, 1096, V
177.7, 1384, III
177.7, 1435, III
177.8, 1050, V
177.8, 1091, V
177.8, 1370, III
177.8, 1382, III
177.8, 1395, III
177.9, 1106, V
177.9, 1322, III
177.9, 1335, III
177.9, 1340, III
177.9, 1418, III
177.9, 1442, III
177.9, 1444, III
178, 1077, V
178, 1080, V
178, 1088, V
178, 1346, III
178, 1423, III
178.1, 1326, III
178.1, 1353, III
178.1, 1379, III
178.1, 1410, III
178.2, 1049, V
178.2, 1078, V
178.2, 1092, V
178.2, 1113, V
178.2, 1307, III
178.2, 1398, III
178.2, 1409, III
178.2, 1437, III
178.2, 1454, III
178.3, 959, VI
178.3, 1035, V
178.3, 1076, V
178.3, 1333, III
178.4, 1071, V
178.4, 1097, V
178.4, 1319, III
178.4, 1334, III
178.4, 1371, III
178.4, 1377, III
178.4, 1394, III
178.4, 1446, III
178.5, 1065, V
178.5, 1069, V
178.5, 1104, V
178.5, 1107, V
178.5, 1318, III
178.5, 1376, III
178.6, 1052, V
178.6, 1081, V
178.6, 1093, V
178.6, 1108, V
178.6, 1421, III
178.7, 1038, V
178.7, 1051, V
178.7, 1054, V
178.7, 1064, V
178.7, 1066, V
178.7, 1074, V
178.7, 1082, V
178.7, 1100, V
178.7, 1114, V
178.7, 1419, III
178.8, 1378, III
178.8, 1417, III
178.8, 1456, III
178.9, 1316, III
178.9, 1349, III
178.9, 1401, III
179, 1058, V
179, 1325, III
179, 1372, III
179, 1412, III
179.1, 1084, V
179.1, 1358, III
179.1, 1388, III
179.1, 1402, III
179.2, 1042, V
179.2, 1067, V
179.2, 1103, V
179.2, 1439, III
179.2, 1441, III
179.2, 1447, III
179.3, 1059, V
179.3, 1368, III
179.3, 1416, III
179.3, 1472, III
179.4, 1041, V
179.4, 1102, V
179.4, 1369, III
179.5, 1057, V
179.5, 1070, V
179.5, 1329, III
179.5, 1356, III
179.6, 1095, V
179.6, 1330, III
179.6, 1433, III
179.7, 1046, V
179.7, 1111, V
179.7, 1314, III
179.7, 1315, III
179.7, 1462, III
179.8, 1324, III
179.9, 1039, V
179.9, 1308, III
179.9, 1328, III
179.9, 1336, III
179.9, 1425, III
180, 1079, V
180.1, 1036, V
180.1, 1361, III
180.1, 1408, III
180.2, 1060, V
180.2, 1089, V
180.2, 1309, III
180.2, 1338, III
180.2, 1467, III
180.3, 1321, III
180.3, 1436, III
180.4, 1068, V
180.4, 1424, III
180.4, 1432, III
180.4, 1458, III
180.5, 1354, III
180.5, 1385, III
180.5, 1429, III
180.5, 1450, III
180.5, 1477, III
180.6, 1072, V
180.6, 1434, III
180.7, 1098, V
180.7, 1312, III
180.7, 1327, III
180.7, 1348, III
180.7, 1357, III
180.7, 1363, III
180.7, 1407, III
180.7, 1449, III
180.8, 1048, V
180.8, 1341, III
180.8, 1399, III
180.8, 1457, III
180.9, 1099, V
180.9, 1396, III
180.9, 1461, III
181, 1344, III
181, 1364, III
181, 1366, III
181, 1428, III
181.1, 1090, V
181.1, 1360, III
181.2, 1045, V
181.2, 1061, V
181.2, 1311, III
181.2, 1426, III
181.2, 1427, III
181.2, 1443, III
181.2, 1471, III
181.3, 1317, III
181.3, 1332, III
181.3, 1411, III
181.3, 1414, III
181.3, 1463, III
181.4, 1387, III
181.5, 1397, III
181.5, 1420, III
181.5, 1448, III
181.5, 1465, III
181.6, 1310, III
181.6, 1413, III
181.7, 1422, III
181.7, 1470, III
181.8, 1063, V
181.8, 1331, III
181.8, 1342, III
181.9, 1451, III
182, 1313, III
182, 1391, III
182.1, 1037, V
182.2, 1320, III
182.2, 1367, III
182.2, 1452, III
182.2, 1468, III
182.2, 1476, III
182.3, 1345, III
182.3, 1355, III
182.4, 1109, V
182.4, 1347, III
182.4, 1374, III
182.4, 1453, III
182.5, 1073, V
182.5, 1337, III
182.5, 1365, III
182.5, 1380, III
182.5, 1406, III
182.6, 1351, III
182.6, 1381, III
182.6, 1389, III
182.6, 1469, III
182.6, 1473, III
182.7, 1386, III
182.8, 1062, V
182.8, 1352, III
182.8, 1390, III
182.8, 1403, III
182.8, 1431, III
182.8, 1474, III
182.9, 1112, V
182.9, 1404, III
183, 1056, V
183, 1083, V
183, 1087, V
183, 1430, III
183, 1438, III
183.1, 1362, III
183.1, 1393, III
183.1, 1466, III
183.3, 1034, V
183.3, 1040, V
183.3, 1105, V
183.3, 1400, III
183.3, 1440, III
183.4, 1043, V
183.4, 1085, V
183.5, 1055, V
183.5, 1373, III
183.5, 1383, III
183.5, 1392, III
183.5, 1405, III
183.5, 1460, III
183.5, 1464, III
183.6, 1053, V
183.6, 1101, V
183.6, 1323, III
183.6, 1339, III
183.6, 1350, III
183.6, 1375, III
183.8, 1359, III
183.8, 1415, III
183.8, 1445, III
183.8, 1459, III
183.9, 1033, V
183.9, 1047, V
183.9, 1110, V
183.9, 1343, III
183.9, 1455, III
184, 1044, V
184, 1075, V
184, 1086, V
184, 1094, V
184, 1096, V
184, 1384, III
184, 1435, III
184.1, 1050, V
184.1, 1091, V
184.1, 1370, III
184.1, 1382, III
184.1, 1395, III
184.2, 1106, V
184.2, 1322, III
184.2, 1335, III
184.2, 1340, III
184.2, 1418, III
184.2, 1442, III
184.2, 1444, III
184.3, 1077, V
184.3, 1080, V
184.3, 1088, V
184.3, 1346, III
184.3, 1423, III
184.4, 1353, III
184.4, 1379, III
184.4, 1410, III
184.5, 908, VI
184.5, 1049, V
184.5, 1078, V
184.5, 1092, V
184.5, 1113, V
184.5, 1307, III
184.5, 1398, III
184.5, 1409, III
184.5, 1437, III
184.5, 1454, III
184.6, 1035, V
184.6, 1076, V
184.6, 1333, III
184.7, 1071, V
184.7, 1097, V
184.7, 1319, III
184.7, 1334, III
184.7, 1371, III
184.7, 1377, III
184.7, 1394, III
184.7, 1446, III
184.8, 1065, V
184.8, 1069, V
184.8, 1104, V
184.8, 1107, V
184.8, 1318, III
184.8, 1376, III
184.8, 1475, III
184.9, 1052, V
184.9, 1081, V
184.9, 1093, V
184.9, 1108, V
184.9, 1421, III
185, 1038, V
185, 1051, V
185, 1054, V
185, 1064, V
185, 1066, V
185, 1074, V
185, 1082, V
185, 1100, V
185, 1114, V
185, 1419, III
185.1, 1378, III
185.1, 1417, III
185.1, 1456, III
185.2, 1316, III
185.2, 1349, III
185.2, 1401, III
185.3, 1058, V
185.3, 1325, III
185.3, 1372, III
185.3, 1412, III
185.4, 1084, V
185.4, 1358, III
185.4, 1388, III
185.4, 1402, III
185.5, 1042, V
185.5, 1067, V
185.5, 1103, V
185.5, 1439, III
185.5, 1441, III
185.5, 1447, III
185.6, 1059, V
185.6, 1368, III
185.6, 1416, III
185.6, 1472, III
185.7, 1041, V
185.7, 1102, V
185.7, 1369, III
185.8, 1057, V
185.8, 1070, V
185.8, 1329, III
185.8, 1356, III
185.9, 1095, V
185.9, 1330, III
185.9, 1433, III
186, 1046, V
186, 1111, V
186, 1314, III
186, 1315, III
186, 1462, III
186.1, 1324, III
186.2, 1039, V
186.2, 1308, III
186.2, 1328, III
186.2, 1425, III
186.3, 796, VI
186.3, 1079, V
186.4, 1036, V
186.4, 1361, III
186.4, 1408, III
186.5, 1060, V
186.5, 1089, V
186.5, 1309, III
186.5, 1467, III
186.6, 1321, III
186.6, 1336, III
186.6, 1436, III
186.7, 1068, V
186.7, 1424, III
186.7, 1432, III
186.7, 1458, III
186.8, 1354, III
186.8, 1385, III
186.8, 1429, III
186.8, 1450, III
186.8, 1477, III
186.9, 1072, V
186.9, 1434, III
187, 1098, V
187, 1312, III
187, 1326, III
187, 1327, III
187, 1348, III
187, 1357, III
187, 1407, III
187, 1449, III
187.1, 1048, V
187.1, 1341, III
187.1, 1399, III
187.1, 1457, III
187.2, 1099, V
187.2, 1396, III
187.2, 1461, III
187.3, 1344, III
187.3, 1364, III
187.3, 1366, III
187.3, 1428, III
187.4, 1090, V
187.4, 1360, III
187.5, 1045, V
187.5, 1061, V
187.5, 1427, III
187.5, 1443, III
187.5, 1471, III
187.6, 1332, III
187.6, 1411, III
187.6, 1414, III
187.6, 1463, III
187.7, 1387, III
187.8, 1397, III
187.8, 1420, III
187.8, 1448, III
187.8, 1465, III
187.9, 1310, III
187.9, 1317, III
187.9, 1338, III
187.9, 1413, III
188, 1422, III
188, 1470, III
188.1, 1063, V
188.1, 1311, III
188.1, 1331, III
188.2, 1451, III
188.3, 1313, III
188.3, 1391, III
188.4, 952, VI
188.4, 1037, V
188.5, 1320, III
188.5, 1342, III
188.5, 1367, III
188.5, 1452, III
188.5, 1468, III
188.5, 1476, III
188.6, 1345, III
188.6, 1355, III
188.6, 1426, III
188.7, 1109, V
188.7, 1347, III
188.8, 1073, V
188.8, 1337, III
188.8, 1365, III
188.8, 1380, III
188.9, 1351, III
188.9, 1381, III
188.9, 1469, III
188.9, 1473, III
189, 1386, III
189.1, 1062, V
189.1, 1352, III
189.1, 1374, III
189.1, 1390, III
189.1, 1406, III
189.1, 1431, III
189.1, 1453, III
189.1, 1474, III
189.2, 1112, V
189.2, 1404, III
189.3, 1056, V
189.3, 1083, V
189.3, 1087, V
189.3, 1430, III
189.3, 1438, III
189.4, 1362, III
189.4, 1393, III
189.4, 1466, III
189.6, 1034, V
189.6, 1040, V
189.6, 1105, V
189.6, 1400, III
189.6, 1440, III
189.7, 887, VI
189.7, 1043, V
189.7, 1085, V
189.8, 1055, V
189.8, 1373, III
189.8, 1383, III
189.8, 1392, III
189.8, 1403, III
189.8, 1405, III
189.8, 1460, III
189.8, 1464, III
189.9, 1053, V
189.9, 1101, V
189.9, 1323, III
189.9, 1339, III
189.9, 1350, III
189.9, 1375, III
190.1, 1445, III
190.1, 1459, III
190.2, 1033, V
190.2, 1047, V
190.2, 1110, V
190.2, 1343, III
190.2, 1455, III
190.3, 1044, V
190.3, 1075, V
190.3, 1086, V
190.3, 1094, V
190.3, 1096, V
190.4, 1050, V
190.4, 1091, V
190.4, 1370, III
190.4, 1395, III
190.5, 1106, V
190.5, 1322, III
190.5, 1335, III
190.5, 1340, III
190.5, 1418, III
190.5, 1442, III
190.5, 1444, III
190.6, 1077, V
190.6, 1080, V
190.6, 1088, V
190.6, 1346, III
190.6, 1423, III
190.7, 1415, III
190.8, 1049, V
190.8, 1078, V
190.8, 1092, V
190.8, 1113, V
190.8, 1307, III
190.8, 1398, III
190.8, 1409, III
190.8, 1437, III
190.8, 1454, III
190.9, 1035, V
190.9, 1076, V
190.9, 1333, III
191, 1071, V
191, 1097, V
191, 1334, III
191, 1371, III
191, 1377, III
191, 1394, III
191, 1446, III
191.1, 1065, V
191.1, 1069, V
191.1, 1104, V
191.1, 1107, V
191.1, 1318, III
191.1, 1363, III
191.1, 1376, III
191.1, 1475, III
191.2, 1052, V
191.2, 1081, V
191.2, 1093, V
191.2, 1108, V
191.2, 1319, III
191.2, 1384, III
191.2, 1421, III
191.3, 1038, V
191.3, 1051, V
191.3, 1054, V
191.3, 1064, V
191.3, 1066, V
191.3, 1074, V
191.3, 1082, V
191.3, 1100, V
191.3, 1114, V
191.3, 1419, III
191.4, 1378, III
191.4, 1379, III
191.4, 1417, III
191.4, 1456, III
191.5, 1316, III
191.5, 1349, III
191.6, 1058, V
191.6, 1325, III
191.6, 1372, III
191.6, 1412, III
191.7, 1084, V
191.7, 1358, III
191.7, 1388, III
191.7, 1402, III
191.8, 1042, V
191.8, 1067, V
191.8, 1103, V
191.8, 1439, III
191.8, 1441, III
191.9, 1059, V
191.9, 1368, III
192, 1041, V
192, 1102, V
192, 1369, III
192, 1435, III
192.1, 1057, V
192.1, 1070, V
192.1, 1329, III
192.1, 1356, III
192.2, 1095, V
192.2, 1330, III
192.2, 1433, III
192.3, 1046, V
192.3, 1111, V
192.3, 1314, III
192.3, 1315, III
192.4, 1389, III
192.5, 1039, V
192.5, 1308, III
192.5, 1328, III
192.5, 1425, III
192.6, 1079, V
192.6, 1462, III
192.7, 1036, V
192.7, 1361, III
192.8, 1060, V
192.8, 1089, V
192.8, 1309, III
192.8, 1467, III
192.9, 1321, III
192.9, 1336, III
192.9, 1410, III
193, 970, VI
193, 1068, V
193, 1424, III
193, 1432, III
193, 1458, III
193.1, 1354, III
193.1, 1385, III
193.1, 1408, III
193.1, 1429, III
193.1, 1450, III
193.1, 1477, III
193.2, 1072, V
193.2, 1353, III
193.2, 1434, III
193.3, 1098, V
193.3, 1312, III
193.3, 1327, III
193.3, 1348, III
193.3, 1407, III
193.3, 1449, III
193.4, 1048, V
193.4, 1341, III
193.4, 1359, III
193.4, 1399, III
193.4, 1457, III
193.5, 1099, V
193.5, 1396, III
193.5, 1461, III
193.6, 1344, III
193.6, 1364, III
193.6, 1366, III
193.6, 1428, III
193.7, 1090, V
193.7, 1360, III
193.8, 1045, V
193.8, 1061, V
193.8, 1427, III
193.8, 1443, III
193.9, 1332, III
193.9, 1411, III
193.9, 1414, III
194.1, 1397, III
194.1, 1420, III
194.1, 1448, III
194.1, 1465, III
194.2, 1310, III
194.2, 1317, III
194.2, 1324, III
194.2, 1413, III
194.3, 1382, III
194.3, 1422, III
194.3, 1470, III
194.4, 776, VI
194.4, 1063, V
194.5, 765, VI
194.5, 1451, III
194.6, 1313, III
194.6, 1357, III
194.6, 1472, III
194.7, 957, VI
194.7, 1037, V
194.8, 1320, III
194.8, 1367, III
194.8, 1452, III
194.8, 1468, III
194.9, 1345, III
194.9, 1355, III
194.9, 1416, III
195, 1109, V
195, 1347, III
195.1, 992, VI
195.1, 1073, V
195.1, 1337, III
195.1, 1365, III
195.1, 1380, III
195.1, 1401, III
195.1, 1476, III
195.2, 1351, III
195.2, 1381, III
195.2, 1469, III
195.2, 1473, III
195.3, 1386, III
195.4, 1062, V
195.4, 1352, III
195.4, 1390, III
195.4, 1431, III
195.4, 1474, III
195.5, 1112, V
195.5, 1404, III
195.6, 1056, V
195.6, 1083, V
195.6, 1087, V
195.6, 1438, III
195.7, 993, VI
195.7, 1362, III
195.7, 1393, III
195.7, 1406, III
195.7, 1466, III
195.9, 804, VI
195.9, 1034, V
195.9, 1040, V
195.9, 1105, V
195.9, 1400, III
196, 1043, V
196, 1085, V
196.1, 1055, V
196.1, 1373, III
196.1, 1392, III
196.1, 1405, III
196.1, 1460, III
196.1, 1464, III
196.2, 881, VI
196.2, 1053, V
196.2, 1101, V
196.2, 1323, III
196.2, 1350, III
196.2, 1375, III
196.3, 967, VI
196.3, 1403, III
196.4, 1445, III
196.4, 1459, III
196.5, 1033, V
196.5, 1047, V
196.5, 1110, V
196.5, 1331, III
196.5, 1338, III
196.5, 1343, III
196.5, 1455, III
196.5, 1471, III
196.6, 1044, V
196.6, 1075, V
196.6, 1086, V
196.6, 1094, V
196.6, 1096, V
196.6, 1387, III
196.7, 1050, V
196.7, 1091, V
196.7, 1370, III
196.7, 1395, III
196.7, 1463, III
196.8, 1106, V
196.8, 1335, III
196.8, 1340, III
196.8, 1418, III
196.8, 1442, III
196.8, 1444, III
196.9, 1077, V
196.9, 1080, V
196.9, 1088, V
196.9, 1346, III
196.9, 1423, III
197.1, 1049, V
197.1, 1078, V
197.1, 1092, V
197.1, 1113, V
197.1, 1307, III
197.1, 1409, III
197.1, 1436, III
197.1, 1437, III
197.1, 1454, III
197.2, 1035, V
197.2, 1076, V
197.3, 1071, V
197.3, 1097, V
197.3, 1334, III
197.3, 1371, III
197.3, 1446, III
197.4, 958, VI
197.4, 1065, V
197.4, 1069, V
197.4, 1104, V
197.4, 1107, V
197.4, 1318, III
197.4, 1376, III
197.4, 1475, III
197.5, 1052, V
197.5, 1081, V
197.5, 1093, V
197.5, 1108, V
197.5, 1391, III
197.5, 1421, III
197.6, 1038, V
197.6, 1051, V
197.6, 1054, V
197.6, 1064, V
197.6, 1066, V
197.6, 1074, V
197.6, 1082, V
197.6, 1100, V
197.6, 1114, V
197.6, 1339, III
197.6, 1419, III
197.7, 840, VI
197.7, 1378, III
197.7, 1417, III
197.8, 761, VI
197.8, 976, VI
197.8, 1342, III
197.8, 1349, III
197.8, 1377, III
197.9, 767, VI
197.9, 1058, V
197.9, 1319, III
197.9, 1325, III
197.9, 1372, III
197.9, 1379, III
197.9, 1412, III
198, 1084, V
198, 1358, III
198, 1388, III
198, 1394, III
198, 1398, III
198, 1402, III
198.1, 1042, V
198.1, 1067, V
198.1, 1103, V
198.1, 1441, III
198.2, 1059, V
198.3, 1041, V
198.3, 1102, V
198.3, 1316, III
198.4, 1057, V
198.4, 1070, V
198.4, 1329, III
198.4, 1356, III
198.4, 1368, III
198.5, 1095, V
198.5, 1433, III
198.6, 1046, V
198.6, 1111, V
198.6, 1314, III
198.6, 1315, III
198.6, 1322, III
198.8, 1039, V
198.8, 1308, III
198.8, 1328, III
198.8, 1425, III
198.9, 930, VI
198.9, 1079, V
198.9, 1462, III
199, 1036, V
199, 1361, III
199, 1435, III
199.1, 1060, V
199.1, 1089, V
199.1, 1309, III
199.2, 1321, III
199.2, 1336, III
199.2, 1410, III
199.3, 1068, V
199.3, 1424, III
199.3, 1432, III
199.3, 1453, III
199.4, 1354, III
199.4, 1383, III
199.4, 1385, III
199.4, 1450, III
199.4, 1477, III
199.5, 1072, V
199.6, 1098, V
199.6, 1312, III
199.6, 1348, III
199.6, 1407, III
199.7, 1048, V
199.7, 1341, III
199.7, 1399, III
199.7, 1457, III
199.8, 1099, V
199.8, 1396, III
199.8, 1461, III
199.9, 1344, III
199.9, 1364, III
199.9, 1366, III
199.9, 1428, III
200, 1090, V
200.1, 1045, V
200.1, 1061, V
200.1, 1426, III
200.1, 1443, III
200.2, 1332, III
200.2, 1411, III
200.2, 1414, III
200.2, 1427, III
200.4, 1420, III
200.4, 1429, III
200.4, 1448, III
200.4, 1465, III
200.5, 1310, III
200.5, 1353, III
200.5, 1413, III
200.6, 1326, III
200.6, 1422, III
200.6, 1470, III
200.7, 1063, V
200.7, 1467, III
200.8, 1430, III
200.8, 1447, III
200.8, 1451, III
201, 1037, V
201, 1360, III
201, 1408, III
201.1, 832, VI
201.1, 1320, III
201.1, 1452, III
201.1, 1468, III
201.2, 1345, III
201.2, 1355, III
201.3, 1109, V
201.3, 1347, III
201.4, 1073, V
201.4, 1337, III
201.4, 1380, III
201.5, 1357, III
201.5, 1381, III
201.5, 1469, III
201.5, 1473, III
201.6, 1386, III
201.7, 1062, V
201.7, 1352, III
201.7, 1431, III
201.8, 1112, V
201.8, 1404, III
201.9, 1056, V
201.9, 1083, V
201.9, 1087, V
201.9, 1389, III
202, 1362, III
202, 1393, III
202, 1466, III
202.2, 987, VI
202.2, 1034, V
202.2, 1040, V
202.2, 1105, V
202.2, 1400, III
202.3, 1043, V
202.3, 1085, V
202.4, 949, VI
202.4, 1055, V
202.4, 1390, III
202.4, 1405, III
202.4, 1434, III
202.4, 1464, III
202.5, 879, VI
202.5, 1053, V
202.5, 1101, V
202.5, 1323, III
202.5, 1350, III
202.5, 1375, III
202.5, 1392, III
202.6, 1351, III
202.7, 1445, III
202.8, 1033, V
202.8, 1047, V
202.8, 1110, V
202.8, 1311, III
202.8, 1331, III
202.8, 1343, III
202.8, 1359, III
202.8, 1455, III
202.9, 1044, V
202.9, 1075, V
202.9, 1086, V
202.9, 1094, V
202.9, 1096, V
202.9, 1472, III
203, 1050, V
203, 1091, V
203, 1395, III
203.1, 797, VI
203.1, 1106, V
203.1, 1335, III
203.1, 1369, III
203.1, 1418, III
203.1, 1444, III
203.2, 1077, V
203.2, 1080, V
203.2, 1088, V
203.2, 1346, III
203.2, 1382, III
203.2, 1423, III
203.3, 919, VI
203.4, 1049, V
203.4, 1078, V
203.4, 1092, V
203.4, 1113, V
203.4, 1307, III
203.4, 1409, III
203.4, 1437, III
203.5, 1035, V
203.5, 1076, V
203.5, 1333, III
203.6, 1071, V
203.6, 1097, V
203.6, 1334, III
203.7, 1065, V
203.7, 1069, V
203.7, 1104, V
203.7, 1107, V
203.7, 1406, III
203.8, 1052, V
203.8, 1081, V
203.8, 1093, V
203.8, 1108, V
203.8, 1391, III
203.9, 1038, V
203.9, 1051, V
203.9, 1054, V
203.9, 1064, V
203.9, 1066, V
203.9, 1074, V
203.9, 1082, V
203.9, 1100, V
203.9, 1114, V
203.9, 1370, III
204, 1417, III
204, 1442, III
204, 1449, III
204.1, 964, VI
204.1, 1330, III
204.1, 1349, III
204.2, 1058, V
204.2, 1325, III
204.2, 1365, III
204.2, 1372, III
204.3, 1084, V
204.3, 1388, III
204.3, 1460, III
204.4, 1042, V
204.4, 1067, V
204.4, 1103, V
204.5, 1059, V
204.5, 1340, III
204.6, 1041, V
204.6, 1102, V
204.6, 1446, III
204.7, 1057, V
204.7, 1070, V
204.7, 1356, III
204.7, 1384, III
204.7, 1401, III
204.8, 1095, V
204.8, 1433, III
204.9, 1046, V
204.9, 1111, V
205, 763, VI
205, 1373, III
205.1, 1039, V
205.1, 1324, III
205.1, 1425, III
205.2, 1079, V
205.2, 1474, III
205.3, 1036, V
205.4, 948, VI
205.4, 1060, V
205.4, 1089, V
205.5, 1410, III
205.6, 1068, V
205.6, 1321, III
205.6, 1424, III
205.6, 1432, III
205.7, 1317, III
205.7, 1354, III
205.7, 1477, III
205.8, 1072, V
205.8, 1361, III
205.9, 1098, V
205.9, 1348, III
206, 991, VI
206, 1048, V
206, 1341, III
206.1, 1099, V
206.2, 1344, III
206.2, 1364, III
206.2, 1428, III
206.2, 1439, III
206.3, 1090, V
206.4, 1045, V
206.4, 1061, V
206.4, 1443, III
206.5, 1319, III
206.5, 1411, III
206.5, 1427, III
206.7, 1456, III
206.7, 1463, III
206.8, 771, VI
206.8, 1310, III
206.8, 1374, III
206.9, 961, VI
207, 1063, V
207, 1371, III
207, 1421, III
207, 1461, III
207.1, 1451, III
207.3, 1037, V
207.4, 843, VI
207.4, 1320, III
207.4, 1419, III
207.5, 1396, III
207.6, 1109, V
207.7, 1073, V
207.7, 1387, III
207.8, 1381, III
208, 1062, V
208.1, 1112, V
208.2, 1056, V
208.2, 1083, V
208.2, 1087, V
208.3, 1362, III
208.4, 1318, III
208.4, 1440, III
208.4, 1468, III
208.5, 1034, V
208.5, 1040, V
208.5, 1105, V
208.6, 1043, V
208.6, 1085, V
208.7, 1055, V
208.7, 1316, III
208.7, 1405, III
208.8, 1053, V
208.8, 1101, V
208.8, 1323, III
208.8, 1375, III
208.9, 1329, III
209.1, 1033, V
209.1, 1047, V
209.1, 1110, V
209.1, 1343, III
209.1, 1415, III
209.1, 1448, III
209.2, 1044, V
209.2, 1075, V
209.2, 1086, V
209.2, 1094, V
209.2, 1096, V
209.3, 1050, V
209.3, 1091, V
209.3, 1395, III
209.4, 1106, V
209.4, 1327, III
209.4, 1398, III
209.5, 1077, V
209.5, 1080, V
209.5, 1088, V
209.5, 1423, III
209.7, 1049, V
209.7, 1078, V
209.7, 1092, V
209.7, 1113, V
209.8, 985, VI
209.8, 1035, V
209.8, 1076, V
209.9, 1071, V
209.9, 1097, V
209.9, 1465, III
210, 1065, V
210, 1069, V
210, 1104, V
210, 1107, V
210.1, 1052, V
210.1, 1081, V
210.1, 1093, V
210.1, 1108, V
210.1, 1441, III
210.2, 1038, V
210.2, 1051, V
210.2, 1054, V
210.2, 1064, V
210.2, 1066, V
210.2, 1074, V
210.2, 1082, V
210.2, 1100, V
210.2, 1114, V
210.4, 1379, III
210.4, 1466, III
210.5, 1058, V
210.5, 1372, III
210.5, 1473, III
210.6, 1084, V
210.6, 1402, III
210.7, 1042, V
210.7, 1067, V
210.7, 1103, V
210.7, 1358, III
210.7, 1363, III
210.8, 1059, V
210.8, 1334, III
210.9, 836, VI
210.9, 1041, V
210.9, 1102, V
211, 1057, V
211, 1070, V
211, 1386, III
211.1, 1095, V
211.1, 1433, III
211.2, 1046, V
211.2, 1111, V
211.4, 838, VI
211.4, 1039, V
211.5, 1079, V
211.6, 1036, V
211.7, 1060, V
211.7, 1089, V
211.9, 1068, V
212.1, 1072, V
212.2, 1098, V
212.3, 893, VI
212.3, 1048, V
212.4, 1099, V
212.6, 1090, V
212.7, 1045, V
212.7, 1061, V
213.2, 1438, III
213.3, 1063, V
213.6, 1037, V
213.7, 1315, III
213.7, 1320, III
213.9, 1109, V
214, 1073, V
214.3, 938, VI
214.3, 1062, V
214.4, 1112, V
214.5, 1056, V
214.5, 1083, V
214.5, 1087, V
214.8, 1034, V
214.8, 1040, V
214.8, 1105, V
214.8, 1352, III
214.9, 1043, V
214.9, 1085, V
215, 839, VI
215, 1055, V
215.1, 1053, V
215.1, 1101, V
215.3, 952, VI
215.4, 1033, V
215.4, 1047, V
215.4, 1110, V
215.5, 1044, V
215.5, 1075, V
215.5, 1086, V
215.5, 1094, V
215.5, 1096, V
215.5, 1470, III
215.6, 1050, V
215.6, 1091, V
215.7, 1106, V
215.8, 1077, V
215.8, 1080, V
215.8, 1088, V
215.8, 1423, III
216, 1049, V
216, 1078, V
216, 1092, V
216, 1113, V
216.1, 1035, V
216.1, 1076, V
216.1, 1469, III
216.2, 1071, V
216.2, 1097, V
216.3, 1065, V
216.3, 1069, V
216.3, 1104, V
216.3, 1107, V
216.3, 1426, III
216.4, 1052, V
216.4, 1081, V
216.4, 1093, V
216.4, 1108, V
216.5, 1038, V
216.5, 1051, V
216.5, 1054, V
216.5, 1064, V
216.5, 1066, V
216.5, 1074, V
216.5, 1082, V
216.5, 1100, V
216.5, 1114, V
216.8, 1058, V
216.9, 1084, V
217, 1042, V
217, 1067, V
217, 1103, V
217, 1429, III
217.1, 1059, V
217.2, 1041, V
217.2, 1102, V
217.3, 1057, V
217.3, 1070, V
217.4, 1095, V
217.4, 1459, III
217.5, 1046, V
217.5, 1111, V
217.5, 1332, III
217.7, 793, VI
217.7, 1039, V
217.8, 1079, V
217.9, 1036, V
217.9, 1412, III
218, 1060, V
218, 1356, III
218.1, 1342, III
218.1, 1351, III
218.2, 1068, V
218.4, 1072, V
218.5, 1098, V
218.6, 1048, V
218.6, 1343, III
218.7, 1099, V
218.9, 1090, V
219, 1045, V
219, 1061, V
219, 1405, III
219.1, 818, VI
219.2, 1347, III
219.6, 1063, V
219.8, 1409, III
219.9, 1037, V
220.2, 1109, V
220.2, 1307, III
220.2, 1425, III
220.3, 1073, V
220.6, 1062, V
220.7, 1112, V
220.7, 1413, III
220.8, 1056, V
220.8, 1083, V
220.8, 1087, V
221.1, 1034, V
221.1, 1040, V
221.1, 1105, V
221.2, 1043, V
221.2, 1085, V
221.2, 1395, III
221.3, 1055, V
221.4, 1053, V
221.4, 1101, V
221.6, 946, VI
221.7, 1033, V
221.7, 1110, V
221.8, 1086, V
221.8, 1096, V
221.9, 1050, V
222.3, 921, VI
222.3, 1092, V
222.7, 1081, V
222.8, 1038, V
222.8, 1114, V
224, 815, VI
225.2, 1340, III
225.3, 1337, III
226.3, 783, VI
231.4, 910, VI
233.7, 866, VI
286.4, 1242, IV
286.9, 1249, IV
292.9, 1246, IV
294.1, 1274, IV
295.3, 1266, IV
312.1, 1254, IV
572.4, 884, VI
790.3, 850, VI
860.9, 1226, IV
956.8, 1239, IV
967.3, 1270, IV
982.4, 1224, IV
1027.5, 881, VI
1029.8, 1225, IV
1038.9, 1328, III
1039.9, 1265, IV
1048.2, 1256, IV
1231.6, 979, VI
1269.1, 1261, IV
1285.7, 1200, IV
1343.9, 1216, IV
1360.9, 1219, IV
1376.6, 1202, IV
1452.3, 1377, III
1541.3, 1469, III
1591.3, 1206, IV
1603, 1453, III
1672.7, 962, VI
1749.6, 1213, IV
1794.4, 957, VI
1795.4, 928, VI
1875.3, 774, VI
2008.7, 954, VI
2051.9, 949, VI
2093.1, 1235, IV
2187.7, 1246, IV
2330.4, 860, VI
2342.6, 1208, IV
2344, 1059, V
2356.1, 1362, III
2367.2, 959, VI
2385.7, 934, VI
2798.6, 1218, IV
2832.6, 1272, IV
2841, 1369, III
2845.3, 1259, IV
2915.2, 1211, IV
2935.5, 769, VI
2991.1, 1235, IV
3166.2, 1393, III
3174.9, 790, VI
3177.4, 1084, V
3177.7, 1040, V
3253.4, 793, VI
3391.8, 837, VI
3463.1, 1436, III
3492.6, 826, VI
3509.2, 1262, IV
3522.9, 834, VI
3542.2, 1211, IV
3544.6, 910, VI
3590.5, 1264, IV
3595.8, 870, VI
3781, 904, VI
3788.6, 1230, IV
3919, 1328, III
3991.4, 777, VI
4100, 1202, IV
4208.2, 820, VI
4304.1, 856, VI
4369.8, 807, VI
4435.8, 1239, IV
4503.7, 792, VI
4517.7, 1261, IV
4530.1, 1223, IV
4532.7, 1378, III
4538.9, 1224, IV
4621.5, 856, VI
4664, 1247, IV
4717.8, 774, VI
4874, 965, VI
4888.2, 1443, III
4889.5, 897, VI
5043.8, 1422, III
5118.2, 825, VI
5128.9, 1237, IV
5242.4, 963, VI
5247.3, 1243, IV
5271.2, 1216, IV
5378.2, 851, VI
5391.9, 1214, IV
5404.3, 951, VI
5416.9, 961, VI
5510.6, 798, VI
5701.5, 1257, IV
5781, 869, VI
5795.7, 1252, IV
5953.8, 922, VI
