,0,0,0,0,0
,0.0658,0.10625,0.0079,-0.17376,0.02553
,-0.03351,-0.0631,0.10757,-0.08572,0.16779
,-0.0136,0.04266,0.18605,-0.04027,-0.19407
,-0.06701,-0.02644,-0.06486,0.13055,0.11251
,0.13116,-0.30986,-0.00307,0.04178,-0.24295
,0.03624,0.2559,-0.00163,-0.0883,-0.18737
,-0.2487,0.1045,0.15553,0.01424,-0.0123
,-0.02877,-0.17401,0.16388,0.19984,-0.01062
,0.1325,0.0571,0.10994,-0.03865,0.29107
,0.06462,-0.15835,0.0749,-0.08637,0.13521
,0.03435,-0.3788,0.22202,-0.16523,-0.26137
,0.12768,-0.03113,-0.12367,0.07932,-0.10343
,-0.00349,0.03964,0.013,0.01351,-0.00168
,-0.24007,-0.08766,-0.1448,0.02634,0.13003
,0.04946,0.11554,0.08715,-0.20526,-0.1831
,-0.23395,-0.11887,0.2387,0.20323,0.11217
,-0.01674,0.00473,-0.18476,0.06137,-0.29337
,0.20745,-0.27298,0.0863,0.11451,-0.11316
,-0.04288,-0.3325,0.27841,0.07504,-0.14257
,-0.18606,0.04613,-0.10001,-0.19407,0.06489
,-0.06165,0.17735,-0.02434,0.03638,0.01267
,0.03999,-0.1649,-0.16108,-0.14665,-0.18425
,-0.13296,-0.3117,0.26275,-0.1435,0.18319
,0.18692,0.15359,-0.20906,-0.15503,0.02921
,0.07077,-0.27015,0.03982,-0.07267,0.35636
,-0.0788,0.01507,0.18417,0.07587,0.00727
,0.09894,0.13303,-0.02122,0.08255,0.0786
,-0.04452,0.18303,-0.14854,0.05047,-0.17735
,0.1798,0.07903,0.06566,-0.03362,-0.16119
,-0.26728,0.25948,0.12704,0.09073,0.15154
,-0.09412,-0.11256,-0.13829,0.04456,-0.25513
,-0.07147,-0.09083,-0.15011,0.08917,-0.04509
,0.00165,0.04654,-0.07144,0.08803,-0.07456
,0.01283,-0.21665,-0.1865,-0.2632,-0.03863
,0.12623,0.07709,-0.0938,0.30084,-0.0097
,-0.30373,-0.02762,-0.18109,-0.02808,0.02472
,0.18224,0.37421,-0.02341,0.11041,0.27409
,0.17565,0.03719,-0.00781,-0.01747,0.29039
,-0.39437,-0.07902,0.01029,0.05001,0.24688
,0.04136,-0.16312,-0.00702,0.08218,-0.47059
,0.10359,0.14966,0.05652,-0.03725,-0.12885
,-0.06794,-0.04653,-0.0145,0.09058,-0.07558
,0.31137,-0.17251,-0.06168,-0.05865,-0.04125
,-0.09608,0.13382,0.34463,-0.05011,0.22153
,-0.17222,-0.08219,-0.10771,0.00173,-0.16517
,-0.47956,0.00062,0.17732,-0.08633,0.16949
,-0.11068,-0.14653,-0.07315,-0.03825,-0.11704
,-0.006,0.01002,-0.15968,0.26913,0.03854
,0.25277,0.10021,-0.06379,0.08415,0.1639
,-0.24521,-0.11594,-0.17081,-0.27403,0.10513
,-0.08864,-0.00485,0.10176,-0.14333,-0.09319
,0.16307,-0.24584,0.27098,0.03126,-0.05266
,0.02856,-0.08076,0.09365,0.30422,0.0604
,0.02852,-0.02725,0.06746,-0.1564,-0.05281
,0.04812,0.38049,-0.01803,0.26743,0.14406
,-0.06331,-0.15005,0.098,-0.08574,-0.12798
,0.2094,0.10557,0.09836,-0.14347,-0.03191
,-0.29097,-0.08628,0.18767,-0.10426,0.15407
,0.06088,-0.11213,-0.07148,0.02099,0.09598
,-0.30029,0.15489,-0.13361,-0.02105,0.03541
,0.20748,0.10236,0.20069,-0.17426,0.20125
,0.10895,0.29937,0.01866,-0.15073,-0.0623
,-0.22688,-0.01983,0.2138,0.15392,0.03013
,-0.12273,-0.02733,0.01281,-0.18046,0.12453
,0.36978,-0.12401,-0.18276,-0.143,-0.02076
,0.07712,-0.03449,0.06591,0.15714,0.05842
,0.20077,-0.22822,-0.1002,-0.06356,0.03576
,-0.09602,0.19309,0.20177,-0.05452,-0.15002
,0.09402,-0.42062,0.1954,-0.06149,0.22433
,0.28524,-0.16047,-0.02013,0.32146,0.07127
,-0.22158,0.19374,-0.00763,0.05191,0.0883
,0.02441,-0.28826,0.06111,-0.10809,-0.19591
,0.17933,-0.03261,-0.24222,0.13803,0.05355
,-0.16884,-0.15669,-0.153,0.02013,0.10083
,-0.03973,-0.13476,0.00159,-0.30888,-0.18301
,0.07844,-0.13783,0.00141,0.18742,-0.04918
,-0.04374,-0.12903,-0.05847,-0.00753,0.11307
,-0.00017,-0.20312,-0.07616,0.05945,-0.15719
,0.03574,-0.18467,-0.03168,0.07281,-0.17417
,0.12926,0.1633,-0.1473,-0.09788,0.1455
,-0.09022,-0.00856,-0.03455,0.05745,-0.23929
,-0.24002,0.27578,-0.40238,-0.16658,-0.06464
,0.07343,-0.33582,-0.10362,-0.10302,-0.08349
,0.04767,-0.04107,-0.20791,0.01739,-0.06493
,-0.00589,-0.00179,0.04447,0.12667,-0.25368
,0.10574,0.05033,0.05729,0.21082,0.06869
,-0.01794,0.23407,-0.05332,-0.18612,-0.2011
,0.11438,0.04735,-0.20902,0.12453,0.15427
,0.1161,-0.24183,0.01167,0.18986,-0.11628
,0.1721,-0.2452,0.12433,0.20669,-0.14525
,0.09839,0.2718,-0.02267,0.06796,-0.23419
,-0.14761,0.12231,-0.20404,0.09265,-0.05689
,-0.09563,-0.1493,-0.02205,-0.24182,0.04248
,0.08077,-0.29819,-0.16163,-0.09157,-0.03809
,-0.05802,-0.01842,-0.00266,0.03572,0.20273
,0.35829,-0.02802,-0.20295,-0.07313,-0.28116
,0.11115,0.2185,-0.16843,0.02851,0.3148
,-0.03542,0.21183,-0.2106,0.17748,-0.07892
,-0.05839,0.03519,0.27488,0.10752,-0.01896
,-0.01482,-0.0236,-0.19236,-0.05114,-0.12753
,0.15151,0.24183,0.20343,0.26338,0.17883
,-0.16742,-0.03537,-0.1824,-0.21559,0.16697
,-0.10119,0.02457,-0.12026,-0.20547,-0.32624
,-0.06209,-0.00875,0.08185,-0.15083,-0.18615
,0.00313,0.02754,-0.12201,0.01625,-0.12718
,-0.04425,-0.36865,0.1263,0.00001,-0.07437
,0.03743,0.05831,0.30857,0.07988,0.01
,0.02473,-0.20811,-0.30206,-0.03374,-0.10526
,0.21209,-0.00967,-0.05066,0.15987,-0.14238
,-0.00476,0.02755,-0.19532,0.17353,-0.05057
,0.06182,0.16305,-0.12763,-0.0511,-0.21802
,0.067,-0.33332,0.27316,0.11104,0.05846
,-0.05531,0.09511,-0.01779,0.02059,0.35092
,0.00383,-0.10091,-0.11869,-0.07428,0.06447
,0.16421,-0.05444,-0.17649,0.215,-0.10739
,-0.20014,-0.13253,0.0247,-0.09527,-0.08845
,-0.13567,-0.19377,-0.23583,0.08566,-0.40204
,0.18357,0.2152,0.05558,-0.01712,0.09188
,0.22213,-0.07285,-0.0928,0.04599,0.04264
,-0.23263,0.12748,-0.26271,-0.02392,0.19863
,0.30513,-0.28179,-0.03922,0.07433,-0.03813
,0.01219,-0.05153,-0.03922,-0.10707,0.21883
,-0.003,0.1438,0.21733,0.12201,0.19371
,0.17625,-0.25284,-0.01961,0.07598,-0.07227
,0.25324,0.16578,-0.24029,0.19557,-0.29322
,-0.19035,0.02444,-0.12139,0.43632,-0.18827
,-0.09783,-0.06144,-0.29457,-0.08927,-0.3669
,-0.17514,-0.1485,0.03333,-0.02731,-0.08733
,-0.29616,0.00039,-0.26198,0.09346,-0.09686
,0.18313,0.36254,-0.0409,-0.08362,-0.00665
,0.02202,0.10458,-0.07049,0.10935,-0.28161
,-0.05347,-0.09858,0.36473,0.19268,0.12718
,-0.09445,-0.13803,0.15269,0.27564,0.12416
,-0.04947,-0.03345,0.0804,0.0208,-0.02633
,-0.29754,0.09546,-0.16532,-0.46371,-0.00317
,0.04,0.04226,0.03209,0.05215,0.35622
,0.29605,-0.14734,0.07928,0.00515,0.19612
,-0.2508,-0.11595,0.10842,0.13896,-0.21403
,-0.13763,0.12907,-0.44603,-0.0323,-0.09222
,-0.01232,0.11317,-0.31462,-0.02331,-0.12531
,-0.01194,0.11684,-0.27662,0.0914,0.01101
,0.00438,0.05845,0.20153,-0.02201,-0.01067
,0.00523,-0.11475,0.03061,0.27048,0.34406
,0.14526,-0.21036,-0.01238,0.0847,-0.12175
,-0.13941,-0.23007,-0.08301,-0.06304,-0.12592
,-0.0995,0.196,0.08012,-0.12104,-0.0759
,-0.00217,-0.1657,-0.04837,0.11873,-0.10055
,-0.00728,-0.23406,-0.06411,0.19218,0.04119
,0.3731,-0.12357,0.41972,0.09129,0.1285
,0.16138,0.0919,0.24477,0.15196,-0.55539
,0.25431,0.24633,-0.14571,0.07443,0.04693
,0.04593,-0.45372,0.06659,-0.25794,-0.08443
,0.5826,-0.16907,0.21578,0.1362,-0.31774
,-0.14283,-0.24412,-0.31057,0.22568,-0.15774
,-0.14396,-0.17171,-0.09521,-0.06292,0.16732
,0.04443,-0.30962,0.09177,0.56887,-0.24277
,-0.15573,-0.18268,0.17689,-0.05886,0.20818
,0.0778,-0.26012,-0.1425,-0.12778,-0.04205
,0.10856,-0.30489,0.00373,-0.0201,0.11081
,0.14192,-0.35973,0.03671,-0.13568,-0.24546
,0.0127,-0.28356,-0.2268,0.17701,-0.09175
,-0.13454,-0.1393,0.09805,0.19765,-0.04953
,0.08656,-0.42146,-0.05031,-0.19557,0.49548
,-0.24474,-0.22868,0.01476,0.31248,-0.03187
,0.09133,-0.04242,0.04716,-0.04821,-0.01609
,0.00819,0.08606,-0.01928,0.04888,-0.0704
,-0.42074,-0.28318,0.16045,-0.09743,-0.22682
,-0.0699,-0.03993,0.01708,0.08434,-0.06218
,0.13954,-0.13026,-0.36775,-0.12871,0.16898
,-0.17112,-0.27566,-0.15843,-0.06368,-0.215
,0.16465,-0.3529,-0.03731,0.23381,-0.09432
,0.10954,-0.17122,0.07933,-0.01414,-0.1297
,-0.0536,-0.59424,-0.33845,0.20221,-0.09252
,-0.09896,-0.11558,0.05705,0.06421,0.01453
,-0.17728,-0.31252,0.15855,0.08807,0.0558
,0.1596,-0.4829,-0.09087,0.04792,-0.04214
,-0.02539,-0.41954,-0.18604,0.13371,-0.02037
,0.04223,-0.49034,-0.02424,0.24575,-0.06845
,0.15968,-0.26715,-0.07782,0.08011,0.03794
,0.24183,-0.0515,-0.01418,0.32829,-0.22323
,0.2347,0.01078,0.14648,0.01042,-0.06113
,0.27302,-0.26776,-0.15777,-0.58535,0.31694
,0.12423,-0.4528,-0.27382,0.01357,-0.0842
,0.27611,-0.01121,0.03279,0.18703,0.29145
,-0.16967,-0.4073,0.14592,-0.52776,0.13912
,-0.07131,-0.07503,0.1434,-0.1509,-0.0946
,0.11733,-0.31296,0.03899,0.1863,-0.2262
,0.00107,-0.37193,0.42019,-0.03353,0.19676
,0.25878,-0.19191,-0.18904,0.13147,-0.48233
,0.53026,-0.23397,-0.29277,-0.013,-0.05358
,0.07776,-0.02676,-0.08348,-0.00851,-0.35175
,-0.22206,-0.37336,-0.08494,-0.15389,0.22529
,0.19337,-0.14074,-0.07223,0.21333,0.06934
,0.10384,-0.49192,0.11247,-0.18289,-0.01827
,-0.08272,-0.38146,0.07491,0.13631,-0.03522
,-0.09657,-0.37243,-0.03616,0.00869,-0.0805
,0.04202,-0.26457,-0.09018,0.05022,0.07004
,0.17699,-0.27048,-0.07484,0.1379,-0.23632
,0.0307,-0.29848,-0.03462,-0.04367,-0.24863
,0.16833,0.1997,-0.2436,-0.04741,0.30038
,0.30321,-0.12939,0.2857,0.05832,0.08914
,0.17081,-0.27235,0.13784,0.00323,-0.27266
,0.08664,-0.43247,0.20217,-0.04954,0.1385
,0.09056,-0.39535,-0.14808,-0.25027,-0.09015
,0.13464,-0.44237,0.05526,0.0629,-0.18944
,0.20718,-0.38936,-0.21234,-0.02008,0.0016
,0.06451,-0.02058,-0.27559,-0.30279,-0.35586
,0.02054,-0.15077,0.29195,0.10334,0.06429
,0.01336,-0.13049,-0.21054,0.07817,-0.39614
,-0.3921,-0.33837,0.07146,0.01518,-0.13065
,-0.06427,-0.32729,-0.07995,0.18257,-0.33523
,-0.01668,-0.24389,-0.21825,-0.0639,-0.07943
,0.23545,-0.3255,-0.16274,-0.27405,-0.07567
,0.07034,0.09292,0.02588,0.22605,0.09602
,-0.17428,-0.3836,-0.2072,0.16763,-0.09613
,0.25711,-0.27569,-0.14046,0.10982,-0.07638
,-0.0559,-0.11892,-0.36511,0.12906,-0.26004
,-0.06645,-0.11167,-0.17794,-0.07349,-0.16553
,0.06913,-0.17155,0.13824,-0.0526,-0.20734
,0.23238,-0.33328,-0.07002,0.41315,-0.17441
,0.1005,-0.32385,0.07033,-0.18069,-0.06332
,0.02767,-0.30247,-0.2659,0.03661,-0.20092
,-0.09016,-0.35385,-0.11108,-0.222,-0.11271
,0.21576,-0.31026,0.12857,-0.10514,0.12484
,-0.04083,-0.61055,-0.04381,0.10161,-0.17741
,-0.08186,-0.22157,-0.16304,-0.18467,-0.10403
,-0.20203,-0.37407,0.11372,0.13779,-0.21763
,0.11877,-0.31292,-0.11293,-0.1714,-0.14927
,-0.01631,-0.06492,-0.34966,0.102,-0.0817
,0.04101,-0.51299,-0.13231,0.03333,-0.11893
,-0.24289,-0.03696,0.11778,-0.05981,0.17073
,0.09295,-0.30651,0.21376,-0.09019,-0.01338
,0.3021,-0.78556,-0.08623,-0.00657,-0.30512
,0.2114,-0.28038,-0.18812,-0.373,0.00728
,-0.13251,-0.14702,-0.16252,-0.18077,-0.17275
,-0.24132,-0.00248,-0.30142,-0.01088,-0.21552
,-0.07519,-0.51988,-0.06306,0.29922,-0.32549
,-0.13329,-0.22722,-0.01453,0.2282,0.05029
,-0.11555,-0.45759,0.22252,-0.1096,-0.18174
,-0.00171,-0.67416,-0.14806,-0.13112,-0.09794
,-0.10846,-0.36809,-0.09064,0.21949,0.12263
,0.07382,-0.29396,-0.05935,-0.12154,-0.28676
,0.02005,-0.12144,-0.11118,-0.03177,0.31563
,0.01541,-0.09889,0.07723,0.10318,-0.15378
,0.14501,-0.17116,0.20318,-0.08444,0.19547
,-0.10505,0.00297,-0.1977,-0.24908,-0.35142
,-0.13126,-0.07073,-0.11418,-0.04453,-0.05943
,0.30108,-0.34108,-0.02301,-0.23864,-0.0437
,-0.12898,-0.31767,0.02268,-0.19861,-0.1442
,-0.06167,-0.39755,-0.34865,-0.16066,-0.09211
,-0.09325,-0.02708,-0.19389,-0.54152,-0.09742
,-0.12316,-0.01865,-0.12954,0.27066,-0.15479
,-0.2455,-0.26737,-0.23747,0.51055,0.15693
,-0.19097,-0.32917,-0.14569,0.05194,-0.18566
,0.23646,-0.2432,0.0239,-0.11813,-0.27123
,0.06588,-0.49893,-0.27041,-0.10456,0.02674
,-0.07296,-0.35761,-0.00623,0.06237,-0.39207
,0.08494,-0.38426,-0.05173,0.01023,0.0594
,-0.09431,-0.7866,-0.10164,0.03903,-0.14081
,0.16157,-0.4234,-0.25291,-0.12256,-0.22644
,-0.36979,-0.37053,0.07728,-0.09625,0.05919
,-0.2328,-0.74222,0.06314,-0.00287,0.03649
,0.08915,-0.40127,-0.22756,-0.34195,-0.0299
,0.01993,-0.29051,-0.27495,0.03233,0.28722
,-0.11508,-0.36314,0.22523,-0.12507,-0.25916
,-0.01799,-0.56492,-0.29108,0.19694,-0.0308
,-0.24672,-0.3694,-0.19553,-0.24023,0.04091
,-0.36613,-0.14054,-0.17739,0.23809,-0.52071
,0.01071,-0.08835,0.11192,-0.27069,0.03026
,-0.07591,-0.52827,0.19283,-0.24907,-0.17582
,-0.21913,-0.30777,-0.07911,-0.33025,0.24298
,-0.35045,-0.05952,-0.16241,-0.08037,-0.04346
,-0.12129,-0.33752,-0.09236,-0.27416,-0.02314
,-0.16347,-0.32576,-0.16065,-0.1178,0.00298
,0.09927,-0.23549,-0.23436,-0.15644,-0.24309
,-0.18894,-0.3981,0.08332,-0.06065,0.1165
,0.07111,-0.22923,-0.11876,0.04821,0.05803
,-0.25157,-0.5727,0.10889,-0.22069,-0.13583
,0.11239,-0.22039,-0.32764,-0.0873,-0.23185
,0.16235,-0.05951,-0.30515,-0.03151,-0.31475
,-0.2151,-0.15179,-0.39479,-0.12167,0.17138
,-0.02736,-0.37068,0.28637,-0.29068,-0.00325
,0.08678,-0.06074,0.18877,-0.24863,0.14391
,-0.22651,-0.14776,-0.18761,-0.31843,-0.09928
,0.09009,-0.07534,-0.13692,-0.04404,0.05634
,-0.2173,-0.43206,-0.02842,-0.32272,-0.18811
,-0.32668,-0.17347,0.02991,-0.11624,-0.16066
,-0.42066,-0.27437,-0.0775,-0.47165,0.06269
,-0.11618,-0.29034,0.24447,0.06861,-0.11075
,-0.18931,-0.59853,0.18359,-0.06818,-0.122
,-0.37631,-0.37464,-0.07458,0.02791,0.14611
,-0.27479,-0.10684,0.10036,0.20241,-0.23916
,-0.40253,-0.57994,0.11533,-0.15199,-0.10262
,-0.16899,-0.08163,-0.09987,0.01229,0.03919
,-0.37688,-0.34274,-0.22053,0.08997,-0.24229
,-0.05685,-0.31693,0.24635,0.07673,-0.13568
,-0.28987,-0.13054,0.02368,-0.05666,0.14144
,-0.4116,-0.49526,-0.03929,-0.30995,-0.12748
,-0.18821,-0.03903,0.0572,0.01856,-0.23627
,-0.21956,-0.38803,-0.12259,0.02028,-0.02205
,-0.11152,-0.2771,0.06259,0.03827,-0.06693
,-0.01856,-0.33262,0.07693,-0.14988,-0.20145
,-0.22534,-0.11505,0.01077,-0.07862,-0.12654
,0.0114,-0.21607,-0.11813,0.06885,0.00852
,-0.34014,-0.57476,0.15762,-0.16526,0.00173
,-0.35175,0.04828,-0.12158,-0.12076,-0.15296
,-0.1728,-0.54566,-0.14652,-0.02527,-0.27816
,-0.34202,-0.54943,-0.12909,-0.1693,-0.25665
,-0.42602,-0.13471,-0.17635,-0.13751,0.02614
,-0.14116,0.05345,-0.05877,-0.16767,0.07741
,-0.52663,-0.0334,0.30832,-0.10342,0.18847
,-0.36008,-0.40238,0.04348,0.02894,-0.45856
,-0.40122,-0.52298,-0.12693,-0.18635,0.14423
,-0.13891,-0.2526,0.21749,0.04492,-0.23025
,-0.09547,-0.46529,-0.37249,0.12087,-0.0197
,-0.40067,-0.43003,0.09802,-0.35146,-0.20582
,-0.04973,-0.42345,0.01037,-0.20523,0.02707
,0.09209,-0.39451,-0.13358,-0.58592,0.12243
,-0.22631,-0.1328,-0.44241,-0.17449,-0.1844
,-0.38773,-0.53611,0.01927,0.0054,-0.13345
,-0.4023,-0.16688,-0.00365,0.18197,-0.24694
,-0.27223,-0.17934,-0.36573,-0.28232,0.09926
,-0.24917,-0.4879,-0.04306,-0.15492,0.036
,-0.35681,-0.43348,0.23947,-0.07539,-0.33589
,-0.08806,-0.51365,0.29161,0.00344,-0.16634
,-0.26514,-0.52084,-0.13711,-0.31846,-0.03669
,-0.50796,-0.17389,-0.00694,-0.28774,0.18313
,-0.22033,0.01703,-0.20358,-0.17654,-0.01323
,0.0343,-0.27447,-0.24261,-0.34052,-0.02522
,0.08344,-0.06476,-0.27148,-0.02995,-0.0526
,-0.37832,-0.11419,-0.3183,-0.06515,-0.10678
,-0.25265,-0.39363,-0.12217,-0.14772,-0.0017
,-0.35279,-0.7465,-0.22741,-0.07085,0.16282
,-0.38158,-0.23227,-0.17825,-0.09271,-0.04729
,-0.3365,-0.25818,0.0104,0.10381,0.25767
,-0.53703,-0.31391,-0.47087,-0.08508,-0.12544
,-0.30455,-0.1098,-0.14141,0.00505,-0.20413
,-0.55191,-0.46201,-0.59736,-0.37478,0.25138
,-0.21464,-0.22323,-0.1657,-0.07749,-0.0626
,-0.38359,-0.23535,-0.35148,0.02968,0.14409
,-0.25584,-0.15649,-0.19625,-0.21551,-0.24879
,-0.18861,-0.47022,-0.19255,-0.08562,-0.09654
,-0.10091,-0.34206,-0.12686,-0.08072,-0.00357
,-0.04729,-0.27455,0.01919,-0.2864,-0.12552
,-0.27935,-0.35955,-0.4732,-0.17032,0.20594
,-0.27195,-0.29045,-0.39132,-0.17717,-0.16931
,-0.14134,-0.52887,-0.11238,-0.15429,-0.2506
,-0.64299,-0.05526,-0.04824,-0.19102,-0.37064
,-0.23851,-0.32121,-0.1651,0.03506,0.01491
,-0.23179,-0.39134,0.33781,0.03858,-0.26487
,-0.27681,-0.55439,0.1052,-0.23701,-0.13241
,-0.35527,-0.28857,-0.88033,-0.29605,-0.30212
,-0.33155,-0.31808,0.06599,-0.38034,-0.16148
,-0.23141,-0.59267,-0.09101,-0.34503,-0.14798
,-0.27929,-0.15363,-0.22031,0.1997,-0.10947
,-0.04458,-0.36416,0.13374,-0.27306,-0.01521
,-0.39236,-0.40388,-0.47268,-0.30219,0.13473
,-0.14963,-0.27611,-0.25267,-0.36307,0.05868
,-0.29593,-0.46937,-0.05735,-0.01319,0.18935
,-0.08714,0.06065,-0.39355,-0.17977,0.22311
,-0.33681,-0.46999,-0.05381,-0.12877,0.0147
,-0.41051,-0.41605,0.20635,-0.18603,0.16417
,-0.52215,-0.22433,-0.27913,-0.2834,-0.20813
,-0.39653,-0.40637,-0.32825,-0.10903,-0.40249
,-0.30679,-0.28964,0.03459,-0.10516,-0.12452
,-0.23188,-0.13459,-0.4553,-0.26707,-0.00789
,-0.33229,-0.01652,-0.37733,-0.2859,-0.10311
,-0.28949,-0.24827,-0.27167,0.07033,-0.03634
,-0.37064,-0.4799,0.00332,-0.20568,0.2309
,-0.23051,-0.54283,-0.28273,-0.13404,0.17872
,-0.16357,-0.52257,-0.14235,-0.1647,-0.03328
,-0.4186,-0.16696,-0.1362,0.03296,-0.18196
,-0.06055,-0.43845,-0.52074,-0.24081,0.01232
,-0.30769,-0.33357,-0.29894,-0.44446,0.15984
,-0.27287,-0.30858,-0.28115,0.02103,0.03492
,-0.09385,-0.41236,-0.36458,-0.27524,0.11078
,-0.30748,-0.31669,-0.23428,-0.08662,-0.14864
,-0.20103,-0.29732,0.07222,-0.0998,-0.14916
,-0.37197,0.21803,-0.1266,-0.35677,-0.09062
,-0.01203,-0.34011,-0.35462,-0.10024,0.12603
,-0.13478,-0.22028,-0.06187,-0.36837,-0.08679
,-0.52332,-0.11571,-0.07341,-0.31568,-0.11072
,-0.20205,-0.10562,-0.10324,-0.30064,-0.01065
,-0.62397,-0.25252,-0.29744,-0.14604,-0.08321
,-0.30513,-0.35771,0.18308,-0.33797,0.0602
,-0.28202,-0.09578,-0.13245,-0.26168,0.03009
,-0.28637,0.00898,0.19468,-0.59013,0.04649
,-0.24419,-0.19297,-0.07618,0.01041,0.0978
,-0.12443,-0.52825,-0.59259,-0.39737,-0.03787
,-0.10716,-0.01055,-0.15149,-0.46807,0.14587
,-0.14851,0.01085,-0.2448,-0.32093,-0.33516
,-0.40396,-0.18968,-0.28545,-0.49122,-0.3366
,-0.24996,-0.27065,0.03426,0.2555,0.02194
,-0.24286,0.1938,-0.14438,-0.3045,-0.45562
,-0.35599,-0.53451,0.00493,-0.09033,-0.09419
,-0.07814,-0.32634,-0.35954,-0.44221,0.06096
,-0.4027,-0.0881,-0.08351,-0.34841,0.11349
,-0.49487,-0.18733,0.06973,-0.1077,-0.08011
,-0.23649,-0.11102,-0.07243,-0.1595,0.12099
,-0.19404,-0.08639,-0.06594,-0.39321,0.15461
,-0.02614,-0.22515,-0.36081,-0.41191,-0.01443
,-0.37669,-0.17005,-0.36685,-0.20628,-0.03101
,-0.5381,-0.30844,-0.06092,-0.3026,0.21723
,-0.70973,-0.45766,-0.18054,-0.19061,0.00267
,-0.0318,-0.25051,0.07177,-0.3191,0.18825
,-0.40716,-0.38144,-0.30875,-0.02398,-0.11844
,0.08664,-0.4301,-0.06472,-0.5812,0.1026
,-0.08817,-0.24826,0.01786,-0.15507,0.0511
,-0.55215,-0.24213,-0.05479,-0.20544,-0.31026
,-0.0519,-0.33666,-0.06588,-0.5732,-0.37427
,-0.30579,0.00997,0.05863,-0.17158,-0.01596
,-0.08156,-0.19762,-0.10047,-0.17068,0.15126
,-0.41296,-0.18058,-0.25944,-0.48186,-0.1563
,-0.09034,-0.19551,-0.07318,-0.37438,-0.07764
,-0.31284,0.15274,0.14718,-0.04096,-0.34499
,-0.33645,0.01292,0.24634,-0.32437,-0.08454
,-0.50095,-0.22439,-0.37964,-0.39936,0.06364
,-0.10337,-0.08715,-0.09205,-0.38268,-0.05982
,-0.26459,-0.51345,-0.23195,-0.34005,0.06951
,-0.38471,-0.34013,0.03267,-0.34266,0.29875
,-0.21717,-0.24648,-0.27298,-0.22336,-0.12182
,-0.59568,-0.01104,-0.35666,-0.42201,0.02722
,-0.12908,-0.22631,-0.08169,-0.03036,-0.18258
,-0.38813,-0.37112,-0.11389,-0.3365,-0.07085
,-0.07444,-0.25965,0.00777,-0.07227,-0.09743
,0.19894,-0.10406,0.08927,-0.19085,-0.00197
,-0.23343,-0.13854,0.13675,-0.42883,-0.29256
,-0.15395,-0.03822,-0.21328,-0.22471,-0.1364
,-0.12429,0.10956,0.09814,-0.23061,-0.28253
,-0.30003,-0.2977,-0.1351,-0.48065,-0.1286
,-0.46089,-0.52698,-0.09399,-0.56746,-0.0859
,-0.50263,-0.05629,0.19192,-0.16824,0.0395
,-0.31675,-0.22549,-0.01504,-0.35119,-0.14128
,0.05583,-0.13289,-0.31421,-0.22498,0.12777
,-0.06651,-0.23246,-0.21823,-0.25853,-0.01082
,-0.11528,-0.43615,-0.08347,-0.26027,-0.20461
,-0.09963,-0.23856,-0.07646,-0.28428,-0.21319
,0.02984,-0.19064,-0.17425,-0.36768,-0.08654
,-0.22747,-0.11023,-0.18932,-0.31152,0.10024
,-0.0964,-0.02251,-0.01146,-0.2425,-0.1547
,0.05534,-0.17344,-0.13714,0.0017,-0.31293
,-0.23684,-0.24037,-0.48133,-0.27497,0.00242
,-0.00446,-0.05626,-0.40605,-0.02265,-0.01869
,-0.11804,-0.06546,0.14064,-0.23549,0.18378
,-0.29406,-0.09731,-0.0531,-0.32511,0.23863
,-0.12502,-0.23375,0.11277,-0.14146,0.13868
,-0.28264,-0.10056,-0.21213,-0.11639,-0.23916
,-0.32782,-0.18449,-0.46895,-0.13748,0.06229
,0.02427,-0.30564,-0.09717,-0.23187,-0.33426
,-0.12155,-0.09527,-0.05816,0.00757,-0.0113
,-0.12174,0.07656,0.03735,-0.17536,-0.34564
,-0.4328,-0.12349,-0.12336,-0.28369,-0.02266
,-0.11684,-0.43053,0.11398,-0.21338,0.04687
,-0.1289,-0.30504,-0.02992,-0.17938,-0.02024
,-0.15189,-0.64541,0.05786,-0.31538,0.03725
,-0.4751,-0.23639,-0.0909,-0.02823,-0.13659
,-0.2498,-0.29176,-0.3867,-0.12381,-0.81553
,-0.11159,-0.19161,-0.15562,-0.27811,-0.45525
,-0.24504,-0.01537,-0.09366,-0.48318,-0.07971
,-0.07917,-0.53562,0.0536,-0.38833,-0.05046
,-0.17229,-0.25791,-0.35635,-0.28676,-0.13775
,-0.4088,-0.18016,-0.12875,-0.1451,-0.57605
,-0.10284,-0.19113,0.00926,-0.33864,-0.07091
,-0.1923,-0.12695,0.01406,-0.01431,0.01197
,-0.30333,-0.20765,-0.00713,-0.02052,-0.08543
,-0.05691,-0.33016,0.10477,-0.19936,-0.12046
,-0.19732,-0.34956,0.1162,-0.16652,-0.21391
,-0.1128,0.01814,-0.01546,0.00556,-0.18545
,-0.28446,-0.21801,-0.21734,-0.10827,0.08134
,0.05232,-0.13228,-0.33741,-0.31787,-0.27813
,-0.32437,-0.03944,0.4968,-0.04701,-0.41322
,-0.13873,0.03985,-0.39274,-0.01185,-0.10333
,-0.56916,-0.09659,0.01097,-0.67452,-0.04571
,-0.14879,0.00823,-0.36539,-0.28814,0.03791
,-0.227,-0.16038,0.04151,-0.45652,-0.35299
,-0.12809,-0.01411,-0.19394,-0.23226,-0.05474
,-0.46725,-0.08425,-0.23134,-0.21081,-0.06888
,-0.14052,-0.17419,-0.29255,-0.52371,-0.50918
,-0.16701,-0.09455,-0.15071,-0.22187,-0.24152
,-0.39235,-0.03367,-0.12473,-0.21429,-0.24032
,-0.10046,-0.06357,-0.06365,-0.199,-0.07466
,-0.25306,-0.25739,0.02242,-0.16638,-0.43102
,0.11648,-0.31861,-0.12278,-0.24007,0.16073
,-0.09177,0.03393,-0.17653,-0.22001,-0.05536
,0.07058,0.07433,-0.14912,-0.3513,-0.34988
,-0.33182,-0.24822,-0.12073,-0.19087,-0.01168
,-0.09227,-0.28178,-0.00802,0.07732,0.05645
,-0.35819,-0.13545,-0.2824,-0.38719,-0.22069
,0.00864,-0.24983,-0.03612,-0.15781,0.17146
,-0.07552,-0.05046,0.175,-0.02063,-0.19439
,-0.07891,-0.06895,0.33427,0.17159,-0.10425
,-0.14493,-0.28153,-0.56294,-0.26008,-0.01743
,-0.16861,-0.0502,0.01785,-0.03647,-0.09654
,-0.01201,-0.33874,-0.20876,-0.04005,-0.29101
,-0.07974,-0.08139,0.1583,-0.43985,-0.20675
,-0.18111,-0.02274,-0.23732,-0.0592,-0.04519
,-0.08585,0.08202,-0.19424,-0.00403,-0.22117
,-0.36787,-0.26064,-0.24242,-0.4383,-0.41526
,-0.12443,-0.12861,-0.11593,-0.18103,-0.09068
,0.10429,-0.14059,0.01697,-0.30248,-0.21813
,-0.28808,-0.05539,-0.34784,-0.32382,-0.2944
,-0.21935,-0.19356,-0.05301,-0.28166,-0.01127
,-0.08501,-0.20247,-0.02178,-0.44468,-0.47942
,-0.3947,0.0345,-0.24512,-0.13054,-0.48068
,-0.14262,-0.31108,-0.18293,-0.24136,-0.40486
,-0.2355,-0.43716,0.08373,-0.13368,-0.03426
,-0.46911,-0.15814,-0.26467,-0.34157,-0.30852
,0.1501,-0.06653,0.03229,-0.05554,-0.25536
,-0.07973,-0.29464,0.01705,-0.27501,-0.2057
,-0.20489,-0.12691,0.43143,-0.00428,-0.17126
,0.0459,-0.03162,-0.06429,-0.08329,-0.16358
,-0.14978,0.26476,-0.2186,0.01052,0.01286
,-0.16502,-0.43395,-0.23938,-0.06054,-0.36458
,0.07554,-0.15767,-0.23236,-0.12996,0.16224
,0.07384,-0.12593,-0.08541,0.03885,-0.13222
,-0.43989,-0.22946,-0.17459,-0.44931,-0.128
,-0.18,-0.43262,-0.37512,-0.25472,0.01009
,-0.08507,0.08936,0.17442,-0.24576,-0.19469
,-0.10018,-0.51192,-0.39567,-0.10465,-0.23443
,-0.2526,-0.16652,-0.05341,-0.07387,-0.17696
,-0.12131,-0.14788,-0.1725,-0.31941,0.09955
,-0.15355,0.00577,-0.19804,-0.01745,-0.02057
,0.03687,-0.38779,-0.29319,-0.00929,-0.21698
,-0.24557,0.05166,-0.24576,-0.19096,-0.06148
,-0.23911,-0.21411,-0.10588,0.0046,-0.11385
,-0.46748,0.07827,-0.21265,-0.21999,-0.11657
,-0.16865,-0.23463,-0.15328,-0.29497,-0.044
,-0.14554,-0.48644,-0.02508,-0.37147,-0.03627
,-0.40103,-0.10182,0.02761,0.00398,0.22737
,-0.30475,-0.32833,-0.43184,0.04029,-0.18508
,-0.46813,0.06482,-0.27356,-0.30943,0.18692
,-0.19787,-0.00487,-0.16907,-0.17535,0.25406
,0.27004,-0.21321,0.08791,-0.1597,0.22457
,-0.03889,-0.00278,-0.13811,0.18179,0.07178
,0.14787,-0.1844,-0.14753,-0.1632,-0.14898
,-0.14345,-0.05835,-0.13015,-0.12923,-0.17194
,-0.51899,-0.20585,0.00128,0.08426,-0.25894
,-0.47277,-0.15819,-0.12712,0.04713,-0.02477
,-0.41386,-0.204,-0.38277,-0.4652,0.04258
,-0.17317,-0.48619,0.12825,-0.13709,-0.16188
,-0.26485,-0.33325,-0.06092,0.10433,0.0688
,-0.02457,-0.57902,0.08051,0.08393,-0.18737
,0.00429,-0.50877,-0.20167,0.24685,0.07706
,-0.38175,0.05046,-0.12872,-0.15004,-0.07741
,-0.06098,-0.37198,-0.37856,-0.20071,-0.0177
,-0.08199,-0.15615,-0.26445,0.32273,-0.4474
,-0.17199,-0.36365,-0.27451,-0.12362,-0.18542
,-0.33002,0.03556,-0.12924,0.06155,0.10255
,-0.26395,-0.32658,0.07457,-0.10023,-0.05475
,-0.35059,-0.13831,-0.33548,0.02351,-0.15058
,-0.31146,-0.13669,-0.27044,-0.16219,-0.08994
,-0.73609,-0.12146,-0.10532,-0.15544,-0.21465
,-0.43369,-0.44069,-0.10907,0.15292,-0.30892
,-0.24867,-0.1325,-0.17834,-0.49536,0.19111
,-0.19179,-0.09587,-0.06816,-0.4086,-0.30091
,-0.71658,-0.18944,-0.18619,-0.13799,-0.03547
,-0.15075,-0.04968,-0.2284,-0.30691,-0.31718
,-0.62801,-0.24059,-0.34723,-0.38758,-0.17706
,-0.209,-0.04211,-0.03893,-0.08326,-0.29411
,-0.19342,0.0027,0.20976,-0.06351,-0.11931
,-0.12686,-0.24586,-0.43249,-0.28051,0.05019
,-0.25295,-0.22258,0.13168,-0.00243,-0.22694
,-0.32145,-0.302,0.02278,0.10437,-0.1232
,-0.06231,-0.29688,-0.20292,0.10488,-0.18031
,-0.49928,-0.13689,0.19379,-0.40069,-0.09742
,-0.2273,-0.30171,0.02806,0.06507,-0.31605
,-0.16955,-0.138,-0.24102,-0.0487,-0.0824
,-0.10541,-0.02814,0.00901,-0.13638,-0.01774
,-0.2087,0.03222,-0.03226,-0.21257,-0.18326
,-0.4185,-0.17374,-0.12316,-0.20756,-0.33424
,-0.21871,-0.21191,-0.11735,0.17252,-0.08561
,-0.48581,-0.30869,-0.28829,-0.11384,0.20283
,-0.1803,-0.22747,0.05924,0.05406,-0.32077
,-0.47153,0.04084,-0.1667,-0.10365,-0.1466
,-0.13718,-0.24899,0.05027,-0.05592,-0.20608
,-0.62034,-0.01661,-0.01171,-0.33475,-0.4685
,-0.26184,-0.45691,-0.059,-0.18916,-0.14386
,-0.2657,-0.35197,-0.21115,-0.13291,-0.33246
,-0.07364,-0.22207,0.00058,-0.07807,-0.18965
,-0.43134,-0.25379,0.15714,-0.00065,-0.26492
,0.09509,0.01259,0.04463,-0.33883,-0.06709
,-0.4559,-0.32069,-0.28743,-0.25783,-0.11661
,-0.39914,-0.08336,0.08973,-0.22705,-0.36251
,-0.23769,0.02471,0.12665,-0.12847,-0.24601
,-0.29924,-0.22367,0.05911,0.14923,0.01958
,-0.29778,-0.29111,-0.00715,-0.20515,-0.18083
,-0.39703,-0.30641,0.0665,-0.1905,-0.29213
,-0.46765,-0.42227,-0.55654,-0.12767,-0.13125
,0.02732,-0.34595,-0.0264,-0.30163,0.00994
,-0.28662,-0.1852,-0.08327,-0.01279,-0.27468
,-0.34008,0.20865,0.26183,0.2706,-0.2649
,-0.35157,-0.269,0.01537,0.0228,-0.06846
,-0.2976,-0.10831,-0.12647,-0.11141,-0.1029
,-0.35659,-0.10179,0.008,-0.42068,-0.53347
,-0.17444,-0.40751,0.03185,0.13948,0.09722
,-0.17399,-0.1211,-0.18115,0.02423,-0.38971
,-0.24031,-0.13137,0.0649,0.08172,-0.04039
,-0.07938,-0.24374,0.06524,-0.18502,0.19626
,-0.15669,-0.60943,0.17703,-0.14831,0.19962
,-0.32132,-0.11606,-0.26534,-0.15813,-0.25853
,-0.55263,-0.04486,-0.19858,-0.05184,-0.03717
,-0.16884,-0.16928,-0.08124,-0.06971,-0.31613
,-0.02309,-0.14618,0.02293,-0.31484,0.24393
,-0.15539,-0.14889,-0.12255,0.06611,-0.60577
,-0.39446,-0.24408,-0.17023,0.0762,-0.21525
,-0.22656,-0.17656,-0.07585,0.2196,-0.06576
,-0.13263,-0.13661,-0.0931,-0.05716,-0.1377
,-0.12274,-0.20118,0.08102,-0.04448,-0.34053
,-0.12061,-0.13941,0.01088,0.02379,-0.06544
,-0.27825,-0.09192,-0.08055,0.25934,-0.07852
,-0.49015,-0.02788,-0.2446,0.09075,-0.13501
,-0.19188,-0.30411,0.00607,-0.01299,-0.02003
,-0.41427,0.02872,0.17446,-0.14917,0.05682
,-0.22343,0.07036,0.113,0.01061,-0.19831
,0.00618,-0.16129,-0.08702,0.11157,-0.44474
,-0.57924,-0.21737,-0.00717,-0.23775,-0.21258
,0.11583,-0.20414,-0.13448,-0.06805,-0.10769
,-0.23993,-0.19531,-0.08362,-0.20153,0.09544
,-0.21729,-0.32601,-0.43632,-0.46541,-0.26242
,-0.41917,-0.23852,-0.47201,-0.04454,-0.04739
,-0.63914,-0.10286,-0.07279,-0.00619,-0.11536
,-0.2525,-0.19285,-0.21879,0.08319,0.09179
,0.06135,-0.09404,-0.06185,0.17105,-0.10862
,-0.48926,-0.05007,0.19017,0.14373,-0.02853
,-0.10291,-0.31039,0.29285,0.03618,-0.24258
,-0.29985,-0.15901,0.011,-0.27896,-0.24023
,-0.40279,-0.07156,0.25529,0.07427,-0.14757
,-0.08613,0.1441,0.05939,-0.43706,0.07386
,-0.37558,-0.06022,0.05181,-0.20706,-0.01648
,-0.3336,-0.24422,-0.08365,0.09207,-0.03296
,-0.25054,0.31001,0.33933,-0.07082,-0.17007
,-0.17533,0.02808,0.12485,-0.08399,-0.19844
,-0.19006,-0.37609,0.06251,0.17873,-0.20949
,-0.25003,-0.11239,0.02511,-0.14458,-0.27109
,-0.39777,-0.05753,-0.14023,-0.02694,-0.35865
,-0.35488,-0.32312,-0.07185,-0.24971,-0.12424
,-0.52434,-0.02399,-0.25647,-0.18138,-0.20028
,-0.60006,-0.12437,-0.21259,-0.11446,-0.15269
,-0.26632,-0.22556,-0.00319,-0.1738,-0.25522
,-0.27696,-0.20316,-0.31517,-0.45136,-0.47084
,-0.5296,-0.32449,0.09991,-0.26271,-0.09254
,-0.19923,-0.10763,-0.21605,-0.34304,-0.09153
,-0.37771,0.10247,0.22357,-0.00738,-0.17593
,-0.17043,-0.03503,-0.33539,0.08805,-0.2889
,-0.5772,0.20868,-0.11336,-0.0173,0.05692
,-0.2433,-0.24719,-0.57785,-0.04417,-0.08795
,-0.48613,-0.23399,-0.20914,-0.1649,0.13463
,-0.57814,-0.05817,-0.14446,0.09345,0.08488
,-0.11064,0.13627,-0.2647,0.09137,-0.33377
,-0.31233,0.1246,-0.14939,-0.24537,-0.10278
,-0.07935,0.02599,0.06521,-0.32412,-0.39764
,-0.37802,-0.03981,0.2273,-0.14919,-0.14746
,-0.19221,0.03584,-0.16609,-0.62284,-0.06253
,0.0573,-0.46764,-0.29043,0.10741,-0.17676
,-0.552,-0.09292,-0.29585,-0.2028,-0.12134
,-0.39624,-0.26076,-0.3946,-0.44019,-0.16634
,-0.30931,-0.11532,-0.11205,-0.29816,-0.19803
,-0.25805,-0.09934,-0.10731,-0.26225,-0.27113
,-0.39191,0.01178,-0.26462,-0.22626,-0.19404
,-0.26908,0.00999,-0.0982,0.00206,-0.22441
,-0.34847,-0.10636,-0.51384,-0.03194,-0.12219
,0.01107,-0.21983,-0.38128,-0.57068,-0.17506
,-0.36764,-0.01335,-0.13532,0.0413,-0.15721
,-0.25725,0.16655,-0.08185,0.03305,-0.09556
,-0.17478,-0.24828,-0.19285,-0.19928,-0.14652
,-0.46207,-0.16285,-0.27229,-0.3584,0.02589
,-0.1251,0.07406,-0.02999,-0.15949,-0.09
,-0.32082,-0.03275,0.2361,-0.08082,0.05164
,-0.26099,-0.05563,-0.04177,-0.00956,-0.01973
,-0.11621,-0.27547,-0.23669,-0.42985,-0.09702
,-0.00559,-0.06978,-0.17041,-0.30986,-0.17441
,-0.35064,0.05954,0.10386,-0.04989,-0.13755
,-0.27617,0.07111,-0.25212,-0.23408,-0.22539
,-0.31199,-0.10075,0.14296,-0.19991,-0.03892
,-0.24392,0.02009,-0.03231,-0.15644,-0.12844
,-0.3458,-0.07791,0.10961,-0.07621,-0.04595
,-0.4371,-0.36545,-0.01183,-0.18076,0.30365
,-0.37879,-0.06763,0.08114,-0.1598,0.08258
,-0.24416,-0.06023,0.04107,-0.36023,-0.41181
,-0.22607,0.16661,-0.10238,-0.20477,-0.31556
,-0.01844,-0.18011,-0.13307,0.27541,-0.32498
,-0.22647,0.17383,-0.06395,-0.15753,-0.35506
,0.17306,-0.08423,-0.09006,-0.01983,-0.21519
,-0.14031,-0.24631,0.0028,-0.07115,-0.18031
,0.06174,0.31361,-0.23183,-0.25678,-0.2172
,0.02447,0.00715,-0.17581,-0.151,0.01943
,-0.44969,-0.13443,-0.19619,0.00513,-0.00595
,-0.29013,0.00877,0.01771,-0.45791,-0.06806
,-0.36028,-0.14243,0.05677,-0.25128,0.04364
,-0.14679,-0.2473,-0.25498,-0.19863,-0.43238
,-0.25011,-0.0763,-0.30811,-0.32443,0.17156
,-0.19191,-0.12787,0.09966,0.19451,-0.02772
,-0.15097,-0.00329,-0.28967,-0.04199,-0.11622
,-0.4207,-0.09928,-0.33328,-0.25451,-0.17949
,-0.07292,0.05103,-0.10899,-0.3449,0.03845
,-0.09396,-0.0144,0.03397,0.12054,-0.35034
,-0.06502,-0.1216,0.082,-0.10834,-0.22402
,-0.31274,0.2219,-0.15343,0.00982,-0.10101
,-0.03837,0.16615,-0.37279,-0.14545,-0.01292
,-0.31042,-0.11831,0.0858,-0.20223,-0.25009
,-0.13715,0.31386,-0.1594,-0.09079,-0.29158
,-0.20115,-0.28688,-0.18043,0.00376,-0.28717
,0.09829,-0.09277,-0.19612,-0.36656,0.00985
,0.2291,0.02294,0.03239,0.18687,-0.15551
,-0.33217,-0.13783,-0.14165,-0.09201,-0.06843
,-0.16864,-0.13457,-0.23393,-0.34447,-0.11402
,0.112,-0.15011,0.08018,-0.18454,-0.05141
,-0.09492,-0.11715,-0.27922,-0.09665,-0.00722
,-0.22797,0.05393,-0.08794,0.12097,-0.11464
,-0.45629,-0.07249,-0.22521,-0.02859,-0.05794
,-0.42598,-0.12272,0.05814,-0.17758,0.11687
,0.4386,-0.05191,0.17824,-0.04417,-0.38311
,-0.3149,-0.23191,-0.18393,-0.56241,-0.21759
,-0.39658,-0.3653,-0.14825,-0.00957,-0.25694
,0.01702,0.16222,-0.05535,0.09146,-0.40736
,-0.11688,-0.164,-0.07796,-0.21019,-0.08073
,-0.13723,-0.16065,-0.00567,-0.04172,-0.5611
,-0.1204,-0.05047,-0.47472,-0.02195,-0.08802
,-0.13095,-0.05948,0.04303,-0.06858,-0.17698
,-0.33991,-0.20402,-0.10191,-0.16027,-0.0545
,0.0046,0.05673,-0.25675,0.05283,-0.04038
,-0.33351,0.07046,0.07694,-0.03864,0.16123
,-0.18696,-0.08594,0.08002,-0.05273,0.12295
,-0.20251,-0.35329,-0.21273,0.07675,-0.06187
,-0.18554,0.10336,-0.10086,-0.46943,-0.15902
,-0.09665,-0.03993,-0.11238,-0.1324,-0.40259
,-0.38831,-0.17507,-0.26473,0.00701,0.03412
,-0.2796,-0.24083,-0.18172,-0.36902,0.00335
,-0.32028,-0.22615,0.03085,-0.39554,-0.32885
,-0.34493,-0.08683,0.01535,-0.27738,-0.08223
,0.08084,-0.04098,-0.03401,0.16597,0.03295
,-0.51322,0.09319,-0.10867,-0.01251,-0.00846
,-0.33337,-0.01389,-0.05815,-0.10283,-0.05099
,-0.07658,0.07557,-0.04266,0.01558,-0.30893
,-0.451,-0.3363,-0.13818,-0.22219,-0.26889
,0.03406,-0.18061,-0.10938,-0.02536,0.07518
,-0.09227,-0.10283,-0.24446,0.21653,-0.13007
,0.06316,0.02131,0.15582,0.0493,0.12839
,-0.06378,-0.29245,-0.03627,0.05642,-0.226
,-0.34568,-0.14779,0.01847,-0.25014,-0.16624
,-0.24741,0.09572,-0.03555,0.03216,-0.39413
,-0.0786,-0.27125,-0.36442,0.12087,-0.19474
,0.12305,0.27861,-0.07246,-0.06838,0.02629
,-0.23117,-0.08804,0.02946,0.16544,0.14973
,0.16463,0.11423,0.02858,-0.26966,-0.10341
,-0.10396,-0.06841,-0.33804,0.06364,-0.29548
,-0.00828,-0.06735,0.27062,0.10695,-0.27796
,-0.30559,-0.09088,-0.09656,-0.16039,-0.19938
,-0.06969,-0.05145,-0.17357,0.02389,-0.32087
,-0.14704,0.01578,0.0159,-0.06329,-0.21547
,-0.13211,0.17154,0.06133,-0.03665,-0.0376
,-0.00839,0.04424,-0.03376,-0.11965,0.06696
,-0.22471,-0.30728,0.05689,0.02957,-0.1621
,0.01473,0.10499,0.16812,-0.0463,-0.36147
,-0.14402,-0.16165,0.00811,0.12884,0.23162
,0.24472,-0.43523,-0.06309,0.05569,0.09404
,-0.02501,-0.10277,0.04528,-0.17302,0.08334
,-0.07623,-0.0515,-0.12792,-0.35352,-0.0269
,-0.17438,-0.0386,-0.19918,-0.05087,-0.28383
,-0.0418,0.13237,0.16616,0.28177,-0.30844
,-0.16194,-0.40137,-0.10693,0.1047,-0.22185
,-0.1588,-0.18785,0.11351,0.25668,-0.3095
,-0.39421,-0.23688,0.21804,0.00196,-0.09144
,0.10977,-0.39555,0.20686,0.04513,0.02224
,-0.30724,-0.0655,0.01656,-0.3503,-0.24747
,0.07652,-0.15165,-0.241,-0.06356,-0.05026
,0.23589,-0.46783,-0.07293,-0.0253,-0.32034
,-0.05503,-0.00065,-0.03013,-0.12499,-0.04971
,-0.2552,-0.26142,0.05198,-0.3235,-0.01724
,-0.07963,-0.19851,0.24047,0.01649,-0.05556
,-0.2532,-0.13635,-0.26176,0.02949,-0.22458
,-0.04171,-0.06246,-0.13517,-0.03994,-0.239
,-0.27234,-0.06307,0.13722,-0.16978,0.0437
,0.13607,-0.08202,0.08164,0.34967,-0.17709
,0.25442,0.14712,-0.13431,0.05806,-0.26914
,0.20701,-0.11291,-0.26437,-0.14479,-0.17501
,-0.22389,-0.21536,-0.31944,0.12056,-0.32195
,-0.50905,-0.2247,-0.25443,0.07051,-0.2809
,-0.22737,0.13352,-0.212,0.03058,-0.386
,-0.17024,-0.21574,-0.35558,0.00864,-0.09718
,0.09967,-0.04691,0.01045,-0.12894,-0.15759
,-0.05886,-0.41215,0.03646,0.2881,-0.27434
,0.05837,-0.05492,-0.02243,0.03737,-0.31805
,0.12663,-0.32635,-0.17809,-0.0958,-0.19822
,0.0891,-0.39129,-0.08279,-0.07285,-0.2189
,-0.15921,-0.23904,-0.22213,-0.16835,-0.46827
,0.28831,-0.14159,-0.19112,-0.23294,0.10073
,-0.12125,-0.09359,-0.08541,0.06861,-0.21143
,-0.0802,-0.28913,-0.1968,-0.09839,-0.31088
,0.14016,-0.33757,-0.15224,0.21839,-0.23248
,-0.18763,0.25682,0.05479,-0.2859,-0.40175
,0.06976,-0.02041,-0.26033,0.05167,0.04532
,0.04807,-0.11126,-0.11867,0.20195,0.02071
,-0.22091,0.27989,-0.06745,-0.00757,-0.23053
,0.15504,-0.11439,0.07644,-0.00219,0.14702
,-0.11847,-0.10013,-0.19525,-0.22181,0.07321
,-0.18176,-0.06218,-0.32258,0.11973,-0.30398
,0.07936,-0.19517,-0.19197,0.13944,-0.13238
,-0.01785,-0.22069,-0.38017,-0.00231,-0.25676
,0.02225,-0.30428,-0.12885,-0.03126,-0.23983
,-0.09085,-0.12503,-0.366,-0.0362,0.00995
,-0.40371,0.09322,-0.0299,0.13847,0.01944
,-0.12441,0.11048,-0.19479,-0.05444,-0.31756
,-0.08895,0.18112,0.16306,-0.18799,-0.12588
,-0.27506,-0.28677,-0.04591,-0.14113,-0.21857
,-0.19903,-0.37347,0.00278,-0.05927,-0.03964
,-0.1087,0.0539,-0.22156,0.07271,-0.21651
,-0.20872,-0.1574,0.10398,-0.06591,0.01233
,-0.08842,-0.05425,-0.3845,-0.2474,-0.20544
,0.03277,-0.08483,0.08067,-0.10279,-0.30873
,0.06342,-0.04504,0.18522,0.13643,-0.48916
,0.10128,-0.07664,-0.00312,-0.19648,0.01446
,-0.00836,-0.17064,-0.41268,-0.16526,-0.31866
,-0.08852,0.01571,-0.05269,-0.39367,-0.35356
,-0.23649,0.099,-0.10826,-0.07954,-0.27261
,-0.09768,-0.11763,-0.14375,0.06352,-0.2118
,-0.55372,0.02832,-0.23737,0.05711,-0.1976
,0.01437,-0.05366,0.08268,0.27424,-0.20391
,-0.01091,-0.1029,-0.04563,0.00644,-0.05063
,-0.07622,0.13642,-0.09669,-0.15618,-0.35131
,-0.0943,-0.02655,-0.24582,0.44884,-0.28195
,-0.27677,-0.05493,-0.06784,0.10698,-0.47609
,0.03854,0.15941,-0.19277,0.00571,0.1228
,-0.04563,-0.01061,-0.25051,0.01265,-0.28239
,-0.11643,-0.14596,-0.18,0.02894,0.21206
,-0.21595,-0.27438,-0.42849,0.06422,-0.23137
,0.20802,-0.00141,-0.08757,0.04851,0.05237
,-0.19271,-0.10948,-0.3602,-0.00467,-0.36386
,-0.34976,-0.00832,0.0398,0.10652,-0.29939
,-0.26267,0.03023,-0.01697,0.09499,-0.45517
,0.04987,-0.10469,-0.04847,-0.09198,-0.31417
,-0.16469,-0.12531,-0.25104,0.0547,-0.48097
,-0.26647,0.07379,-0.11718,0.15621,-0.18296
,0.02848,-0.09001,-0.08277,-0.20629,-0.30737
,-0.4585,0.1231,-0.1247,-0.22506,-0.34028
,-0.42872,0.15339,-0.32405,0.12245,0.07917
,0.06723,-0.0165,0.08224,-0.18444,-0.31488
,-0.03486,-0.10688,-0.17627,-0.21502,-0.31416
,0.12563,0.0362,0.12985,0.09234,-0.46258
,-0.26508,-0.38665,-0.32974,0.04971,-0.21896
,-0.22161,-0.14071,-0.28124,-0.04894,-0.38795
,0.02666,-0.09451,-0.09477,0.09444,-0.11552
,-0.24424,0.06166,-0.06096,-0.18602,-0.33795
,-0.15461,-0.08779,0.07479,-0.26646,-0.26622
,-0.14662,-0.44261,0.04807,0.21705,-0.54368
,0.11735,-0.0932,0.07285,-0.35866,-0.08785
,-0.05775,0.19277,-0.21251,-0.26261,0.14026
,-0.20497,-0.15547,-0.26303,0.19668,-0.27149
,-0.22967,-0.18929,-0.33701,0.06421,-0.36083
,-0.06917,0.23755,0.02475,-0.32913,0.01724
,-0.09621,-0.07539,-0.12362,0.10573,-0.23376
,0.14728,-0.1467,-0.05089,0.04558,-0.13909
,-0.18787,-0.21676,-0.03123,-0.06654,-0.38202
,0.11467,0.0908,-0.22403,0.13137,-0.44572
,-0.10748,-0.14285,0.1133,-0.06916,0.02886
,-0.04459,0.30484,-0.08598,0.01604,-0.26121
,0.1153,-0.14506,-0.21257,0.00225,-0.10248
,-0.09088,-0.07987,-0.18188,-0.09653,-0.21783
,0.07124,-0.07835,-0.1391,-0.19643,-0.23997
,-0.35964,-0.25567,0.20512,-0.04773,-0.23285
,-0.28888,0.28966,-0.205,0.10809,-0.2208
,-0.08465,-0.13645,0.01023,-0.04607,-0.40026
,-0.16343,0.01689,-0.02805,0.01037,-0.56586
,-0.30403,-0.2019,-0.1361,-0.03758,-0.42874
,-0.32544,-0.37605,-0.27463,0.25881,-0.56161
,0.07797,-0.29911,-0.31475,0.09534,-0.04701
,-0.10167,-0.31415,-0.00574,-0.13846,-0.37996
,0.16313,0.19719,0.11625,0.39708,-0.33001
,-0.04084,0.00491,-0.05019,0.25722,-0.19914
,-0.16336,-0.21606,-0.18518,0.19409,-0.52069
,-0.05128,-0.15287,-0.26439,0.00945,-0.23788
,-0.06903,-0.16642,-0.25156,0.07947,-0.30017
,-0.42099,-0.20193,0.13539,-0.24048,-0.19492
,-0.27348,0.01401,-0.0779,0.00442,-0.05679
,-0.10656,-0.31087,-0.11522,0.13502,-0.12767
,0.14566,-0.47774,0.03009,-0.08216,-0.48204
,-0.07964,-0.16675,0.01541,-0.10254,-0.43223
,-0.05559,-0.04223,0.08862,0.00343,-0.14369
,0.16997,-0.18492,-0.02937,0.16881,0.03695
,-0.45211,-0.25249,0.00234,-0.19991,-0.3007
,-0.16777,-0.08168,-0.07363,-0.00715,-0.25722
,-0.20685,-0.0422,-0.23368,0.34304,-0.17903
,-0.29933,-0.0363,0.15436,-0.41491,-0.27078
,-0.09119,0.04801,-0.21806,0.0282,0.00716
,-0.05793,-0.00083,-0.30207,-0.18415,-0.17373
,-0.05352,0.1603,-0.03179,-0.04317,-0.38352
,-0.12269,-0.15765,-0.39521,0.21035,-0.1817
,-0.33646,0.0379,0.04963,0.20228,-0.46474
,-0.00731,-0.2787,0.0313,0.06361,-0.20254
,-0.19432,-0.01352,-0.42903,0.10875,-0.1953
,0.07988,0.36961,-0.53969,0.29255,-0.49669
,0.02354,-0.13143,-0.12156,-0.01544,-0.13442
,-0.04473,0.06199,0.31257,-0.31853,-0.22721
,-0.14441,-0.37897,0.08098,0.1959,-0.03897
,-0.01643,-0.09008,-0.01958,0.23038,-0.48625
,-0.28749,0.11127,0.12504,0.24121,-0.20615
,-0.41084,0.16597,-0.24734,0.24104,-0.1309
,-0.00112,-0.07848,0.03791,-0.15392,-0.08629
,0.00976,-0.09523,0.04558,0.14477,-0.10438
,-0.00456,-0.26583,-0.09442,0.16826,-0.14563
,-0.07627,0.17453,0.00691,0.13938,0.03296
,-0.17436,-0.15841,0.23733,0.10454,-0.36592
,-0.29461,-0.08392,-0.11842,0.15903,-0.23214
,0.00586,-0.07199,0.04185,0.14161,-0.28133
,-0.40323,-0.47546,-0.15525,-0.04063,-0.22184
,-0.26189,0.31635,0.00642,0.17284,-0.1578
,-0.18727,0.07349,0.22159,-0.01167,-0.26331
,-0.49528,-0.14688,-0.08228,-0.40736,-0.56139
,-0.12839,-0.29902,0.06005,0.12185,-0.18879
,0.00663,-0.00737,0.03728,-0.09521,-0.43602
,-0.22791,-0.04913,0.07728,-0.04736,-0.36482
,0.05741,-0.28007,0.20485,0.43455,-0.34533
,-0.34127,-0.20943,-0.05415,0.16887,-0.16578
,-0.4844,-0.07566,-0.32463,0.35032,-0.25233
,-0.20697,-0.28812,-0.13953,0.17217,-0.12773
,-0.34396,0.13415,-0.21096,-0.07353,-0.0902
,-0.01579,0.05087,-0.04452,-0.10441,-0.20715
,-0.69245,-0.08987,0.21062,-0.15983,-0.33186
,-0.28602,-0.08209,-0.11794,-0.03282,0.02608
,-0.34818,-0.1312,-0.45917,-0.12906,-0.20997
,-0.12992,0.00237,-0.21922,0.10195,-0.15007
,-0.28178,0.14388,-0.28768,0.06342,-0.09839
,-0.07661,0.11885,-0.1034,0.01559,-0.46384
,-0.00888,-0.19227,-0.03096,0.20692,-0.23586
,-0.25883,-0.14358,-0.55314,0.10334,-0.02776
,-0.23493,-0.18152,-0.07495,-0.02616,-0.31917
,-0.29249,0.10456,-0.30095,0.34088,-0.10905
,-0.19434,-0.07113,-0.15688,-0.08649,-0.35313
,-0.41541,-0.05622,-0.0434,0.19491,-0.00052
,-0.31135,-0.2275,-0.32344,0.51391,-0.53504
,-0.17179,0.2485,0.08407,-0.16453,0.13213
,-0.22542,-0.27679,-0.1359,0.07181,-0.19112
,-0.10521,-0.265,0.01357,0.00185,-0.13124
,-0.48115,-0.15552,-0.18761,0.03253,-0.58271
,-0.35275,-0.21821,-0.07775,0.10639,-0.30016
,-0.47565,-0.10684,-0.01771,0.17631,-0.32563
,-0.12076,-0.0515,-0.14568,-0.0585,0.03137
,-0.23549,-0.05191,-0.091,0.32778,-0.26838
,-0.37808,-0.01613,-0.03846,0.36156,-0.26306
,-0.22577,-0.19043,-0.25333,0.12086,-0.23748
,-0.3484,0.13929,-0.02362,0.01685,-0.02077
,-0.34093,-0.36055,-0.32915,0.34735,-0.16902
,-0.39432,0.2313,-0.21901,0.24784,-0.05538
,0.01458,-0.30388,-0.20417,0.33727,-0.12006
,-0.41243,-0.05313,-0.31379,0.0033,-0.15407
,-0.01605,0.18072,-0.03457,0.22018,-0.04834
,-0.13745,-0.14229,0.05203,0.22367,-0.33
,-0.29594,0.0518,-0.20017,0.098,-0.24591
,0.06698,-0.08112,0.09595,0.01616,-0.14317
,-0.10572,-0.23373,-0.16892,0.16365,-0.14442
,-0.25418,-0.07818,0.22359,0.1725,-0.30298
,-0.32718,-0.10034,-0.15966,0.13752,-0.15776
,0.04393,0.07687,-0.13492,0.03773,0.03665
,-0.16195,0.04112,0.10748,-0.12768,-0.17133
,-0.21203,-0.0477,-0.39459,0.10205,0.01524
,-0.16984,-0.0278,-0.09824,0.02641,-0.24059
,-0.20401,0.00856,-0.25465,0.04389,-0.15193
,-0.34674,0.07285,0.10022,0.03984,0.08683
,-0.16816,-0.1472,-0.10509,0.03961,-0.08416
,-0.24784,-0.08717,-0.12535,0.07956,-0.30725
,-0.00526,-0.11086,-0.07068,0.19489,-0.19507
,0.1211,-0.00887,-0.23447,0.34773,-0.33062
,-0.24343,-0.23169,-0.13075,0.23436,-0.26653
,-0.1634,-0.11816,-0.16231,0.31482,-0.35616
,-0.25465,0.05686,-0.05415,0.37116,-0.16225
,-0.06701,-0.168,-0.01964,0.25607,-0.12361
,-0.00874,0.12492,0.09216,-0.16074,0.12756
,-0.30528,0.23883,-0.36056,0.17969,-0.01715
,-0.3075,-0.33994,0.18517,-0.208,0.1043
,-0.33048,-0.19579,-0.05777,0.45399,0.03067
,0.1221,-0.36554,0.14276,-0.12937,-0.13012
,-0.18199,-0.27583,0.04535,0.07149,-0.02216
,-0.01308,-0.29051,0.00944,0.04361,-0.11009
,-0.38973,0.05715,0.00025,0.16389,-0.21873
,-0.18565,-0.01883,-0.02291,0.22566,-0.34469
,-0.54497,-0.00796,-0.12144,0.07372,-0.0534
,-0.22739,-0.09143,-0.07912,0.69678,0.06758
,-0.0226,-0.13124,-0.03146,0.17201,0.00922
,-0.05533,-0.20834,-0.44599,-0.26906,-0.02285
,-0.33397,-0.01385,0.12011,0.47586,-0.07171
,-0.01981,-0.06157,-0.12961,0.17741,0.0186
,-0.31251,-0.03755,0.03726,-0.00039,-0.18829
,-0.2777,-0.03093,0.00548,0.29407,-0.41974
,-0.4008,-0.00095,-0.23522,0.30361,0.20131
,-0.11922,0.11004,0.04576,0.58458,0.16037
,-0.35869,-0.04726,-0.06435,0.19926,-0.37198
,-0.09055,0.05972,-0.24987,0.09918,-0.19664
,0.10783,-0.02399,0.05638,0.28571,-0.18996
,0.01713,0.02631,0.07917,-0.27069,-0.13501
,-0.09296,-0.20375,-0.2837,0.05869,-0.33959
,0.31992,0.00312,-0.56105,0.25636,0.4511
,-0.25415,0.05294,0.07218,0.32776,-0.25999
,0.10181,-0.12265,0.0389,0.16443,-0.08017
,-0.06855,0.3149,-0.24306,0.00479,-0.14089
,-0.00355,-0.00191,-0.15268,0.14986,-0.30308
,-0.09511,0.07536,-0.03586,0.34971,-0.16795
,-0.06642,0.0282,0.0594,0.09587,-0.06991
,-0.02321,0.18328,-0.29536,0.25708,-0.19429
,-0.5023,-0.24285,-0.26693,0.21792,-0.22531
,0.02496,0.27303,-0.21345,-0.19418,-0.31923
,-0.35912,-0.05284,-0.08673,0.23477,-0.07723
,-0.32237,0.28869,-0.18349,0.33473,-0.20106
,-0.40179,-0.02896,-0.38716,0.11874,0.30474
,-0.14931,0.02833,-0.11555,-0.01399,-0.14393
,0.17391,0.13644,-0.14153,0.13899,-0.04574
,-0.03389,0.01228,0.2404,0.06633,-0.22817
,-0.4266,-0.00607,-0.16032,0.30601,-0.14029
,-0.0066,-0.00687,-0.18563,0.29194,0.09764
,-0.32546,-0.14235,-0.48237,-0.0283,-0.00016
,-0.13982,0.0703,0.13995,0.32839,-0.03811
,0.01298,0.08798,0.10997,0.26176,-0.21019
,0.2344,0.09875,-0.27205,0.33351,0.13817
,0.09735,0.06825,-0.28556,0.29365,-0.03723
,0.06004,-0.24924,0.30709,0.05621,0.17808
,-0.21377,-0.05371,-0.33454,0.27944,-0.33701
,-0.11172,0.32801,0.0804,0.18508,-0.17465
,0.11402,-0.0037,-0.03676,0.35891,-0.33398
,-0.07844,0.08501,-0.09516,0.03526,-0.06947
,0.16703,-0.18192,-0.07121,0.15104,0.0732
,0.04179,0.10922,-0.47565,0.10477,0.00145
,-0.11464,0.02381,-0.19482,-0.09847,-0.28816
,0.05077,0.26933,-0.29824,0.34126,-0.57619
,0.17113,0.05994,0.01692,0.25933,-0.2811
,-0.45769,0.02485,-0.03788,0.52284,-0.33018
,-0.02184,0.16603,-0.02955,0.32481,-0.22715
,-0.05955,0.18554,-0.06794,0.07968,-0.18338
,-0.17322,0.02296,0.04306,0.26747,-0.27622
,0.03938,-0.06113,-0.00456,0.15606,-0.12981
,-0.16091,-0.06726,-0.30535,0.17848,-0.25278
,-0.18723,-0.17773,-0.09933,0.12097,-0.26332
,-0.26507,-0.04134,0.02168,0.2308,-0.02952
,0.17207,0.04764,-0.00133,0.06889,-0.03378
,-0.01698,-0.1911,0.11235,0.033,-0.61325
,-0.21249,-0.02777,-0.02724,0.36871,-0.19408
,-0.14176,-0.01078,-0.15169,0.30391,-0.3535
,-0.15196,0.10916,-0.05568,0.08491,-0.17385
,0.04836,-0.36333,-0.21429,-0.09432,-0.31552
,-0.14946,-0.06147,0.10748,-0.08465,-0.50214
,-0.16185,-0.06974,0.01957,0.47771,-0.25937
,0.10114,-0.31143,-0.09965,0.03176,0.08515
,0.00415,-0.14195,-0.11291,0.11858,-0.16257
,0.06971,-0.37818,-0.04188,0.08573,-0.29743
,-0.34201,0.13756,0.14185,-0.1307,0.08904
,-0.34313,-0.15022,-0.27844,0.14128,-0.1054
,-0.64355,0.19391,-0.02612,-0.0036,-0.54401
,0.01249,-0.33111,-0.11893,0.16528,-0.03499
,-0.42958,-0.14648,-0.23287,0.12026,-0.16606
,-0.31331,-0.15621,-0.23385,0.04314,-0.38632
,-0.08759,-0.07793,0.13213,0.21314,-0.59536
,0.02207,-0.03435,-0.10096,-0.27113,-0.40322
,-0.09844,0.05077,-0.27358,0.22055,-0.333
,0.28885,-0.01566,0.03776,0.09094,-0.32601
,0.05231,0.0352,-0.0795,0.01423,-0.12271
,0.02298,-0.04915,-0.03561,0.24908,-0.00853
,-0.03499,0.14362,-0.00016,0.0283,0.03062
,-0.31244,-0.02003,-0.3661,0.10622,-0.39189
,-0.26787,-0.17208,-0.21552,-0.01281,-0.46781
,-0.14357,-0.18116,-0.10061,0.23667,-0.09862
,-0.10374,0.05453,-0.15745,0.04821,0.02877
,0.05115,-0.05739,0.07325,-0.17901,-0.11391
,0.08565,0.01492,-0.05048,0.1334,-0.13655
,-0.14037,0.20385,0.0214,0.144,-0.37032
,0.11604,-0.21509,-0.27025,0.22826,-0.3944
,-0.13499,-0.0152,-0.2748,0.34993,-0.54227
,-0.13551,-0.22868,0.06945,-0.12387,-0.26449
,-0.35867,-0.22023,-0.11639,0.26548,-0.38742
,-0.05437,0.24643,-0.15659,0.34288,-0.22438
,-0.11552,0.0264,0.03119,0.10318,0.15635
,0.16975,0.08545,-0.24985,-0.08376,-0.10952
,-0.16168,0.14819,-0.01668,0.20656,0.00909
,-0.20794,-0.05164,-0.10861,0.1561,-0.21804
,-0.04334,0.00956,0.08039,0.15106,0.06203
,-0.24797,-0.04674,0.24988,0.26983,-0.02154
,-0.1103,0.21135,-0.12672,0.06435,-0.21493
,-0.06082,0.3055,-0.29838,-0.00637,-0.00199
,-0.03311,0.06925,-0.11779,-0.26256,-0.17358
,0.01286,-0.03914,0.01154,0.06219,-0.23082
,0.04473,0.03319,-0.27747,0.12327,-0.14982
,-0.07357,0.01993,-0.03353,0.07339,-0.33479
,-0.16398,0.07199,0.04487,-0.14373,-0.36495
,-0.10996,0.0431,-0.34523,0.34699,-0.22619
,-0.06265,-0.01132,0.05853,-0.12649,-0.00113
,-0.21461,-0.02894,-0.28555,0.0551,-0.28662
,-0.18752,0.01709,-0.07746,0.16006,-0.14583
,-0.0102,-0.02657,-0.05867,0.23687,0.18631
,-0.14486,-0.05943,0.01623,-0.04889,-0.13781
,-0.25438,-0.18856,-0.13732,0.20692,0.20202
,0.04594,0.17713,0.13036,-0.12132,-0.0433
,-0.226,0.12944,0.13286,0.43262,-0.00064
,-0.35245,-0.17664,-0.11263,0.48013,-0.13832
,-0.02741,-0.35259,0.06113,-0.15746,-0.41217
,-0.25732,0.06327,0.08545,-0.058,-0.22724
,0.25864,-0.05897,-0.04803,0.23994,-0.31954
,-0.02436,-0.22093,-0.42676,0.40942,-0.08405
,0.0174,-0.23423,-0.31389,0.31374,-0.26282
,-0.21611,0.32962,-0.20117,0.28991,-0.15495
,0.04898,-0.0772,-0.074,0.12849,-0.30665
,-0.09129,-0.03042,-0.00899,0.2338,-0.46661
,0.22501,0.04645,0.27426,-0.15068,-0.46244
,0.24124,-0.12331,0.09683,0.30165,-0.17809
,-0.09545,-0.09567,0.00957,0.18078,-0.27149
,0.43511,-0.20354,-0.06086,0.3043,-0.36342
,0.09235,0.1334,0.18906,0.22856,-0.08268
,0.47955,0.23932,-0.35173,0.09677,-0.07403
,0.03626,-0.21629,-0.34,-0.05303,0.08043
,0.09793,0.15296,0.00375,0.04638,-0.26984
,0.26739,-0.00857,0.06027,0.16192,-0.13864
,0.02513,-0.11216,0.0898,-0.01486,-0.17693
,0.06373,-0.08857,0.05066,0.36548,-0.33667
,0.45572,0.04446,0.02159,-0.07423,0.0787
,0.36175,0.02796,0.1062,0.34342,-0.21288
,0.32478,0.07501,0.14673,0.14647,0.05289
,0.2505,-0.02814,0.16218,0.34703,-0.10535
,0.26185,-0.02876,0.10214,0.31669,0.03292
,0.13484,0.1913,0.01197,0.35119,-0.30276
,-0.12007,0.05186,0.10929,0.38157,-0.18038
,-0.0342,0.24387,0.00595,0.1929,-0.02702
,-0.15173,0.09939,0.3081,0.20452,-0.17424
,0.45489,0.01129,0.04218,0.12113,-0.42388
,0.13069,-0.11181,0.29631,0.25926,0.06605
,0.16963,0.04568,0.01332,0.29263,-0.3086
,-0.14047,0.01259,-0.05356,0.46802,-0.03015
,0.07295,0.23772,-0.25461,0.29013,-0.24002
,-0.17833,0.08015,0.07919,0.14776,-0.19002
,0.0158,-0.12652,0.13365,0.10481,-0.15079
,0.41386,-0.28106,0.13166,-0.00814,0.15412
,0.17591,0.14392,-0.00718,-0.01194,-0.08236
,0.25608,-0.00402,-0.13928,0.46532,-0.01126
,-0.07132,0.21229,0.31421,0.18011,-0.25825
,-0.14111,-0.10232,0.18114,0.56304,-0.4082
,-0.15544,0.15974,-0.17812,0.41115,-0.34945
,0.20189,0.03133,0.2017,0.01519,-0.01575
,0.17963,-0.05269,0.10296,0.25453,-0.14605
,0.08348,-0.22656,-0.15745,0.20495,0.02315
,-0.14708,0.17972,-0.31733,0.14698,-0.16887
,-0.00903,-0.27564,-0.16241,0.02285,-0.00719
,-0.02882,-0.07064,-0.08338,0.21473,-0.0358
,0.03112,-0.12592,0.11918,0.09642,-0.36233
,0.05822,-0.26514,-0.21707,0.48578,-0.23795
,0.20281,-0.02111,-0.01957,0.13775,-0.34433
,0.12888,0.01621,0.16824,0.5805,-0.27293
,0.10216,0.07853,-0.11104,0.19798,-0.34575
,0.35003,-0.10361,0.02453,0.17228,0.13437
,0.19915,-0.079,-0.1113,0.21135,-0.18822
,0.22416,0.13994,-0.17028,0.31264,0.12913
,0.17137,-0.15047,0.10102,0.00047,-0.25913
,0.23055,0.01652,-0.30232,0.1648,-0.41727
,0.26241,-0.06337,0.3801,0.06916,-0.2769
,0.12397,-0.23443,-0.01522,0.18372,-0.2136
,-0.02436,-0.27291,0.06406,-0.10465,-0.00666
,-0.1556,-0.07578,-0.13391,0.1017,-0.07299
,0.10571,0.05541,-0.00265,0.28203,-0.26326
,0.20948,-0.15791,0.01508,0.06079,-0.2853
,0.02029,-0.32061,-0.50393,0.10586,-0.43678
,-0.05786,-0.21584,-0.14981,0.25649,0.02445
,0.09466,-0.24663,-0.13836,0.21378,0.12275
,0.23708,-0.54773,-0.28702,0.10476,-0.06617
,-0.27814,-0.26707,-0.43404,0.20211,-0.15535
,-0.00039,-0.28631,-0.3605,0.19405,-0.3043
,-0.15523,-0.20731,-0.2532,0.52081,-0.2215
,0.01689,-0.13978,-0.16026,0.29093,-0.01403
,-0.18205,-0.52155,-0.10527,-0.01648,-0.20182
,0.06804,-0.34913,-0.4932,0.0563,-0.23584
,0.08665,-0.614,-0.18373,0.43722,-0.09991
,-0.13722,-0.48741,-0.45456,0.06708,-0.56071
,-0.03634,-0.15472,-0.62743,0.19149,-0.05922
,-0.05578,-0.06133,-1.0346,0.16889,-0.17691
,0.03963,-0.71228,-0.34494,-0.06033,-0.27125
,-0.27209,-0.83932,-0.48707,0.09035,-0.11348
,-0.02319,-0.47436,-0.55409,-0.25373,-0.19981
,-0.04842,-0.35297,-0.31232,-0.1274,-0.18218
,-0.63225,-0.42804,-0.44846,0.11712,-0.06147
,-0.10213,-0.6622,-0.35291,0.05151,-0.40272
,-0.22852,-0.12676,-0.27005,0.15094,-0.10428
,-0.14783,-0.49615,-0.65114,-0.18717,-0.23059
,-0.04651,-0.37781,-0.37526,-0.17595,-0.33102
,-0.08301,-0.29001,-0.30889,0.06896,-0.29086
,-0.05343,-0.41418,-0.66039,0.28189,-0.06841
,-0.11371,-0.55177,-0.69046,-0.3427,-0.35103
,-0.24242,-0.54863,-0.82344,-0.01602,0.00893
,-0.46909,-0.52649,-0.83442,-0.0487,-0.46969
,0.01327,-0.92626,-0.66246,-0.18371,-0.15038
,-0.29728,-0.922,-0.36571,-0.07962,-0.18097
,0.0391,-0.65805,-0.95676,-0.13603,-0.25283
,-0.06389,-0.43178,-0.77899,-0.1248,-0.23936
,-0.16335,-0.44229,-0.68523,0.09078,-0.28838
,-0.22375,-0.44938,-0.5895,-0.02395,-0.53703
,-0.10114,-0.41834,-0.40598,0.13684,-0.21502
,-0.19032,-0.91115,-0.33495,-0.05631,-0.31727
,-0.20701,-0.82963,-0.69214,0.12751,-0.25566
,-0.04018,-0.28871,-0.87648,-0.41513,-0.25848
,-0.45066,-0.50124,-0.83592,-0.01636,-0.21313
,-0.18588,-0.86467,-0.46445,-0.13845,-0.4068
,-0.33671,-0.69491,-0.84137,-0.18666,-0.37319
,0.04711,-0.63222,-0.92107,-0.37889,-0.43149
,-0.30349,-0.75423,-0.74755,-0.25231,0.1558
,-0.20958,-0.81502,-0.51128,-0.45299,-0.28937
,-0.11452,-0.38978,-0.73528,-0.26716,-0.48134
,-0.24346,-0.48168,-0.56566,-0.3382,-0.12491
,-0.2354,-0.54779,-0.75156,0.10115,-0.26946
,-0.21894,-0.59781,-0.74659,-0.45295,-0.65266
,-0.12299,-0.81525,-0.60871,-0.16488,-0.54641
,-0.0578,-0.60162,-0.84534,-0.07521,-0.26516
,-0.13319,-0.47592,-0.78205,-0.10106,-0.12857
,0.04612,-0.65891,-1.17705,-0.17163,-0.20339
,0.0236,-0.63399,-0.87826,-0.37526,-0.38595
,-0.11122,-0.42602,-0.93341,-0.41883,-0.45247
,0.08037,-1.04559,-1.0299,-0.25135,-0.31957
,-0.33414,-0.87942,-0.67197,-0.40756,-0.50311
,-0.15475,-0.63507,-0.68406,-0.29378,-0.24597
,0.04243,-0.51501,-1.06741,-0.18887,-0.72046
,-0.07209,-0.62596,-0.69542,-0.2215,-0.4284
,0.10314,-0.55718,-0.69943,-0.18234,-0.29899
,0.00718,-0.79573,-0.77049,-0.22456,-0.44701
,-0.12186,-0.55685,-0.67366,-0.36613,-0.707
,-0.01396,-0.38559,-0.63433,-0.40089,-0.3172
,0.28439,-0.80046,-0.86476,-0.08564,-0.54153
,-0.06098,-0.47786,-0.59124,-0.12607,-0.60673
,0.13976,-0.60137,-0.63398,-0.4368,-0.47611
,0.02718,-0.71202,-0.75301,-0.2524,-0.51658
,-0.3258,-0.94296,-0.7932,-0.14491,-0.42432
,-0.11294,-0.32191,-0.60793,-0.31529,-0.59272
,0.15135,-0.68302,-0.63933,-0.1597,-0.62328
,-0.1275,-0.35433,-0.77002,-0.30452,-0.66274
,0.3071,-0.58309,-0.652,-0.38676,-0.45238
,0.21554,-0.54591,-0.35444,-0.28862,-0.38804
,0.17628,-0.41519,-0.65618,-0.30518,-0.54272
,-0.11329,-0.34742,-0.74274,-0.19391,-0.57911
,-0.22314,-0.45422,-0.69246,-0.33881,-0.23265
,0.06425,-0.59298,-0.8088,-0.25045,-0.62912
,0.00908,-0.76839,-0.61562,-0.01987,-0.42012
,-0.15987,-0.52076,-0.82979,-0.21553,-0.72257
,-0.05152,-0.4456,-0.95723,-0.38955,-0.63579
,0.06227,-0.543,-0.85211,-0.51439,-0.53911
,-0.00255,-0.45055,-0.5342,-0.21372,-0.58409
,-0.09109,-0.69528,-0.63365,-0.09786,-0.40988
,-0.06578,-0.35516,-0.6359,-0.2083,-0.57779
,0.10187,-0.48023,-1.00039,-0.04072,-0.81992
,0.11661,-0.03817,-1.00489,-0.3263,-0.27276
,0.02793,-0.59077,-0.88475,0.04266,-0.41613
,0.04068,-0.55583,-0.79336,-0.10332,-0.37089
,-0.0749,-0.67988,-0.37356,-0.19758,-0.45546
,0.01219,-0.45639,-0.82879,-0.15737,-0.5081
,0.00305,-0.52109,-0.41176,-0.03163,-0.35341
,-0.18486,-0.62196,-0.52972,-0.46201,-0.27023
,-0.04965,-0.67003,-0.66968,-0.0943,-0.09574
,0.13798,-0.6068,-0.56768,-0.09964,-0.28608
,-0.06052,-0.66982,-0.49722,-0.03439,-0.40497
,-0.02959,-0.29466,-0.58273,-0.16864,-0.69324
,-0.00185,-0.79631,-0.60094,-0.10361,-0.32364
,-0.09732,-0.40824,-0.49671,-0.12903,-0.54931
,0.13402,-0.45335,-0.58702,0.0364,-0.34126
,-0.25876,-0.8735,-0.55843,-0.18385,-0.79544
,0.05218,-0.36791,-0.34671,-0.00564,-0.74468
,0.07434,-0.384,-0.49581,-0.01598,-0.47753
,0.24714,-0.87845,-0.66234,-0.00855,-0.69983
,-0.49692,-0.50962,-0.72266,-0.13967,-0.58017
,-0.05733,-0.7017,-0.32475,-0.17915,-0.57263
,-0.24294,-0.51414,-0.72573,0.17755,-0.5215
,-0.00017,-0.36806,-0.80201,-0.16184,-0.60999
,0.01985,-0.4552,-0.32759,0.16518,-0.48379
,0.04586,-0.59336,-0.71506,-0.40363,-0.51366
,-0.17009,-0.42566,-0.60321,-0.19895,-0.56333
,-0.14744,-0.64433,-0.4592,-0.1853,-0.33844
,-0.06261,-0.56909,-0.34806,0.22347,-0.24765
,-0.25563,-0.57181,-0.53515,-0.06569,-0.41167
,0.03884,-0.30805,-0.65858,-0.13368,-0.48832
,0.06832,-0.63077,-0.42567,-0.00552,-0.4535
,-0.03624,-0.46793,-0.28215,0.13623,-0.65566
,0.16887,0.0114,-0.58741,-0.00525,-0.51828
,-0.07205,-0.67029,-0.43451,-0.09933,-0.47822
,0.231,-0.64509,-0.44335,0.16546,-0.32682
,-0.31245,-0.58459,-0.33827,-0.19627,-0.49236
,-0.13237,-0.43099,-0.91636,-0.06413,-0.23388
,-0.07983,-0.7503,-0.3235,0.07305,-0.71639
,-0.15275,-0.42755,-0.53391,0.04817,-0.57422
,-0.19952,-0.55976,-0.37188,0.13681,-0.64597
,-0.10784,-0.48082,-0.26978,0.20814,-0.55456
,0.08526,-0.20765,-0.71139,0.15968,-1.02924
,-0.40403,-0.46354,-0.52985,0.18036,-0.50473
,-0.25852,-0.42454,-0.3435,0.09204,-0.2918
,0.21782,-0.54065,-0.38738,0.48385,0.08417
,0.02639,-0.45589,-0.35934,0.10368,-0.64075
,-0.09421,-0.55413,-0.41075,-0.29282,-0.57546
,0.23197,-0.48802,-0.34543,-0.18834,-0.52712
,0.10755,-0.27562,-0.5733,0.39009,-0.50385
,-0.07128,-0.34004,-0.25394,0.21702,-0.30399
,0.03179,-0.40147,-0.31778,0.19736,-0.5091
,-0.01229,-0.26497,-0.52432,0.15904,-0.22182
,-0.20322,-0.25768,-0.3546,0.24137,-0.35872
,-0.50662,-0.55742,-0.3463,0.29216,-0.27838
,-0.02623,-0.3845,-0.31254,0.07666,-0.35534
,-0.31305,-0.68192,-0.32812,0.12553,-0.52988
,0.06621,-0.39054,-0.37203,0.42852,-0.21986
,-0.56755,-0.56592,-0.34911,0.01202,-0.69338
,0.27088,-0.29375,-0.3147,0.19556,-0.39972
,-0.17791,-0.30417,-0.31145,0.1055,-0.4151
,-0.13643,-0.47841,-0.44862,0.15004,-0.55536
,-0.25099,-0.04196,-0.43846,0.14867,-0.72209
,-0.10257,-0.61753,-0.52887,0.29155,-0.53092
,-0.04299,-0.55104,-0.41791,0.05183,-0.15095
,-0.15292,-0.37949,-0.76652,-0.19347,-0.0638
,-0.30225,-0.33396,-0.4157,0.15432,-0.38178
,-0.07997,-0.55346,-0.36814,0.51249,-0.28958
,-0.29255,-0.54659,-0.19699,0.36452,-0.44589
,-0.08405,-0.23962,-0.28973,0.53718,-0.34957
,-0.16298,-0.34712,-0.34186,-0.11084,-0.12815
,-0.37407,-0.4284,-0.52487,0.44601,-0.40902
,-0.0202,-0.15035,-0.24652,0.0789,-0.58809
,-0.47945,-0.16395,-0.5153,-0.059,-0.18358
,0.14281,-0.58854,-0.81464,0.1754,-0.56642
,-0.49608,-0.46403,-0.32758,0.21675,-0.49105
,-0.27547,-0.39216,-0.30464,0.27334,-0.22484
,-0.20764,-0.55453,-0.44286,0.39307,-0.6704
,-0.26682,-0.44362,-0.26935,0.003,-0.48686
,-0.12398,-0.29682,-0.3463,0.06666,-0.4407
,0.02736,-0.30105,-0.28351,0.04493,-0.62612
,-0.07674,-0.48406,-0.48773,0.15469,-0.67997
,-0.21703,-0.6075,-0.01174,0.22442,-0.32141
,-0.2639,-0.57564,-0.28209,0.41371,-0.28068
,-0.23948,-0.53181,-0.20965,0.09438,-0.62644
,-0.07087,-0.64122,-0.45507,0.15585,-0.32494
,-0.01781,-0.16106,-0.51671,0.31594,-0.56729
,0.18352,-0.35928,-0.36839,0.37155,-0.05862
,-0.13767,-0.29522,-0.33966,0.1356,-0.20363
,0.21639,-0.38461,-0.32913,0.03324,-0.7405
,0.13957,-0.51571,-0.32577,0.0904,-0.35157
,0.17724,-0.49047,-0.53514,-0.00004,-0.56228
,0.11464,-0.44791,-0.19857,0.28961,-0.31805
,-0.31779,-0.27971,-0.28253,0.28096,-0.39983
,0.13101,-0.467,-0.24029,0.23208,-0.45682
,0.20256,-0.09332,-0.5054,0.09637,-0.3238
,0.12562,-0.44957,-0.29242,0.28099,-0.23844
,-0.16739,-0.51467,0.03633,-0.23609,-0.4711
,0.18521,-0.27681,-0.30839,-0.06731,-0.6221
,0.02496,-0.05741,-0.40208,0.37611,-0.27292
,-0.19347,-0.14023,-0.37083,0.21088,-0.55547
,0.09175,-0.23572,-0.39211,0.11418,-0.49143
,-0.06105,-0.18564,-0.09844,0.49686,-0.20643
,-0.10174,-0.39057,-0.4399,0.29417,-0.43428
,-0.16574,-0.5034,0.00546,0.16261,-0.50746
,-0.27204,-0.2518,-0.55674,0.14094,-0.29233
,0.03852,-0.12327,-0.1868,0.48133,-0.5067
,-0.166,-0.46608,-0.34102,0.04989,-0.45167
,0.23241,-0.26784,-0.44033,0.43841,-0.20318
,-0.17394,-0.15022,-0.10919,0.22209,-0.28082
,-0.34829,-0.59417,-0.02045,0.49414,-0.38324
,-0.21887,0.06878,0.01887,0.43042,-0.4632
,0.0553,-0.1898,-0.41594,0.32019,-0.49089
,-0.0534,-0.20431,0.25483,0.24468,-0.41471
,0.37131,-0.40829,0.01122,-0.0656,-0.3825
,0.13304,-0.4434,-0.03842,0.42362,-0.59166
,0.20605,-0.25974,-0.11701,0.41674,-0.40218
,-0.18549,-0.49268,-0.27415,0.19953,-0.57702
,-0.06235,-0.59887,-0.24124,0.64048,-0.36837
,0.09557,-0.05637,-0.32755,0.47303,-0.29595
,0.04472,-0.50786,0.02347,0.46899,-0.49897
,-0.21262,-0.11555,-0.43902,0.5016,-0.48105
,0.32946,0.01838,-0.01859,0.34589,-0.57587
,0.1863,-0.17204,-0.25169,0.24257,-0.68827
,0.19605,-0.33647,-0.23302,0.38337,-0.17451
,-0.19006,-0.27881,-0.22923,0.47005,-0.6461
,-0.04184,-0.13599,-0.00617,0.28277,-0.1908
,-0.04292,-0.22102,-0.05071,0.43024,-0.16819
,0.14283,-0.75257,-0.16912,0.00541,-0.28887
,0.255,-0.34478,-0.47479,0.38675,-0.32285
,-0.05236,-0.55033,-0.17742,0.21584,-0.43769
,-0.10082,-0.20308,0.29722,0.51258,-0.26223
,0.17251,-0.03665,-0.23835,0.27838,-0.40284
,0.11863,0.16153,-0.22871,0.26762,-0.41913
,-0.25965,-0.01561,-0.41476,0.40863,-0.00096
,0.11761,-0.42999,0.20925,0.55302,-0.40308
,0.08107,-0.45781,0.07701,0.09863,-0.04159
,0.158,-0.03681,0.01937,0.74127,-0.52241
,0.06335,-0.42441,0.21823,0.60667,-0.12503
,0.13258,-0.478,-0.05281,0.47833,0.12173
,0.34613,-0.14591,-0.11612,0.14267,-0.53516
,0.16379,-0.49464,-0.16312,0.39175,-0.39418
,-0.25602,-0.20703,0.15499,0.87048,-0.41467
,0.25697,-0.20677,0.17768,0.67682,-0.42606
,0.30656,-0.19325,0.1713,0.50518,-0.29919
,0.08084,-0.23805,-0.1809,0.44747,-0.44178
,0.44942,-0.19528,-0.12728,0.47481,-0.43203
,0.25263,-0.48659,-0.36277,0.57931,-0.29345
,0.29109,-0.24891,-0.05578,0.52115,-0.22061
,-0.05228,-0.40554,-0.35863,0.70812,-0.30257
,0.21029,0.02061,-0.06903,0.60666,-0.1862
,0.25297,-0.3418,-0.22373,0.44231,-0.10395
,0.28349,-0.05159,-0.171,0.30567,-0.22533
,0.21369,-0.44871,0.00932,0.51807,-0.20406
,0.22011,0.11918,-0.07148,0.6096,-0.3329
,0.40256,-0.21875,-0.26109,0.58815,-0.17339
,0.01454,-0.42587,-0.06739,0.62368,-0.29788
,-0.19696,-0.16257,-0.19905,0.21178,-0.06302
,0.24031,-0.27157,-0.00691,0.52809,-0.24275
,0.24683,-0.15019,0.21613,0.524,-0.3078
,0.17412,-0.09749,0.09672,0.43061,-0.20137
,0.05122,-0.1295,-0.14848,0.34849,-0.37725
,0.24192,-0.18863,-0.39248,0.6448,-0.43072
,0.19599,-0.06851,0.04987,0.65577,-0.15456
,0.15164,-0.40616,0.12448,0.44331,-0.31885
,0.145,-0.00212,0.07615,0.6713,-0.16754
,0.35259,-0.29657,0.38032,0.88249,-0.39776
,0.14868,-0.20815,0.11705,0.65614,-0.33328
,0.45329,-0.36965,-0.02262,0.43227,-0.26607
,0.07799,-0.11805,0.22878,0.43435,-0.17866
,0.37297,-0.48311,0.08452,0.81639,-0.19737
,0.52557,0.18285,-0.10429,0.83905,-0.15675
,0.19815,0.01268,0.04766,0.51695,-0.06307
,0.28291,-0.19326,0.20677,0.55304,-0.07724
,0.39769,-0.09459,0.35357,0.40426,-0.39767
,0.08908,-0.16922,-0.01685,0.71417,0.10033
,0.18993,0.08109,0.25935,0.41101,-0.15077
,0.58877,0.46533,-0.0376,0.659,0.12725
,0.56991,-0.1227,-0.14516,0.73192,-0.21064
,0.32601,0.11938,-0.06731,0.44874,-0.08795
,0.41818,0.15023,0.11625,0.64616,0.05612
,0.31046,0.06215,0.09932,0.59328,0.08561
,0.57804,0.03293,0.23432,0.7306,-0.07771
,0.47224,0.23689,-0.04103,0.56939,0.01368
,0.70495,0.18809,0.12326,0.6625,0.05709
,0.29302,0.11042,0.25228,0.89467,-0.16182
,0.84553,0.06019,0.12658,0.92886,0.09104
,0.29356,0.27078,-0.12806,0.8128,-0.23724
,0.802,-0.03619,0.35647,0.56372,-0.04866
,0.4702,-0.1403,-0.02268,0.73238,-0.35991
,0.37003,-0.0396,0.20125,0.63049,-0.4383
,0.66136,0.19505,0.45466,0.78314,-0.15373
,0.40692,0.35263,0.0699,0.82247,0.01413
,0.5639,-0.13977,0.18897,0.6304,-0.13316
,0.35928,0.38299,-0.04862,0.63632,-0.03229
,0.57258,0.14027,0.10478,0.7264,-0.00479
,0.64798,0.23572,0.07263,0.80905,-0.30232
,0.7013,-0.00589,0.44934,0.5172,-0.09899
,0.46042,-0.07427,0.01902,0.84756,-0.07198
,0.94578,0.02311,0.01891,0.55993,-0.27751
,0.6934,0.00178,0.53028,0.8412,-0.21844
,0.66874,0.21067,0.3461,0.78979,-0.17376
,0.35589,0.12829,0.20629,1.0007,0.06539
,0.73193,0.25057,0.33893,0.80772,0.00913
,0.75459,0.13997,0.22335,0.85233,-0.07058
,0.58447,0.06176,0.14271,0.52718,0.01901
,0.56263,0.11407,0.03036,0.61275,0.08276
,0.67408,0.07129,0.26182,0.7459,-0.2754
,0.54028,-0.01841,0.12271,0.74894,-0.05842
,0.73713,0.15627,0.21546,0.87693,-0.10782
,0.40088,-0.00261,0.19484,0.91576,-0.07601
,0.66502,0.45342,0.39455,0.36131,-0.18778
,0.62666,0.25258,-0.24575,0.55013,-0.03539
,0.69451,0.14102,0.18128,0.73651,0.03047
,0.98667,0.16499,0.24882,0.82266,-0.08961
,0.4435,0.09829,0.09665,0.70277,-0.11984
,0.37144,0.11372,-0.08965,0.52455,-0.33979
,0.65504,0.16966,0.23709,0.71457,-0.23437
,0.76997,0.18937,0.0512,0.67238,-0.12424
,0.86522,-0.16141,-0.20186,0.67213,0.0995
,0.82947,0.21436,-0.04141,0.63089,-0.20109
,0.88194,0.31466,0.0046,0.86471,-0.0896
,0.95388,-0.00188,-0.11619,0.46629,-0.16515
,0.69973,-0.23431,-0.14501,0.42512,-0.68131
,0.85144,0.08159,-0.09795,0.56735,-0.4341
,0.51441,-0.05583,-0.18758,0.66253,0.00377
,0.85277,-0.08325,-0.11135,0.26251,-0.44157
,0.45389,-0.07392,-0.27025,0.49639,-0.3335
,0.91058,-0.12831,-0.50747,0.55308,-0.4194
,0.80874,-0.35818,-0.32043,0.65011,-0.50858
,0.68179,-0.13037,0.05479,0.22453,-0.17694
,0.47678,-0.72211,0.00405,0.35018,-0.64129
,0.80127,-0.21792,-0.24782,0.13315,-0.54884
,0.62669,-0.2414,-0.18597,0.44573,-0.57536
,0.7159,-0.49666,-0.18172,0.17887,-0.41779
,0.59741,-0.42701,-0.67307,0.21167,-0.64762
,0.52937,-0.35826,-0.42669,-0.18171,-0.49532
,0.31336,-0.66744,-0.28296,0.02954,-0.58757
,0.53384,-0.67208,-0.82082,-0.06714,-0.83331
,0.31644,-0.79076,-0.53251,-0.00032,-0.62976
,0.44669,-0.65389,-1.03695,-0.0418,-0.74671
,0.49952,-0.95746,-0.4108,-0.01485,-0.76306
,0.70317,-0.76344,-0.81894,-0.27524,-0.9523
,0.16573,-0.82693,-0.60524,-0.24471,-0.75516
,0.33824,-0.60034,-0.79358,0.05379,-0.76539
,0.25918,-1.11348,-0.71915,-0.61258,-1.12542
,0.40418,-1.13427,-0.82937,-0.59642,-0.67024
,0.48222,-1.1067,-0.91613,-0.48151,-1.19345
,0.20692,-1.11775,-1.11749,-0.33549,-0.89708
,-0.00545,-1.43277,-0.92474,-0.28728,-1.2146
,0.15308,-1.10976,-1.19523,-0.3356,-1.24916
,-0.03179,-1.21119,-0.80211,-0.28777,-0.94495
,-0.08601,-1.34247,-1.07244,-0.51861,-0.87611
,-0.1005,-1.28775,-0.9114,-0.60973,-1.17336
,0.32535,-1.25981,-1.58147,-0.60285,-1.19051
,-0.01563,-1.23921,-1.03995,-0.51686,-1.25423
,0.24428,-1.4152,-1.33222,-0.28375,-1.28269
,-0.15254,-1.4494,-1.27185,-0.51716,-1.04475
,-0.1091,-1.48978,-1.3583,-0.83376,-1.30951
,-0.20764,-1.61554,-1.317,-0.91929,-1.22341
,-0.23387,-1.74107,-1.68829,-0.60931,-1.26159
,-0.12204,-1.63381,-1.454,-0.69466,-1.36778
,-0.08782,-2.08914,-1.38423,-0.8295,-1.35633
,-0.2017,-2.18982,-1.51262,-0.68123,-1.31802
,-0.37409,-2.23491,-1.76358,-0.88686,-1.59
,-0.64571,-1.73852,-1.87283,-0.94765,-1.48497
,-0.63022,-2.0055,-1.97487,-1.14221,-1.46129
,-0.34532,-1.8004,-1.87384,-1.15885,-1.45508
,-0.69309,-2.08833,-2.06236,-1.01587,-1.67561
,-0.55724,-2.30652,-1.69877,-1.20924,-1.71367
,-0.5332,-2.16391,-1.78438,-1.24514,-1.82308
,-0.80399,-2.48622,-1.88394,-1.29476,-1.66535
,-0.49975,-2.51603,-1.72146,-0.95133,-1.76102
,-0.35565,-2.44273,-1.8647,-0.99738,-1.69395
,-0.62239,-2.46376,-1.99103,-0.98216,-1.85101
,-1.17866,-2.53306,-1.92054,-1.3505,-1.81802
,-0.58483,-2.40204,-1.95898,-1.53742,-1.5929
,-0.54774,-2.45488,-1.73016,-1.27255,-1.73534
,-0.83937,-2.58791,-2.11298,-1.03766,-1.7183
,-0.67871,-2.57549,-2.13533,-1.1904,-1.6361
,-0.70817,-2.51796,-2.15979,-1.47038,-1.67888
,-0.86275,-2.63886,-2.06539,-1.44977,-1.61153
,-0.64198,-2.59028,-2.52576,-1.16915,-1.9937
,-0.69454,-2.75789,-2.48472,-1.62385,-1.85674
,-0.70298,-2.97936,-1.86887,-1.64638,-1.89423
,-1.01478,-2.73041,-2.54986,-1.41687,-1.96353
,-0.65844,-2.71043,-2.49269,-1.65126,-1.63549
,-1.0094,-2.63343,-2.3166,-1.38803,-2.13214
,-0.84644,-2.56554,-2.3568,-1.67886,-1.94561
,-0.99521,-2.44811,-2.52624,-1.48003,-2.05972
,-0.9482,-2.71885,-2.76414,-1.24392,-1.93398
,-0.82173,-2.90974,-2.39623,-1.47301,-2.16687
,-0.86555,-2.68818,-2.49792,-1.32921,-1.98542
,-0.88909,-2.52775,-2.5384,-1.49448,-2.06491
,-0.86603,-2.69834,-2.34195,-1.21776,-2.20818
,-1.01113,-3.20742,-2.69389,-1.78338,-2.06506
,-0.77188,-2.88586,-2.65918,-1.69475,-2.19247
,-0.65841,-3.02036,-2.53261,-1.66157,-1.4733
,-0.9801,-2.75273,-2.14879,-1.43532,-1.87384
,-0.85463,-2.79358,-2.57537,-1.36845,-2.13418
,-0.83894,-3.0049,-2.62466,-1.56941,-2.2469
,-0.59507,-2.96124,-2.28578,-1.73892,-2.00608
,-0.42959,-2.57015,-2.46599,-1.4468,-2.00287
,-0.57338,-2.75409,-2.45361,-2.0048,-1.89649
,-0.57629,-2.78953,-2.78185,-1.6403,-2.01536
,-0.55707,-3.02623,-2.30087,-1.30166,-2.012
,-0.9614,-2.73989,-2.56699,-1.37217,-1.74551
,-0.45444,-2.85582,-2.68923,-1.52568,-1.73581
,-0.5948,-2.6651,-2.73252,-1.61645,-1.71069
,-0.80586,-2.88259,-2.82337,-1.15253,-2.08739
,-0.84389,-2.98336,-2.71709,-1.59641,-1.53739
,-0.7628,-2.45749,-2.97363,-1.39683,-2.05886
,-0.5547,-2.64571,-2.60622,-1.30324,-1.86983
,-0.4419,-2.74375,-2.62328,-1.41592,-1.71696
,-0.42751,-2.79983,-2.85994,-1.39162,-1.76869
,-0.71439,-3.06816,-2.55516,-1.21287,-1.85268
,-0.31736,-3.06342,-2.60328,-1.48453,-1.86012
,-0.5796,-2.62235,-2.70983,-1.34268,-1.63609
,-0.20629,-2.92697,-2.53751,-1.20239,-1.89533
,-0.33477,-2.71465,-2.74648,-1.28303,-2.06122
,-0.50959,-2.8475,-2.55555,-1.43634,-1.67396
,-0.64008,-2.58272,-2.58579,-1.30412,-1.74412
,-0.43792,-2.82279,-2.36361,-1.1814,-1.74056
,-0.25601,-2.47216,-2.58567,-1.12739,-1.7365
,-0.41539,-2.90314,-2.43838,-1.09529,-1.61728
,-0.15927,-2.63648,-2.51606,-1.1484,-1.97294
,-0.25774,-2.74015,-2.71114,-1.49264,-1.73097
,-0.47514,-2.56836,-2.74954,-1.48155,-1.55489
,-0.30836,-2.51648,-2.57832,-1.36057,-1.59998
,-0.47218,-2.79217,-2.57977,-1.4272,-1.78138
,-0.54595,-2.42001,-2.3192,-1.45211,-1.81677
,-0.49249,-2.58326,-2.74697,-1.73868,-1.43364
,-0.4926,-2.41126,-2.42148,-1.32937,-1.53707
,-0.59869,-2.5967,-2.33771,-1.29031,-1.56758
,-0.55004,-2.24404,-2.34768,-1.27522,-1.71972
,-0.3266,-2.4582,-2.35177,-1.1546,-1.57986
,0.15484,-2.71634,-2.47904,-1.67939,-1.58142
,-0.32988,-2.56322,-2.49499,-1.27058,-1.40646
,-0.76346,-2.23061,-2.12683,-1.21313,-1.66975
,-0.30395,-2.2926,-2.12902,-1.40832,-1.46036
,-0.2341,-2.47464,-2.4345,-1.21392,-1.64248
,-0.21112,-2.36023,-2.55592,-1.38477,-1.7349
,-0.27721,-2.42062,-2.35792,-1.11423,-1.71967
,-0.50019,-2.38364,-2.21626,-1.02696,-1.69465
,-0.50049,-2.54979,-2.29695,-1.4624,-1.35041
,-0.38531,-2.3819,-2.19364,-1.13757,-1.4212
,-0.34009,-2.54362,-2.20688,-1.02942,-1.94125
,-0.35992,-2.05969,-2.1711,-1.04196,-1.73828
,-0.35978,-2.34835,-2.32559,-1.49012,-1.4917
,-0.21308,-2.13841,-2.36457,-1.25899,-1.32806
,-0.29327,-2.48277,-2.05215,-1.19876,-1.24531
,-0.45932,-2.35596,-2.22392,-1.41614,-1.89128
,-0.11039,-2.21022,-1.96989,-1.07491,-1.54297
,-0.07181,-2.29153,-2.19182,-0.91541,-2.10626
,-0.2942,-2.33021,-1.99833,-1.0394,-1.61815
,-0.04603,-1.96995,-2.15603,-0.96684,-1.62794
,-0.59063,-2.06805,-2.26341,-1.13528,-1.56082
,-0.36952,-2.3693,-2.22818,-1.17817,-1.34089
,-0.44347,-2.05018,-1.77101,-1.13648,-1.77076
,-0.18993,-2.04444,-1.73988,-1.49368,-1.59571
,-0.06619,-2.24695,-2.12118,-1.5406,-1.64451
,0.12366,-1.89365,-1.7637,-1.1676,-1.55581
,-0.36477,-2.26308,-2.1911,-0.92725,-1.82456
,-0.10746,-2.44197,-2.00342,-1.02233,-1.8426
,0.11127,-2.1438,-1.92378,-1.12622,-1.15291
,-0.31806,-2.22612,-2.15477,-1.10197,-1.60605
,-0.0463,-2.13765,-1.78035,-1.20713,-1.50848
,0.25019,-2.04469,-2.13885,-1.03273,-1.74037
,0.1119,-2.26865,-2.02554,-0.77711,-1.62594
,0.07741,-2.1415,-1.77381,-1.22184,-1.68106
,-0.09532,-2.08254,-2.01138,-0.85058,-1.41751
,0.18191,-2.17361,-1.95607,-1.11879,-1.44334
,-0.12839,-2.09461,-2.02778,-1.1163,-1.40106
,0.0606,-2.04444,-2.02051,-1.00706,-1.31569
,-0.19362,-2.1165,-1.9466,-1.27913,-1.59339
,-0.08193,-2.06205,-2.08128,-1.38463,-1.88152
,0.0546,-1.82132,-2.21307,-1.09181,-1.60191
,-0.14881,-2.18222,-1.85756,-0.63149,-1.45061
,0.29978,-1.74153,-1.8702,-0.92252,-1.43062
,0.51457,-1.96475,-1.78815,-0.67506,-1.48665
,0.40822,-1.67654,-2.03713,-0.8706,-1.05568
,0.04091,-2.32499,-1.93348,-1.04647,-1.52963
,-0.03673,-1.82837,-1.95238,-1.30905,-1.61709
,0.10889,-1.66431,-1.84658,-0.94563,-1.42089
,0.20848,-1.68411,-1.89811,-0.85833,-1.34556
,-0.15989,-1.98857,-2.06401,-0.96739,-1.64067
,0.14513,-1.96608,-2.22853,-1.10754,-1.55681
,0.19415,-2.03572,-1.74275,-1.13918,-0.84696
,-0.04812,-1.62541,-1.88783,-0.88779,-1.33946
,0.20859,-1.94724,-2.10578,-0.82117,-1.21129
,-0.09194,-1.82528,-1.48511,-0.9735,-1.61969
,0.30082,-1.47332,-1.75555,-1.06811,-1.49574
,0.16105,-1.89073,-1.62297,-0.9299,-1.30687
,0.11657,-1.63089,-1.76984,-1.07901,-1.43785
,-0.18639,-1.99125,-1.63581,-1.01986,-1.02166
,0.21022,-1.55418,-1.80628,-1.28495,-1.11566
,0.2729,-1.68861,-1.83425,-0.8438,-1.5339
,0.06248,-1.80548,-1.83235,-1.24668,-1.59191
,-0.09542,-1.90919,-1.66109,-1.17016,-1.26994
,0.36267,-1.71137,-1.65481,-1.21597,-1.30659
,0.11558,-1.51577,-1.56731,-1.05966,-1.11287
,-0.02422,-2.05383,-1.82739,-0.81263,-1.55905
,-0.03272,-1.95012,-1.61162,-0.94763,-1.48506
,0.39199,-1.68526,-1.84881,-0.9036,-1.2911
,0.32892,-1.89152,-1.61704,-0.89192,-1.34623
,0.19731,-1.86494,-1.88048,-1.02319,-1.0673
,0.08414,-1.68834,-1.26764,-1.15466,-0.90589
,-0.20712,-1.59334,-1.83799,-0.61475,-1.44636
,0.28152,-1.74963,-1.88169,-0.96892,-1.276
,0.29542,-1.64652,-1.83576,-0.80125,-1.29497
,0.20177,-1.51545,-1.5973,-1.07853,-1.05038
,0.13855,-1.597,-1.45067,-1.13342,-1.16485
,0.12694,-1.76406,-1.3681,-0.72792,-1.1225
,0.17901,-1.47671,-1.4779,-0.95793,-1.1031
,0.5035,-1.73047,-1.78381,-0.68009,-1.45616
,0.19674,-1.84871,-1.5536,-0.92915,-1.28924
,0.02502,-1.85915,-1.28063,-0.99875,-1.25797
,-0.02116,-1.75553,-1.46417,-0.90783,-1.1803
,-0.15898,-1.51558,-1.89963,-1.04027,-1.125
,-0.00395,-1.67644,-1.41455,-0.96133,-1.12296
,0.25618,-1.29122,-1.25282,-0.65291,-1.16388
,-0.03487,-1.4922,-1.5744,-1.15027,-1.22185
,-0.04007,-1.5716,-1.54655,-1.10479,-1.16593
,0.1271,-1.73756,-1.57457,-1.01933,-0.92719
,0.22471,-1.33715,-1.61577,-0.69509,-1.31592
,0.2855,-1.39106,-1.76644,-0.99945,-0.95036
,0.20923,-1.67497,-1.46793,-1.15028,-1.22772
,0.06284,-1.68334,-1.41759,-1.06965,-1.18775
,0.13764,-1.16805,-1.35428,-0.72489,-1.11132
,0.19853,-1.5748,-1.51654,-1.10902,-1.25634
,0.10955,-1.63761,-1.59001,-0.78155,-1.21279
,0.03185,-1.57412,-1.48247,-0.83754,-1.01225
,0.52108,-1.40466,-1.74959,-1.01415,-1.04596
,0.01143,-1.76535,-1.32778,-0.61602,-1.23436
,0.16208,-1.5922,-1.49232,-0.76838,-0.76543
,0.02914,-1.50553,-1.54218,-0.93436,-0.7633
,0.02582,-1.38036,-1.30992,-0.83175,-1.00241
,0.01701,-1.52156,-1.50899,-0.58186,-1.06464
,0.25916,-1.36074,-1.60322,-1.08714,-1.08036
,-0.04921,-1.73962,-1.56164,-0.96904,-1.3135
,0.23524,-1.2824,-1.55617,-0.986,-1.14255
,0.2548,-1.52778,-1.61713,-0.85932,-1.36105
,0.07675,-1.13574,-1.46517,-0.90881,-1.27678
,0.24997,-1.64967,-1.38799,-0.72384,-0.69972
,-0.28417,-1.46027,-1.49669,-1.02336,-0.85701
,-0.04223,-1.59883,-1.46819,-0.80379,-1.04486
,-0.07404,-1.60169,-1.23713,-1.3268,-0.92185
,0.12799,-1.44137,-1.81895,-0.95099,-0.77663
,0.07398,-1.66355,-1.7164,-0.63366,-1.11602
,-0.01017,-1.48867,-1.80419,-0.86104,-0.89539
,-0.07569,-1.39935,-1.39391,-0.7144,-1.00883
,0.10419,-1.29789,-1.47832,-1.03807,-1.16655
,0.17528,-1.65989,-1.44372,-1.46584,-1.2194
,-0.34673,-1.52934,-1.25348,-0.81465,-1.05725
,-0.18798,-1.74849,-1.58438,-1.06379,-1.03833
,-0.07448,-1.45881,-1.67135,-0.76211,-0.80113
,0.2159,-1.25592,-1.39634,-0.77628,-0.94917
,0.0804,-1.2897,-1.51168,-1.15249,-1.16421
,0.15464,-1.32349,-1.51988,-1.02387,-0.93136
,-0.47711,-1.22795,-1.31207,-1.13714,-1.00342
,0.02138,-1.53781,-1.61872,-0.83689,-0.84587
,-0.03313,-1.83648,-1.23649,-0.88562,-1.07757
,-0.10717,-1.78235,-1.61165,-0.78775,-0.94403
,0.07524,-1.65102,-1.52186,-0.8527,-1.19075
,-0.0224,-1.72783,-1.21769,-0.82748,-0.97593
,-0.16023,-1.74585,-1.71268,-0.89438,-0.69932
,-0.19448,-1.90893,-1.39546,-0.96131,-0.95968
,-0.21378,-1.73716,-1.51234,-1.07292,-0.88848
,-0.04166,-1.7709,-1.29592,-1.04595,-0.99742
,-0.40499,-1.65969,-1.2561,-0.98431,-1.05647
,-0.11084,-1.65896,-1.45307,-0.66792,-0.61771
,0.01071,-1.55853,-1.34533,-0.98677,-1.18483
,-0.19658,-1.50346,-1.65119,-0.89031,-1.08001
,-0.04884,-1.5261,-1.42684,-0.84715,-0.97727
,-0.283,-1.55417,-1.32182,-0.92966,-1.0357
,-0.23775,-1.54466,-1.24269,-1.08344,-0.69351
,-0.35205,-1.64658,-1.46049,-1.11876,-0.74269
,-0.11478,-1.72626,-1.44355,-0.99641,-0.68028
,-0.38198,-1.59753,-1.55333,-1.20847,-0.7978
,-0.0825,-1.64555,-1.30164,-0.96147,-0.83767
,-0.27525,-2.12019,-1.20138,-1.25167,-0.91683
,-0.24863,-1.5193,-1.04433,-0.81067,-1.02942
,0.01888,-1.42767,-1.47709,-0.99411,-0.93207
,0.05197,-1.72748,-1.45,-1.08096,-0.64188
,-0.17054,-1.76579,-1.65487,-1.25931,-0.93476
,-0.21686,-1.53953,-1.54586,-1.28845,-0.94999
,-0.09794,-1.42161,-1.48767,-0.72096,-0.96187
,-0.31371,-1.54335,-1.54662,-0.92441,-0.72753
,-0.15581,-1.5938,-1.40488,-0.83046,-0.62468
,-0.39685,-1.63671,-1.44405,-0.75323,-0.59764
,-0.05911,-1.36712,-1.50682,-0.56752,-0.96354
,0.01495,-1.65045,-1.02806,-1.06236,-0.81753
,-0.0756,-1.49425,-1.52156,-0.91202,-0.66917
,-0.4273,-1.79536,-1.48602,-0.82589,-1.04797
,-0.17523,-1.55876,-1.16213,-0.91856,-0.67176
,-0.10796,-1.83834,-1.16178,-1.08427,-0.8546
,-0.09311,-1.62816,-1.31598,-0.93664,-0.66148
,0.10898,-1.47835,-1.46823,-0.64997,-1.1597
,0.02962,-1.63086,-1.15821,-0.88727,-0.89106
,-0.41617,-1.90658,-1.42025,-0.72824,-0.62841
,-0.34819,-1.73138,-1.57115,-0.76104,-0.83736
,-0.10643,-1.22519,-1.36357,-1.05311,-0.58416
,-0.44036,-1.6617,-1.24953,-1.02674,-0.77651
,-0.31588,-1.63301,-1.57768,-0.87055,-0.68762
,-0.28256,-1.80298,-1.53637,-0.97942,-0.6887
,-0.3167,-1.50239,-1.41353,-0.9547,-0.70135
,-0.05525,-1.33724,-1.34455,-0.85213,-0.71627
,-0.35321,-1.44198,-1.43678,-1.01259,-0.94326
,-0.02182,-1.61393,-1.20161,-1.22591,-0.67321
,-0.32547,-1.42021,-1.54279,-0.84871,-1.07123
,-0.12115,-1.27054,-1.04974,-0.71541,-0.65215
,-0.36171,-1.57381,-1.2009,-0.71516,-0.68448
,-0.23774,-1.30061,-1.28372,-0.76206,-0.61124
,-0.24199,-1.58512,-1.01031,-1.11135,-0.72057
,0.08301,-1.42174,-1.20787,-0.76713,-0.74855
,-0.56916,-1.9618,-1.56581,-0.77434,-0.712
,-0.1433,-1.39212,-1.12897,-1.01532,-1.00305
,-0.0439,-1.57815,-1.09183,-0.88027,-0.82979
,-0.24333,-1.34272,-1.50453,-0.95569,-0.68247
,-0.05323,-1.38075,-1.07245,-0.81743,-0.72704
,0.00557,-1.06968,-1.26094,-0.998,-0.65515
,-0.17711,-1.27016,-1.02131,-0.89828,-0.37639
,0.00204,-1.4644,-1.23419,-1.00372,-0.57655
,-0.118,-1.22393,-1.20133,-0.88973,-0.6983
,-0.06408,-1.17842,-1.02564,-1.05826,-0.77325
,0.08674,-1.45817,-1.36745,-0.98053,-0.74611
,-0.2594,-1.30791,-1.1585,-0.78871,-0.50617
,-0.28979,-1.13884,-0.99456,-0.8244,-0.22938
,-0.10812,-1.49016,-1.08951,-0.41593,-0.64338
,-0.00672,-1.1113,-1.44559,-1.03648,-0.51979
,-0.1788,-1.19086,-1.04251,-0.86342,-0.65464
,-0.24703,-1.14569,-1.22478,-0.72463,-0.59482
,-0.40778,-1.35732,-1.163,-0.6816,-0.68207
,-0.32297,-1.39683,-1.0228,-0.70835,-0.77572
,-0.37193,-1.21519,-1.14074,-0.60765,-0.68927
,-0.14299,-1.29083,-0.93447,-0.81134,-0.51526
,-0.01336,-1.25702,-0.9335,-0.62145,-0.98679
,-0.0904,-1.0952,-1.1596,-0.55263,-0.69168
,-0.14216,-1.4855,-1.01195,-0.78001,-0.81305
,-0.16978,-0.98564,-0.71498,-0.51075,-0.48068
,0.18413,-1.44342,-1.13216,-0.93615,-0.58823
,-0.12506,-0.92052,-1.10007,-0.73095,-0.56343
,-0.49241,-1.01692,-0.87327,-0.75963,-0.70136
,-0.3107,-1.20793,-0.93387,-0.75084,-0.61067
,-0.09992,-0.93525,-1.09894,-0.45104,-0.60615
,0.05787,-1.04416,-0.69285,-0.60988,-0.92741
,0.02669,-1.23839,-1.21478,-0.79496,-0.68807
,0.00327,-0.9874,-1.24112,-0.94348,-0.55387
,-0.36478,-0.73704,-1.06192,-0.70121,-0.83707
,0.15368,-1.41442,-1.11637,-0.79698,-0.65036
,-0.15163,-1.27195,-1.05252,-0.46001,-0.87128
,0.01725,-1.20165,-1.05449,-0.5806,-0.48571
,-0.1314,-0.99037,-0.93144,-0.42678,-0.37641
,0.11164,-0.82874,-0.75668,-0.91869,-0.59136
,-0.08419,-0.95939,-1.04047,-0.60623,-0.45854
,-0.03491,-0.79924,-1.137,-0.77572,-0.48255
,-0.024,-1.19692,-0.81232,-0.84432,-0.71981
,-0.23074,-0.78381,-1.28173,-0.63572,-0.47651
,-0.12011,-0.88756,-1.04691,-0.92396,-0.52654
,-0.1799,-0.99669,-0.97376,-0.73231,-0.57266
,-0.02349,-1.05697,-0.97274,-0.52082,-0.84399
,-0.34124,-1.18684,-1.07044,-0.71319,-0.67125
,-0.12099,-0.94313,-0.77561,-0.61018,-0.55655
,-0.11546,-0.97397,-1.01086,-0.94892,-0.56455
,-0.24499,-0.83755,-1.08518,-0.74281,-0.49568
,-0.08097,-1.12979,-1.16843,-0.57318,-0.17918
,0.14914,-1.09489,-0.81382,-0.73845,-0.54424
,0.23449,-1.03163,-1.0232,-0.96131,-0.7934
,0.0937,-0.75864,-1.07906,-0.59929,-0.4972
,-0.25003,-0.98865,-0.80465,-0.82299,-0.76284
,-0.34732,-0.86515,-0.78849,-0.75788,-0.35407
,0.0904,-1.06459,-0.77091,-0.61327,-0.43133
,-0.06035,-0.90029,-1.09109,-0.44774,-0.39129
,-0.22254,-0.97361,-0.85021,-0.7636,-0.57875
,0.02879,-0.88127,-0.97828,-0.61619,-0.60787
,-0.01763,-0.86794,-0.88269,-0.40773,-0.67226
,-0.10726,-0.86923,-0.90183,-0.72229,-0.48243
,-0.03965,-0.74682,-1.00026,-0.70348,-0.4499
,-0.30476,-1.01477,-1.01486,-0.50237,-0.53294
,-0.20015,-1.00025,-0.92802,-1.00477,-0.73551
,-0.04334,-0.69292,-1.14887,-0.70535,-0.37084
,-0.02421,-0.84962,-0.84286,-0.53978,-0.43672
,-0.23757,-0.90663,-0.80855,-0.49615,-0.6155
,-0.3094,-0.89164,-1.14059,-0.33167,-0.67275
,-0.23258,-0.70587,-0.8132,-0.6447,-0.11756
,-0.30637,-0.70298,-0.64398,-0.80233,-0.87693
,-0.27336,-0.86257,-0.89859,-0.4496,-0.39622
,-0.34945,-1.05366,-0.99597,-0.54074,-0.3322
,-0.31892,-0.92585,-1.03028,-0.69442,-0.56325
,-0.06951,-1.10446,-0.99276,-0.58424,-0.67977
,-0.18394,-0.41811,-0.99344,-0.83879,-0.70792
,0.04765,-0.89798,-0.65063,-0.95765,-0.72814
,-0.35658,-0.90289,-0.96182,-0.72485,-0.42196
,-0.19552,-1.25755,-1.01019,-0.5654,-0.69786
,-0.24375,-1.03485,-0.73014,-0.77153,-0.21806
,-0.26077,-0.80841,-0.90305,-0.56801,-0.55141
,-0.23116,-0.76724,-0.95972,-0.84002,-0.6101
,-0.38796,-0.98004,-0.66701,-0.45438,-0.63831
,-0.20195,-0.91673,-0.88767,-0.43108,-0.47516
,-0.39813,-1.07782,-0.82157,-0.80781,-0.30783
,-0.17318,-0.70634,-0.60777,-0.78492,-0.41022
,-0.4808,-1.11109,-0.95865,-0.96155,-0.7029
,-0.26426,-0.82877,-0.72408,-0.66894,-0.65105
,-0.29466,-0.74135,-0.87163,-0.78475,-0.58063
,-0.35203,-1.18855,-0.79987,-0.57785,-0.57891
,-0.39839,-1.11466,-0.83519,-0.87852,-0.5381
,-0.2099,-1.10224,-0.74934,-1.02495,-0.22651
,-0.31167,-0.81472,-0.89327,-0.85214,-0.67565
,-0.35232,-1.27978,-1.03581,-0.79239,-0.38743
,-0.03257,-0.75712,-0.94467,-0.64377,-0.47012
,-0.10219,-0.89551,-0.79723,-0.57567,-0.4552
,-0.39607,-0.58423,-0.73024,-0.96479,-0.24544
,-0.22552,-0.69189,-0.93907,-0.76278,-0.36224
,-0.29384,-0.51925,-0.96316,-0.54938,-0.439
,-0.41562,-0.62207,-1.05242,-0.99165,-0.64522
,-0.25671,-0.76814,-0.9698,-1.03164,-0.51103
,-0.49782,-1.11973,-0.86327,-0.80228,-0.34277
,-0.11241,-0.90402,-0.89831,-1.00938,-0.45567
,-0.03533,-0.62257,-0.758,-0.77896,-0.51681
,-0.37718,-1.06908,-1.04344,-0.52931,-0.52345
,-0.29961,-0.73607,-0.70742,-0.71131,-0.56614
,-0.38722,-1.07425,-0.74186,-0.88201,-0.63286
,-0.40493,-1.02963,-1.05272,-0.59481,-0.51646
,-0.40922,-0.71879,-1.05439,-0.98925,-0.51539
,-0.69071,-1.03712,-0.62453,-0.77996,-0.34792
,-0.3406,-0.943,-0.49247,-0.96772,-0.37631
,-0.39176,-0.87297,-0.75855,-0.92717,-0.79359
,-0.14889,-0.78728,-0.8948,-1.1016,-0.71846
,-0.59706,-0.63605,-0.51121,-0.4986,-0.49291
,-0.11687,-1.07726,-0.99946,-1.06464,-0.3912
,-0.58932,-0.9021,-0.77547,-0.70411,-0.66879
,-0.49882,-1.0579,-0.79599,-0.80322,-0.51511
,-0.41162,-0.8374,-0.70666,-0.52612,-0.5733
,-0.35685,-0.61443,-0.96317,-1.24171,-0.57814
,-0.52118,-0.76173,-0.57071,-0.88245,-0.96768
,-0.34601,-0.8096,-0.92002,-1.12613,-0.52002
,-0.46968,-0.7271,-0.78621,-0.69077,-0.72162
,-0.43674,-0.88512,-0.95782,-0.92129,-0.49949
,-0.1765,-1.08214,-0.71208,-0.94598,-0.74429
,-0.67465,-1.0408,-0.47898,-1.00824,-0.49309
,-0.5619,-0.58639,-0.67669,-0.80713,-0.74698
,-0.26297,-0.68401,-0.57334,-0.75087,-0.39237
,-0.48924,-0.69375,-0.82359,-0.77604,-0.65124
,-0.19188,-0.54174,-0.94173,-0.7583,-0.79613
,-0.38565,-0.77265,-0.65308,-0.88231,-0.55289
,-0.49909,-0.57714,-0.58965,-0.30715,-0.53445
,-0.66433,-0.5853,-0.98171,-0.80438,-0.41743
,-0.39661,-0.84396,-0.7906,-0.83474,-0.7146
,-0.44235,-0.72225,-0.72332,-0.781,-0.70866
,-0.40711,-0.72432,-0.91182,-1.20025,-0.67188
,-0.8257,-0.51472,-0.73068,-0.97785,-0.31011
,-0.61078,-0.9249,-0.65779,-0.90831,-0.62481
,-0.36437,-0.5157,-0.80722,-0.90166,-0.63156
,-0.44021,-0.67591,-0.96138,-0.90168,-0.70443
,-0.5887,-0.825,-0.61681,-0.83954,-0.6838
,-0.37741,-0.54917,-0.61626,-1.02352,-0.54295
,-0.64084,-0.71143,-0.79096,-0.92529,-0.57765
,-0.5078,-0.54466,-0.58732,-0.83376,-0.35903
,-0.48128,-0.9912,-0.60116,-0.70089,-0.66038
,-0.39183,-0.655,-0.73447,-0.88808,-0.76144
,-0.67113,-0.80057,-0.37506,-0.64528,-0.9823
,-0.66667,-0.61954,-0.80751,-0.99103,-0.85537
,-0.45627,-0.85914,-0.89428,-0.75439,-0.74557
,-0.31307,-0.84066,-0.99637,-0.94664,-0.37737
,-0.59656,-0.76185,-0.76582,-0.72177,-0.56853
,-0.3735,-0.7615,-0.65638,-0.77625,-0.59528
,-0.7387,-0.74797,-0.89196,-0.74914,-0.57715
,-0.46354,-0.40548,-0.77109,-0.92118,-0.5877
,-0.55317,-0.58025,-0.90877,-0.7127,-0.49864
,-0.45427,-0.86478,-0.53121,-0.86254,-0.58351
,-0.18985,-0.6499,-0.29628,-0.58448,-0.35113
,-0.39451,-0.72942,-0.54114,-0.82527,-0.5882
,-0.44804,-0.26962,-0.94362,-0.92877,-0.71006
,-0.70019,-0.5154,-0.4624,-0.87693,-0.66703
,-0.61583,-0.91627,-0.54055,-1.08951,-0.72692
,-0.18489,-0.53513,-0.67923,-1.14069,-0.65023
,-0.36204,-0.4646,-0.85496,-0.61499,-0.71113
,-0.49558,-0.64494,-0.6103,-0.6147,-0.78875
,-0.52735,-0.72243,-0.91454,-1.04819,-0.63341
,-0.44748,-0.62866,-0.55131,-0.73957,-0.72084
,-0.24241,-0.85423,-0.47186,-0.60776,-0.6173
,-0.28063,-0.58454,-0.50131,-0.89884,-0.525
,-0.59582,-0.65974,-0.50755,-0.83708,-0.48775
,-0.27039,-0.77226,-0.28056,-0.77271,-0.55251
,-0.43121,-0.85232,-0.67055,-0.63826,-0.79892
,-0.34071,-0.76702,-0.76933,-0.62547,-0.88148
,-0.73768,-0.5982,-0.69098,-0.47005,-0.63776
,-0.50153,-0.49445,-0.5949,-0.55131,-0.64175
,-0.64517,-0.47794,-0.56644,-0.77815,-0.5493
,-0.63337,-0.37596,-0.39616,-0.60879,-0.58632
,-0.64689,-0.58456,-0.52207,-0.83737,-0.65244
,-0.48184,-0.44047,-0.52409,-0.62074,-0.80337
,-0.31107,-0.70223,-0.69067,-1.26223,-0.42369
,-0.65098,-0.20002,-0.30394,-0.66565,-0.62339
,-0.56219,-0.58934,-0.67427,-0.88423,-0.52739
,-0.42955,-0.59363,-0.57915,-0.59673,-0.82705
,-0.66263,-0.54107,-0.62104,-0.4069,-0.43319
,-0.3674,-0.45716,-0.70092,-0.74522,-0.66964
,-0.36296,-0.53805,-0.77444,-0.59597,-0.61504
,-0.38255,-0.522,-0.53687,-0.79764,-0.57309
,-0.65619,-0.32621,-0.54612,-0.50662,-0.65159
,-0.53101,-0.54084,-0.67745,-0.8953,-0.60029
,-0.22016,-0.49131,-0.21831,-0.58652,-0.36005
,-0.36033,-0.22225,-0.49426,-0.68531,-0.62256
,-0.26476,-0.28444,-0.4032,-0.80693,-0.55162
,-0.67981,-0.65615,-0.71963,-0.5388,-0.71147
,-0.36685,-0.40263,-0.70752,-0.46411,-0.60938
,-0.39775,-0.7375,-0.53598,-0.5497,-0.57347
,-0.24535,-0.68504,-0.57727,-0.63227,-0.24476
,-0.43411,-0.74311,-0.53531,-1.04661,-0.53532
,-0.30334,-0.32879,-0.40674,-0.67764,-0.43913
,-0.4512,-0.51933,-0.45063,-0.74303,-0.6614
,-0.23401,-0.54637,-0.4117,-0.57935,-0.44272
,-0.28554,-0.51988,-0.78161,-0.72908,-0.50399
,-0.58173,-0.44206,-0.30024,-0.35588,-0.61749
,-0.27637,-0.2926,-0.26472,-0.38617,-0.74976
,-0.45311,-0.22146,-0.77478,-0.63445,-0.66183
,-0.31735,-0.51754,-0.74471,-0.8544,-0.59729
,-0.7075,-0.06477,-0.39628,-0.61103,-0.76683
,0.29339,-0.20345,-0.33492,-0.53499,-0.58617
,-0.14706,-0.27579,-0.60287,-0.66138,-0.90528
,-0.34324,-0.24053,-0.46341,-0.57273,-0.21778
,-0.25953,-0.41917,-0.39614,-0.65548,-0.6833
,-0.24136,-0.44915,-0.41493,-0.60135,-0.41255
,-0.39089,-0.30891,-0.26672,-0.42709,-0.77535
,-0.50855,-0.29791,-0.08407,-0.51635,-0.57404
,-0.19225,-0.31954,-0.56078,-0.03615,-0.50972
,-0.43113,-0.13384,-0.14688,-0.71376,-0.74628
,-0.37205,-0.29173,-0.49463,-0.72557,-0.5157
,-0.28747,-0.30776,-0.23475,-0.33509,-0.46162
,0.19776,0.03872,-0.25669,-0.48101,-0.66022
,-0.00099,-0.30386,-0.4725,-0.3048,-0.47349
,-0.20563,-0.37432,-0.47004,-0.29332,-0.64768
,0.02844,-0.04258,-0.17683,-0.64712,-0.36396
,0.01428,-0.42365,-0.35074,-0.21158,-0.47637
,-0.3742,-0.30286,-0.32744,-0.64714,-0.63295
,-0.28338,-0.43847,-0.48296,-0.37784,-0.43623
,-0.15272,-0.34956,-0.40036,-0.49383,-0.45012
,0.00104,-0.28935,-0.22088,-0.37186,-0.39959
,0.1622,-0.23302,-0.36226,-0.19417,-0.74568
,-0.10422,-0.0705,-0.25821,-0.31304,-0.38202
,-0.02668,-0.15363,-0.19193,-0.37401,-0.59053
,-0.06326,-0.17316,-0.35893,-0.45479,-0.48696
,-0.43688,-0.35123,-0.1509,-0.64054,-0.64926
,-0.01546,-0.28177,-0.38671,-0.42141,-0.45461
,-0.14012,0.05058,-0.24643,-0.44222,-0.55573
,0.03778,-0.13899,-0.2418,-0.52043,-0.81517
,-0.00111,-0.10251,-0.1558,-0.27371,-0.66312
,-0.16766,-0.06902,-0.51858,-0.3818,-0.47409
,-0.33274,-0.2001,-0.38854,-0.61201,-0.51806
,-0.16758,-0.44592,-0.13795,-0.70296,-0.33138
,0.17328,-0.32241,-0.18093,-0.3804,-0.60872
,0.15326,-0.40708,-0.55729,-0.46,-0.46743
,-0.0995,-0.01901,-0.15213,-0.15848,-0.17943
,-0.24435,-0.06469,-0.38188,-0.40108,-0.51691
,-0.05285,0.10954,-0.34252,-0.39233,-0.66162
,-0.15622,0.12956,0.02976,-0.4106,-0.43763
,-0.42593,-0.0493,-0.40247,-0.25929,-0.3677
,-0.38342,0.04451,-0.38596,-0.21476,-0.66658
,-0.26967,0.13666,-0.27123,-0.22894,-0.71277
,-0.10642,0.3692,-0.33651,-0.60242,-0.23877
,-0.09609,-0.026,-0.15971,-0.41172,-0.86735
,-0.10172,-0.23011,-0.0989,-0.45576,-0.46891
,0.05809,-0.25501,-0.53674,-0.37211,-0.3588
,-0.23541,0.07051,-0.45428,-0.22318,-0.7147
,-0.11885,0.07232,-0.20941,-0.26413,-0.35006
,0.33359,0.18033,-0.40022,-0.47679,-0.72013
,-0.1348,-0.06565,-0.2427,-0.14222,-0.15782
,0.0916,-0.2872,-0.24079,-0.42142,-0.6648
,-0.09481,-0.00965,0.00505,-0.63509,-0.89546
,-0.11069,-0.21971,0.08894,-0.50694,-0.68649
,0.13878,0.37653,-0.06062,-0.23277,-0.58783
,0.0612,0.11925,-0.27378,-0.6904,-0.51129
,-0.02182,-0.19159,-0.09405,-0.32939,-0.2258
,0.11217,0.10261,-0.1225,-0.31655,-0.55022
,0.04314,-0.31724,-0.04016,-0.2207,-0.5034
,-0.15796,-0.23541,0.04294,-0.3899,-0.51307
,-0.01842,0.16401,-0.11745,-0.31984,-0.5598
,-0.14429,0.29055,-0.09058,-0.35941,-0.34578
,-0.02376,-0.11255,-0.05636,-0.33418,-0.39011
,0.00981,-0.29224,-0.16169,-0.28324,-0.67332
,-0.15227,-0.34916,-0.15368,-0.47494,-0.69613
,-0.04106,0.11225,-0.14058,-0.59248,-0.46181
,0.13857,-0.41748,-0.1634,-0.37909,-0.7126
,0.02654,-0.00038,0.06461,-0.56453,-0.38802
,0.01445,-0.29006,-0.12331,-0.53879,-0.45112
,-0.22699,-0.23323,-0.20959,-0.53064,-0.74228
,0.10434,0.09763,0.05271,-0.40569,-0.59807
,0.00604,0.16177,-0.07483,-0.11959,-0.69811
,-0.26843,-0.21194,-0.65058,-0.23676,-0.6853
,-0.46307,-0.05829,0.20215,-0.24481,-0.80905
,-0.07619,-0.11791,-0.02967,-0.5197,-0.87395
,-0.13852,-0.1898,-0.24279,-0.39431,-0.44729
,-0.08236,-0.29144,-0.35162,-0.53426,-0.34378
,-0.33098,0.01463,-0.16505,-0.33334,-0.46754
,-0.10972,-0.21662,0.08371,-0.25313,-0.81253
,0.02226,0.17184,-0.16683,-0.1121,-0.53038
,-0.31178,-0.22523,-0.16255,-0.27317,-0.79263
,0.24573,-0.31349,-0.4805,-0.01987,-0.49652
,-0.06338,0.35655,-0.10317,-0.65057,-0.44526
,-0.08522,-0.20899,-0.07848,-0.15113,-0.79711
,0.01129,-0.03176,0.00424,-0.77259,-0.51196
,-0.00538,-0