10.6, 1777, 2, 1, 6
13.5, 265, 0, 1, 6
14.3, 2828, 3, 1, 4
16.9, 3299, 4, 1, 6
17.1, 1028, 1, 1, 6
17.9, 1793, 2, 1, 6
18.1, 255, 0, 1, 6
18.2, 250, 0, 1, 6
19.3, 2545, 3, 1, 6
19.4, 1160, 1, 1, 5
23.6, 1772, 2, 1, 6
24.3, 2548, 3, 1, 6
25.5, 1306, 1, 1, 4
28, 1784, 2, 1, 6
29, 3788, 4, 1, 3
32.1, 541, 0, 1, 4
34.1, 2060, 2, 1, 4
37.9, 2274, 2, 1, 3
40.6, 1514, 1, 1, 3
40.7, 3440, 4, 1, 5
41.6, 1025, 1, 1, 6
42.7, 3306, 4, 1, 6
42.8, 271, 0, 1, 6
43.2, 398, 0, 1, 5
44, 2821, 3, 1, 4
44.3, 3582, 4, 1, 4
46.3, 1920, 2, 1, 5
47.6, 2538, 3, 1, 6
48.3, 400, 0, 1, 5
48.6, 3444, 4, 1, 5
48.8, 1032, 1, 1, 6
51, 1786, 2, 1, 6
51.3, 545, 0, 1, 4
52.7, 2533, 3, 1, 6
53.4, 1919, 2, 1, 5
54.5, 1011, 1, 1, 6
56.2, 744, 0, 1, 3
61.5, 2683, 3, 1, 5
62.3, 1783, 2, 1, 6
66.3, 269, 0, 1, 6
67.5, 3309, 4, 1, 6
67.8, 1023, 1, 1, 6
68.1, 1511, 1, 1, 3
69.5, 3442, 4, 1, 5
72.6, 1016, 1, 1, 6
73.8, 1163, 1, 1, 5
75.4, 3315, 4, 1, 6
76.6, 3589, 4, 1, 4
84.8, 3325, 4, 3, 5
85.9, 2687, 3, 1, 5
86.2, 2883, 3, 3, 3
87.1, 1922, 2, 1, 5
87.2, 1513, 1, 1, 3
87.9, 1846, 2, 3, 5
88.1, 584, 0, 3, 3
88.6, 396, 0, 1, 5
91, 1787, 2, 1, 6
91.2, 1299, 1, 1, 4
91.6, 3580, 4, 1, 4
95.7, 1776, 2, 1, 6
97.5, 2279, 2, 1, 3
98.7, 2275, 2, 1, 3
99.1, 3298, 4, 1, 6
100.7, 3036, 3, 1, 3
101.7, 1918, 2, 1, 5
102.3, 3797, 4, 1, 3
103, 399, 0, 1, 5
103.8, 1784, 2, 1, 6
105.6, 3799, 4, 1, 3
105.8, 470, 0, 3, 4
106.9, 1789, 2, 1, 6
107, 1195, 1, 3, 4
107, 3035, 3, 1, 3
108.1, 681, 0, 3, 3
108.5, 452, 0, 3, 4
108.7, 1147, 1, 2, 5
108.9, 1255, 1, 3, 4
109.3, 2266, 2, 1, 3
110.4, 1278, 1, 3, 4
110.5, 1221, 1, 3, 4
110.6, 1220, 1, 3, 4
110.9, 397, 0, 1, 5
111.3, 1222, 1, 3, 4
111.6, 260, 0, 1, 6
111.9, 753, 0, 1, 3
112, 1293, 1, 2, 4
112.2, 3585, 4, 1, 4
112.5, 1206, 1, 3, 4
113.6, 1198, 1, 3, 4
113.8, 534, 0, 2, 4
114.3, 1296, 1, 2, 4
114.8, 1284, 1, 2, 4
115.3, 3302, 4, 1, 6
115.4, 1289, 1, 2, 4
116, 1287, 1, 2, 4
116, 1288, 1, 2, 4
116.1, 1291, 1, 2, 4
116.1, 1292, 1, 2, 4
116.3, 1237, 1, 3, 4
116.3, 1285, 1, 2, 4
116.9, 1159, 1, 1, 5
117, 1318, 1, 3, 3
117.3, 1920, 2, 1, 5
118.5, 1302, 1, 1, 4
118.6, 1355, 1, 3, 3
118.7, 1475, 1, 3, 3
119, 1340, 1, 3, 3
119.1, 1297, 1, 1, 4
119.1, 1350, 1, 3, 3
119.1, 2681, 3, 1, 5
119.5, 1439, 1, 3, 3
120.1, 1300, 1, 1, 4
120.2, 1446, 1, 3, 3
120.7, 1309, 1, 3, 3
120.9, 526, 0, 2, 4
121.7, 1341, 1, 3, 3
122.3, 1371, 1, 3, 3
122.4, 1317, 1, 3, 3
122.4, 1348, 1, 3, 3
122.4, 1367, 1, 3, 3
122.4, 1408, 1, 3, 3
122.9, 1394, 1, 3, 3
123.3, 1403, 1, 3, 3
123.7, 1465, 1, 3, 3
123.7, 3446, 4, 1, 5
123.8, 2824, 3, 1, 4
124, 1437, 1, 3, 3
124.1, 1457, 1, 3, 3
124.4, 1380, 1, 3, 3
124.7, 1470, 1, 3, 3
124.9, 1320, 1, 3, 3
125.2, 1378, 1, 3, 3
125.3, 1425, 1, 3, 3
125.5, 1055, 1, 3, 5
125.6, 1314, 1, 3, 3
125.7, 2820, 3, 1, 4
126.3, 1087, 1, 3, 5
126.4, 1311, 1, 3, 3
126.5, 1071, 1, 3, 5
126.6, 1463, 1, 3, 3
126.7, 1118, 1, 3, 5
127.2, 1041, 1, 3, 5
127.3, 1191, 1, 4, 5
127.4, 1070, 1, 3, 5
127.7, 1094, 1, 3, 5
127.8, 1167, 1, 4, 5
127.8, 1401, 1, 3, 3
127.9, 1073, 1, 3, 5
127.9, 1098, 1, 3, 5
127.9, 1105, 1, 3, 5
128, 1069, 1, 3, 5
128, 1158, 1, 1, 5
128, 1174, 1, 4, 5
128, 1369, 1, 3, 3
128, 1398, 1, 3, 3
128.1, 1064, 1, 3, 5
128.2, 1058, 1, 3, 5
128.2, 1089, 1, 3, 5
128.2, 1332, 1, 3, 3
128.2, 1344, 1, 3, 3
128.3, 1432, 1, 3, 3
128.4, 1083, 1, 3, 5
128.4, 1316, 1, 3, 3
128.5, 1092, 1, 3, 5
128.6, 1047, 1, 3, 5
128.6, 1104, 1, 3, 5
128.6, 1345, 1, 3, 3
128.7, 1056, 1, 3, 5
128.7, 1095, 1, 3, 5
128.7, 1181, 1, 4, 5
128.7, 1418, 1, 3, 3
128.8, 1097, 1, 3, 5
128.9, 1100, 1, 3, 5
128.9, 1172, 1, 4, 5
129, 1107, 1, 3, 5
129, 1117, 1, 3, 5
129, 1414, 1, 3, 3
129.1, 1076, 1, 3, 5
129.1, 1168, 1, 4, 5
129.1, 1171, 1, 4, 5
129.1, 1189, 1, 4, 5
129.1, 1450, 1, 3, 3
129.2, 1187, 1, 4, 5
129.2, 1310, 1, 3, 3
129.2, 1438, 1, 3, 3
129.3, 1099, 1, 3, 5
129.3, 1170, 1, 4, 5
129.4, 1082, 1, 3, 5
129.4, 1177, 1, 4, 5
129.4, 1466, 1, 3, 3
129.5, 1084, 1, 3, 5
129.5, 1101, 1, 3, 5
129.6, 1037, 1, 3, 5
129.6, 1046, 1, 3, 5
129.6, 1078, 1, 3, 5
129.6, 1091, 1, 3, 5
129.6, 1173, 1, 4, 5
129.6, 1338, 1, 3, 3
129.7, 402, 0, 1, 5
129.7, 1060, 1, 3, 5
129.7, 1093, 1, 3, 5
129.7, 1108, 1, 3, 5
129.8, 1040, 1, 3, 5
129.8, 1050, 1, 3, 5
129.8, 1053, 1, 3, 5
129.8, 1192, 1, 4, 5
129.9, 1051, 1, 3, 5
129.9, 1169, 1, 4, 5
129.9, 1185, 1, 4, 5
130, 1033, 1, 3, 5
130, 1067, 1, 3, 5
130, 1180, 1, 4, 5
130.1, 1034, 1, 3, 5
130.1, 1308, 1, 3, 3
130.2, 1035, 1, 3, 5
130.2, 1085, 1, 3, 5
130.2, 1103, 1, 3, 5
130.2, 1521, 1, 1, 3
130.3, 1059, 1, 3, 5
130.3, 1077, 1, 3, 5
130.3, 1179, 1, 4, 5
130.4, 1072, 1, 3, 5
130.4, 1186, 1, 4, 5
130.4, 1390, 1, 3, 3
130.5, 1426, 1, 3, 3
130.6, 1096, 1, 3, 5
130.7, 1042, 1, 3, 5
130.7, 1114, 1, 3, 5
130.7, 1191, 1, 4, 5
130.8, 601, 0, 3, 3
130.8, 1090, 1, 3, 5
130.8, 1176, 1, 4, 5
130.8, 1182, 1, 4, 5
130.8, 1183, 1, 4, 5
130.9, 1039, 1, 3, 5
130.9, 1052, 1, 3, 5
130.9, 1152, 1, 2, 5
130.9, 1500, 1, 2, 3
131, 1043, 1, 3, 5
131.1, 1178, 1, 4, 5
131.1, 1337, 1, 3, 3
131.1, 1505, 1, 1, 3
131.2, 1066, 1, 3, 5
131.2, 1068, 1, 3, 5
131.2, 1074, 1, 3, 5
131.2, 1133, 1, 2, 5
131.2, 1462, 1, 3, 3
131.3, 1135, 1, 2, 5
131.3, 1190, 1, 4, 5
131.4, 1086, 1, 3, 5
131.4, 1128, 1, 2, 5
131.4, 1140, 1, 2, 5
131.4, 1174, 1, 4, 5
131.5, 1036, 1, 3, 5
131.5, 1127, 1, 2, 5
131.5, 1146, 1, 2, 5
131.5, 1479, 1, 2, 3
131.6, 1045, 1, 3, 5
131.6, 1048, 1, 3, 5
131.6, 1062, 1, 3, 5
131.6, 1126, 1, 2, 5
131.6, 1136, 1, 2, 5
131.6, 1138, 1, 2, 5
131.6, 1147, 1, 2, 5
131.6, 1149, 1, 2, 5
131.6, 1467, 1, 3, 3
131.7, 1125, 1, 2, 5
131.7, 1131, 1, 2, 5
131.7, 1137, 1, 2, 5
131.7, 1139, 1, 2, 5
131.7, 1150, 1, 2, 5
131.7, 1184, 1, 4, 5
131.8, 585, 0, 3, 3
131.8, 1106, 1, 3, 5
131.8, 1130, 1, 2, 5
131.8, 1134, 1, 2, 5
131.8, 1141, 1, 2, 5
131.8, 1143, 1, 2, 5
131.8, 1145, 1, 2, 5
131.8, 1411, 1, 3, 3
131.8, 1514, 1, 1, 3
131.9, 1123, 1, 2, 5
131.9, 1124, 1, 2, 5
131.9, 1148, 1, 2, 5
131.9, 1151, 1, 2, 5
131.9, 1487, 1, 2, 3
131.9, 1488, 1, 2, 3
132, 1054, 1, 3, 5
132, 1088, 1, 3, 5
132, 1112, 1, 3, 5
132, 1142, 1, 2, 5
132, 1144, 1, 2, 5
132, 1167, 1, 4, 5
132, 1175, 1, 4, 5
132, 1386, 1, 3, 3
132, 1482, 1, 2, 3
132, 1483, 1, 2, 3
132, 1502, 1, 2, 3
132.1, 1121, 1, 3, 5
132.1, 1129, 1, 2, 5
132.1, 1132, 1, 2, 5
132.1, 1181, 1, 4, 5
132.1, 1402, 1, 3, 3
132.1, 1496, 1, 2, 3
132.2, 1065, 1, 3, 5
132.2, 1120, 1, 3, 5
132.2, 1122, 1, 2, 5
132.2, 1484, 1, 2, 3
132.3, 386, 0, 2, 5
132.3, 1385, 1, 3, 3
132.3, 1486, 1, 2, 3
132.4, 1061, 1, 3, 5
132.4, 1116, 1, 3, 5
132.4, 1368, 1, 3, 3
132.5, 369, 0, 2, 5
132.5, 390, 0, 2, 5
132.5, 1168, 1, 4, 5
132.5, 1171, 1, 4, 5
132.5, 1189, 1, 4, 5
132.5, 1349, 1, 3, 3
132.5, 1481, 1, 2, 3
132.5, 1883, 2, 2, 5
132.5, 1900, 2, 2, 5
132.6, 1055, 1, 3, 5
132.6, 1102, 1, 3, 5
132.6, 1342, 1, 3, 3
132.6, 1471, 1, 3, 3
132.6, 1493, 1, 2, 3
132.6, 1499, 1, 2, 3
132.6, 1503, 1, 2, 3
132.7, 391, 0, 2, 5
132.7, 1063, 1, 3, 5
132.7, 1170, 1, 4, 5
132.7, 1364, 1, 3, 3
132.7, 1478, 1, 2, 3
132.7, 1501, 1, 2, 3
132.7, 1893, 2, 2, 5
132.7, 1902, 2, 2, 5
132.8, 1049, 1, 3, 5
132.8, 1177, 1, 4, 5
132.8, 1187, 1, 4, 5
132.8, 1451, 1, 3, 3
132.8, 1504, 1, 2, 3
132.8, 1884, 2, 2, 5
132.9, 373, 0, 2, 5
132.9, 382, 0, 2, 5
132.9, 1071, 1, 3, 5
132.9, 1079, 1, 3, 5
132.9, 1119, 1, 3, 5
132.9, 1494, 1, 2, 3
132.9, 1498, 1, 2, 3
132.9, 1515, 1, 1, 3
132.9, 1888, 2, 2, 5
132.9, 1895, 2, 2, 5
132.9, 1908, 2, 2, 5
133, 364, 0, 2, 5
133, 365, 0, 2, 5
133, 380, 0, 2, 5
133, 1173, 1, 4, 5
133, 1440, 1, 3, 3
133, 1480, 1, 2, 3
133, 1489, 1, 2, 3
133, 1495, 1, 2, 3
133, 1508, 1, 1, 3
133, 1516, 1, 1, 3
133, 1894, 2, 2, 5
133.1, 368, 0, 2, 5
133.1, 371, 0, 2, 5
133.1, 1327, 1, 3, 3
133.1, 1372, 1, 3, 3
133.1, 1428, 1, 3, 3
133.1, 1485, 1, 2, 3
133.1, 1491, 1, 2, 3
133.1, 1518, 1, 1, 3
133.1, 1886, 2, 2, 5
133.1, 1890, 2, 2, 5
133.1, 1903, 2, 2, 5
133.2, 370, 0, 2, 5
133.2, 377, 0, 2, 5
133.2, 385, 0, 2, 5
133.2, 1188, 1, 4, 5
133.2, 1192, 1, 4, 5
133.2, 1376, 1, 3, 3
133.2, 1506, 1, 1, 3
133.2, 1885, 2, 2, 5
133.2, 1907, 2, 2, 5
133.3, 381, 0, 2, 5
133.3, 383, 0, 2, 5
133.3, 388, 0, 2, 5
133.3, 1109, 1, 3, 5
133.3, 1113, 1, 3, 5
133.3, 1169, 1, 4, 5
133.3, 1185, 1, 4, 5
133.3, 1296, 1, 2, 4
133.3, 1405, 1, 3, 3
133.3, 1519, 1, 1, 3
133.4, 361, 0, 2, 5
133.4, 378, 0, 2, 5
133.4, 1038, 1, 3, 5
133.4, 1111, 1, 3, 5
133.4, 1180, 1, 4, 5
133.4, 1473, 1, 3, 3
133.4, 1892, 2, 2, 5
133.4, 1904, 2, 2, 5
133.5, 375, 0, 2, 5
133.5, 387, 0, 2, 5
133.5, 1041, 1, 3, 5
133.5, 1087, 1, 3, 5
133.5, 1323, 1, 3, 3
133.5, 1509, 1, 1, 3
133.5, 1896, 2, 2, 5
133.5, 1906, 2, 2, 5
133.6, 366, 0, 2, 5
133.6, 1303, 1, 1, 4
133.6, 1490, 1, 2, 3
133.6, 1510, 1, 1, 3
133.6, 1513, 1, 1, 3
133.6, 1909, 2, 2, 5
133.6, 1910, 2, 2, 5
133.6, 1912, 2, 2, 5
133.7, 362, 0, 2, 5
133.7, 363, 0, 2, 5
133.7, 367, 0, 2, 5
133.7, 374, 0, 2, 5
133.7, 389, 0, 2, 5
133.7, 1070, 1, 3, 5
133.7, 1179, 1, 4, 5
133.7, 1306, 1, 1, 4
133.7, 1343, 1, 3, 3
133.7, 1492, 1, 2, 3
133.7, 1889, 2, 2, 5
133.7, 1891, 2, 2, 5
133.7, 1899, 2, 2, 5
133.7, 1905, 2, 2, 5
133.7, 1913, 2, 2, 5
133.8, 376, 0, 2, 5
133.8, 1152, 1, 2, 5
133.8, 1172, 1, 4, 5
133.8, 1186, 1, 4, 5
133.8, 1301, 1, 1, 4
133.8, 1305, 1, 1, 4
133.8, 1500, 1, 2, 3
133.9, 372, 0, 2, 5
133.9, 379, 0, 2, 5
133.9, 1080, 1, 3, 5
133.9, 1319, 1, 3, 3
133.9, 1352, 1, 3, 3
133.9, 1420, 1, 3, 3
133.9, 1511, 1, 1, 3
134, 384, 0, 2, 5
134, 735, 0, 2, 3
134, 1075, 1, 3, 5
134, 1094, 1, 3, 5
134, 1299, 1, 1, 4
134, 1460, 1, 3, 3
134, 1497, 1, 2, 3
134, 1520, 1, 1, 3
134, 1887, 2, 2, 5
134, 1901, 2, 2, 5
134.1, 1133, 1, 2, 5
134.1, 1191, 1, 4, 5
134.1, 1517, 1, 1, 3
134.1, 1911, 2, 2, 5
134.2, 1105, 1, 3, 5
134.2, 1135, 1, 2, 5
134.2, 1176, 1, 4, 5
134.2, 1182, 1, 4, 5
134.2, 1183, 1, 4, 5
134.2, 1285, 1, 2, 4
134.2, 1302, 1, 1, 4
134.2, 1429, 1, 3, 3
134.2, 1897, 2, 2, 5
134.3, 1069, 1, 3, 5
134.3, 1128, 1, 2, 5
134.3, 1140, 1, 2, 5
134.3, 1297, 1, 1, 4
134.3, 1300, 1, 1, 4
134.4, 709, 0, 3, 3
134.4, 1064, 1, 3, 5
134.4, 1073, 1, 3, 5
134.4, 1127, 1, 2, 5
134.4, 1146, 1, 2, 5
134.4, 1293, 1, 2, 4
134.4, 1434, 1, 3, 3
134.4, 1479, 1, 2, 3
134.5, 1057, 1, 3, 5
134.5, 1058, 1, 3, 5
134.5, 1089, 1, 3, 5
134.5, 1126, 1, 2, 5
134.5, 1136, 1, 2, 5
134.5, 1138, 1, 2, 5
134.5, 1147, 1, 2, 5
134.5, 1149, 1, 2, 5
134.5, 1178, 1, 4, 5
134.5, 1384, 1, 3, 3
134.5, 1406, 1, 3, 3
134.5, 1507, 1, 1, 3
134.5, 2261, 2, 2, 3
134.6, 1110, 1, 3, 5
134.6, 1125, 1, 2, 5
134.6, 1131, 1, 2, 5
134.6, 1137, 1, 2, 5
134.6, 1139, 1, 2, 5
134.6, 1150, 1, 2, 5
134.6, 1304, 1, 1, 4
134.6, 1315, 1, 3, 3
134.6, 1392, 1, 3, 3
134.6, 1395, 1, 3, 3
134.6, 1409, 1, 3, 3
134.7, 728, 0, 2, 3
134.7, 1083, 1, 3, 5
134.7, 1130, 1, 2, 5
134.7, 1134, 1, 2, 5
134.7, 1141, 1, 2, 5
134.7, 1143, 1, 2, 5
134.7, 1145, 1, 2, 5
134.7, 1190, 1, 4, 5
134.7, 1298, 1, 1, 4
134.7, 2254, 2, 2, 3
134.7, 2965, 3, 3, 3
134.8, 719, 0, 2, 3
134.8, 1092, 1, 3, 5
134.8, 1123, 1, 2, 5
134.8, 1124, 1, 2, 5
134.8, 1148, 1, 2, 5
134.8, 1151, 1, 2, 5
134.8, 1174, 1, 4, 5
134.8, 1284, 1, 2, 4
134.8, 1336, 1, 3, 3
134.8, 1416, 1, 3, 3
134.8, 1454, 1, 3, 3
134.8, 1487, 1, 2, 3
134.8, 1898, 2, 2, 5
134.9, 1047, 1, 3, 5
134.9, 1104, 1, 3, 5
134.9, 1142, 1, 2, 5
134.9, 1144, 1, 2, 5
134.9, 1286, 1, 2, 4
134.9, 1287, 1, 2, 4
134.9, 1312, 1, 3, 3
134.9, 1436, 1, 3, 3
134.9, 1468, 1, 3, 3
134.9, 1482, 1, 2, 3
134.9, 1483, 1, 2, 3
134.9, 1512, 1, 1, 3
135, 1095, 1, 3, 5
135, 1129, 1, 2, 5
135, 1132, 1, 2, 5
135, 1288, 1, 2, 4
135, 1496, 1, 2, 3
135, 1521, 1, 1, 3
135.1, 1097, 1, 3, 5
135.1, 1122, 1, 2, 5
135.1, 1184, 1, 4, 5
135.1, 1291, 1, 2, 4
135.1, 1324, 1, 3, 3
135.1, 1356, 1, 3, 3
135.1, 1388, 1, 3, 3
135.1, 1412, 1, 3, 3
135.1, 1421, 1, 3, 3
135.1, 1484, 1, 2, 3
135.2, 386, 0, 2, 5
135.2, 1044, 1, 3, 5
135.2, 1339, 1, 3, 3
135.2, 1361, 1, 3, 3
135.2, 1375, 1, 3, 3
135.2, 1391, 1, 3, 3
135.2, 1453, 1, 3, 3
135.2, 1455, 1, 3, 3
135.3, 1294, 1, 2, 4
135.3, 1435, 1, 3, 3
135.3, 1445, 1, 3, 3
135.4, 369, 0, 2, 5
135.4, 390, 0, 2, 5
135.4, 1076, 1, 3, 5
135.4, 1167, 1, 4, 5
135.4, 1175, 1, 4, 5
135.4, 1360, 1, 3, 3
135.4, 1481, 1, 2, 3
135.4, 1502, 1, 2, 3
135.4, 1883, 2, 2, 5
135.4, 1900, 2, 2, 5
135.5, 739, 0, 2, 3
135.5, 1181, 1, 4, 5
135.5, 1283, 1, 2, 4
135.5, 1289, 1, 2, 4
135.5, 1493, 1, 2, 3
135.5, 1499, 1, 2, 3
135.5, 1503, 1, 2, 3
135.6, 391, 0, 2, 5
135.6, 1099, 1, 3, 5
135.6, 1118, 1, 3, 5
135.6, 1307, 1, 3, 3
135.6, 1326, 1, 3, 3
135.6, 1893, 2, 2, 5
135.6, 1902, 2, 2, 5
135.7, 1082, 1, 3, 5
135.7, 1379, 1, 3, 3
135.7, 1433, 1, 3, 3
135.7, 1504, 1, 2, 3
135.8, 373, 0, 2, 5
135.8, 382, 0, 2, 5
135.8, 1084, 1, 3, 5
135.8, 1101, 1, 3, 5
135.8, 1441, 1, 3, 3
135.8, 1494, 1, 2, 3
135.8, 1498, 1, 2, 3
135.8, 1884, 2, 2, 5
135.8, 1888, 2, 2, 5
135.8, 1895, 2, 2, 5
135.8, 1908, 2, 2, 5
135.9, 364, 0, 2, 5
135.9, 365, 0, 2, 5
135.9, 380, 0, 2, 5
135.9, 1037, 1, 3, 5
135.9, 1046, 1, 3, 5
135.9, 1078, 1, 3, 5
135.9, 1091, 1, 3, 5
135.9, 1168, 1, 4, 5
135.9, 1171, 1, 4, 5
135.9, 1189, 1, 4, 5
135.9, 1480, 1, 2, 3
135.9, 1486, 1, 2, 3
135.9, 1495, 1, 2, 3
135.9, 1505, 1, 1, 3
135.9, 1894, 2, 2, 5
135.9, 2241, 2, 2, 3
136, 291, 0, 3, 5
136, 368, 0, 2, 5
136, 371, 0, 2, 5
136, 1060, 1, 3, 5
136, 1093, 1, 3, 5
136, 1108, 1, 3, 5
136, 1485, 1, 2, 3
136, 1886, 2, 2, 5
136, 1890, 2, 2, 5
136, 1903, 2, 2, 5
136.1, 370, 0, 2, 5
136.1, 377, 0, 2, 5
136.1, 385, 0, 2, 5
136.1, 1050, 1, 3, 5
136.1, 1053, 1, 3, 5
136.1, 1170, 1, 4, 5
136.1, 1501, 1, 2, 3
136.1, 1885, 2, 2, 5
136.1, 1907, 2, 2, 5
136.2, 381, 0, 2, 5
136.2, 383, 0, 2, 5
136.2, 388, 0, 2, 5
136.2, 1051, 1, 3, 5
136.2, 1177, 1, 4, 5
136.2, 1296, 1, 2, 4
136.2, 1422, 1, 3, 3
136.2, 1470, 1, 3, 3
136.3, 361, 0, 2, 5
136.3, 1033, 1, 3, 5
136.3, 1067, 1, 3, 5
136.3, 1081, 1, 3, 5
136.3, 1292, 1, 2, 4
136.3, 1489, 1, 2, 3
136.3, 1892, 2, 2, 5
136.3, 1904, 2, 2, 5
136.3, 2264, 2, 2, 3
136.4, 375, 0, 2, 5
136.4, 387, 0, 2, 5
136.4, 1034, 1, 3, 5
136.4, 1427, 1, 3, 3
136.4, 1452, 1, 3, 3
136.4, 1477, 1, 3, 3
136.4, 1896, 2, 2, 5
136.4, 1906, 2, 2, 5
136.5, 727, 0, 2, 3
136.5, 1085, 1, 3, 5
136.5, 1103, 1, 3, 5
136.5, 1909, 2, 2, 5
136.5, 1910, 2, 2, 5
136.5, 1912, 2, 2, 5
136.5, 2259, 2, 2, 3
136.6, 362, 0, 2, 5
136.6, 374, 0, 2, 5
136.6, 725, 0, 2, 3
136.6, 1059, 1, 3, 5
136.6, 1188, 1, 4, 5
136.6, 1192, 1, 4, 5
136.6, 1410, 1, 3, 3
136.6, 1514, 1, 1, 3
136.6, 1889, 2, 2, 5
136.6, 1891, 2, 2, 5
136.6, 1899, 2, 2, 5
136.6, 1913, 2, 2, 5
136.7, 733, 0, 2, 3
136.7, 875, 1, 3, 6
136.7, 1072, 1, 3, 5
136.7, 1152, 1, 2, 5
136.7, 2653, 3, 2, 5
136.8, 379, 0, 2, 5
136.8, 545, 0, 1, 4
136.8, 741, 0, 2, 3
136.8, 1180, 1, 4, 5
136.8, 1387, 1, 3, 3
136.8, 1472, 1, 3, 3
136.8, 2665, 3, 2, 5
136.9, 384, 0, 2, 5
136.9, 1098, 1, 3, 5
136.9, 1383, 1, 3, 3
136.9, 1461, 1, 3, 3
136.9, 2245, 2, 2, 3
136.9, 2673, 3, 2, 5
137, 363, 0, 2, 5
137, 698, 0, 3, 3
137, 1042, 1, 3, 5
137, 1114, 1, 3, 5
137, 1133, 1, 2, 5
137, 1437, 1, 3, 3
137, 1911, 2, 2, 5
137.1, 738, 0, 2, 3
137.1, 1090, 1, 3, 5
137.1, 1135, 1, 2, 5
137.1, 1179, 1, 4, 5
137.1, 1897, 2, 2, 5
137.1, 2644, 3, 2, 5
137.1, 2655, 3, 2, 5
137.2, 1039, 1, 3, 5
137.2, 1128, 1, 2, 5
137.2, 1140, 1, 2, 5
137.2, 1186, 1, 4, 5
137.2, 1295, 1, 2, 4
137.2, 1417, 1, 3, 3
137.2, 2244, 2, 2, 3
137.2, 2248, 2, 2, 3
137.2, 2666, 3, 2, 5
137.3, 378, 0, 2, 5
137.3, 423, 0, 4, 5
137.3, 1043, 1, 3, 5
137.3, 1491, 1, 2, 3
137.3, 2652, 3, 2, 5
137.4, 1126, 1, 2, 5
137.4, 1136, 1, 2, 5
137.4, 1138, 1, 2, 5
137.4, 1147, 1, 2, 5
137.4, 1905, 2, 2, 5
137.4, 2239, 2, 2, 3
137.4, 2249, 2, 2, 3
137.5, 742, 0, 2, 3
137.5, 1068, 1, 3, 5
137.5, 1074, 1, 3, 5
137.5, 1125, 1, 2, 5
137.5, 1131, 1, 2, 5
137.5, 1137, 1, 2, 5
137.5, 1139, 1, 2, 5
137.5, 1150, 1, 2, 5
137.5, 1191, 1, 4, 5
137.5, 1373, 1, 3, 3
137.5, 2277, 2, 1, 3
137.5, 2648, 3, 2, 5
137.6, 706, 0, 3, 3
137.6, 1130, 1, 2, 5
137.6, 1134, 1, 2, 5
137.6, 1141, 1, 2, 5
137.6, 1145, 1, 2, 5
137.6, 1176, 1, 4, 5
137.6, 1182, 1, 4, 5
137.6, 1335, 1, 3, 3
137.6, 1415, 1, 3, 3
137.6, 1887, 2, 2, 5
137.6, 2260, 2, 2, 3
137.6, 2649, 3, 2, 5
137.6, 2659, 3, 2, 5
137.7, 1086, 1, 3, 5
137.7, 1123, 1, 2, 5
137.7, 1143, 1, 2, 5
137.7, 1148, 1, 2, 5
137.7, 1151, 1, 2, 5
137.7, 1185, 1, 4, 5
137.7, 1397, 1, 3, 3
137.7, 1500, 1, 2, 3
137.7, 2265, 2, 2, 3
137.7, 2647, 3, 2, 5
137.8, 1036, 1, 3, 5
137.8, 1124, 1, 2, 5
137.8, 1142, 1, 2, 5
137.8, 1144, 1, 2, 5
137.8, 1149, 1, 2, 5
137.8, 1290, 1, 2, 4
137.8, 1508, 1, 1, 3
137.8, 1516, 1, 1, 3
137.8, 2657, 3, 2, 5
137.8, 2674, 3, 2, 5
137.9, 682, 0, 3, 3
137.9, 1045, 1, 3, 5
137.9, 1129, 1, 2, 5
137.9, 1518, 1, 1, 3
138, 724, 0, 2, 3
138, 1122, 1, 2, 5
138, 1381, 1, 3, 3
138.1, 779, 1, 3, 6
138.1, 1106, 1, 3, 5
138.2, 1062, 1, 3, 5
138.2, 1169, 1, 4, 5
138.2, 1174, 1, 4, 5
138.2, 1363, 1, 3, 3
138.2, 1519, 1, 1, 3
138.2, 2252, 2, 2, 3
138.2, 2651, 3, 2, 5
138.3, 1054, 1, 3, 5
138.3, 1173, 1, 4, 5
138.3, 2654, 3, 2, 5
138.4, 718, 0, 2, 3
138.4, 1303, 1, 1, 4
138.4, 2251, 2, 2, 3
138.4, 2263, 2, 2, 3
138.5, 1306, 1, 1, 4
138.5, 1331, 1, 3, 3
138.5, 2250, 2, 2, 3
138.6, 1301, 1, 1, 4
138.6, 1305, 1, 1, 4
138.6, 2645, 3, 2, 5
138.6, 2672, 3, 2, 5
138.6, 2679, 3, 1, 5
138.7, 390, 0, 2, 5
138.7, 1061, 1, 3, 5
138.7, 1178, 1, 4, 5
138.7, 1328, 1, 3, 3
138.7, 1902, 2, 2, 5
138.7, 2658, 3, 2, 5
138.8, 946, 1, 3, 6
138.8, 1127, 1, 2, 5
138.8, 1167, 1, 4, 5
138.8, 1299, 1, 1, 4
138.8, 1419, 1, 3, 3
138.8, 1520, 1, 1, 3
138.9, 723, 0, 2, 3
138.9, 1055, 1, 3, 5
138.9, 1102, 1, 3, 5
138.9, 1146, 1, 2, 5
138.9, 1181, 1, 4, 5
138.9, 1287, 1, 2, 4
138.9, 1354, 1, 3, 3
138.9, 1517, 1, 1, 3
138.9, 2660, 3, 2, 5
139, 734, 0, 2, 3
139, 1026, 1, 1, 6
139, 1302, 1, 1, 4
139, 1382, 1, 3, 3
139, 2650, 3, 2, 5
139.1, 726, 0, 2, 3
139.1, 1297, 1, 1, 4
139.1, 1300, 1, 1, 4
139.1, 2663, 3, 2, 5
139.2, 1175, 1, 4, 5
139.2, 2253, 2, 2, 3
139.2, 2262, 2, 2, 3
139.3, 737, 0, 2, 3
139.3, 1168, 1, 4, 5
139.3, 1171, 1, 4, 5
139.3, 1172, 1, 4, 5
139.3, 1464, 1, 3, 3
139.4, 1184, 1, 4, 5
139.4, 1304, 1, 1, 4
139.4, 1444, 1, 3, 3
139.4, 2257, 2, 2, 3
139.5, 796, 1, 3, 6
139.5, 1189, 1, 4, 5
139.5, 1298, 1, 1, 4
139.5, 2240, 2, 2, 3
139.5, 2664, 3, 2, 5
139.6, 765, 1, 3, 6
139.6, 1152, 1, 2, 5
139.6, 1190, 1, 4, 5
139.6, 2667, 3, 2, 5
139.7, 729, 0, 2, 3
139.7, 855, 1, 3, 6
139.7, 867, 1, 3, 6
139.7, 870, 1, 3, 6
139.7, 1423, 1, 3, 3
139.7, 2665, 3, 2, 5
139.8, 388, 0, 2, 5
139.8, 1071, 1, 3, 5
139.9, 1048, 1, 3, 5
140, 836, 1, 3, 6
140, 1188, 1, 4, 5
140, 1192, 1, 4, 5
140.1, 717, 0, 2, 3
140.1, 1177, 1, 4, 5
140.1, 1482, 1, 2, 3
140.1, 2538, 3, 1, 6
140.1, 2653, 3, 2, 5
140.2, 1140, 1, 2, 5
140.2, 1180, 1, 4, 5
140.2, 1404, 1, 3, 3
140.2, 2646, 3, 2, 5
140.2, 2656, 3, 2, 5
140.3, 920, 1, 3, 6
140.3, 1094, 1, 3, 5
140.3, 1126, 1, 2, 5
140.3, 1136, 1, 2, 5
140.3, 1460, 1, 3, 3
140.3, 2274, 2, 1, 3
140.4, 1125, 1, 2, 5
140.4, 1131, 1, 2, 5
140.4, 1137, 1, 2, 5
140.4, 1139, 1, 2, 5
140.4, 1150, 1, 2, 5
140.4, 1906, 2, 2, 5
140.4, 3305, 4, 1, 6
140.5, 382, 0, 2, 5
140.5, 743, 0, 2, 3
140.5, 1138, 1, 2, 5
140.5, 1145, 1, 2, 5
140.5, 1179, 1, 4, 5
140.6, 732, 0, 2, 3
140.6, 873, 1, 3, 6
140.6, 1123, 1, 2, 5
140.6, 1186, 1, 4, 5
140.7, 1064, 1, 3, 5
140.7, 2670, 3, 2, 5
140.8, 375, 0, 2, 5
140.8, 1129, 1, 2, 5
140.8, 1402, 1, 3, 3
140.9, 740, 0, 2, 3
140.9, 1170, 1, 4, 5
140.9, 1191, 1, 4, 5
141, 1176, 1, 4, 5
141, 1182, 1, 4, 5
141, 1183, 1, 4, 5
141.1, 1185, 1, 4, 5
141.1, 2662, 3, 2, 5
141.2, 952, 1, 3, 6
141.2, 1056, 1, 3, 5
141.2, 1134, 1, 2, 5
141.2, 2249, 2, 2, 3
141.3, 744, 0, 1, 3
141.3, 770, 1, 3, 6
141.3, 1130, 1, 2, 5
141.3, 3022, 3, 2, 3
141.4, 1122, 1, 2, 5
141.4, 1142, 1, 2, 5
141.4, 1334, 1, 3, 3
141.4, 1514, 1, 1, 3
141.5, 841, 1, 3, 6
141.5, 1144, 1, 2, 5
141.6, 1169, 1, 4, 5
141.6, 1174, 1, 4, 5
141.6, 3014, 3, 2, 3
141.7, 720, 0, 2, 3
141.7, 730, 0, 2, 3
141.7, 797, 1, 3, 6
141.8, 721, 0, 2, 3
141.8, 1133, 1, 2, 5
141.8, 3004, 3, 2, 3
141.8, 3008, 3, 2, 3
141.9, 786, 1, 3, 6
141.9, 1135, 1, 2, 5
142, 848, 1, 3, 6
142, 1173, 1, 4, 5
142, 3003, 3, 2, 3
142.1, 369, 0, 2, 5
142.1, 1178, 1, 4, 5
142.1, 1187, 1, 4, 5
142.2, 897, 1, 3, 6
142.2, 1167, 1, 4, 5
142.2, 3015, 3, 2, 3
142.3, 1181, 1, 4, 5
142.5, 788, 1, 3, 6
142.5, 1152, 1, 2, 5
142.5, 1470, 1, 3, 3
142.6, 1175, 1, 4, 5
142.6, 2261, 2, 2, 3
142.6, 3013, 3, 2, 3
142.7, 1168, 1, 4, 5
142.7, 1171, 1, 4, 5
142.7, 1172, 1, 4, 5
142.8, 949, 1, 3, 6
142.8, 1184, 1, 4, 5
142.8, 1429, 1, 3, 3
142.9, 1189, 1, 4, 5
142.9, 1904, 2, 2, 5
143, 390, 0, 2, 5
143, 1190, 1, 4, 5
143.1, 1151, 1, 2, 5
143.2, 1126, 1, 2, 5
143.2, 1303, 1, 1, 4
143.2, 3017, 3, 2, 3
143.3, 1125, 1, 2, 5
143.3, 1137, 1, 2, 5
143.3, 2548, 3, 1, 6
143.3, 3026, 3, 2, 3
143.4, 388, 0, 2, 5
143.4, 1128, 1, 2, 5
143.4, 1136, 1, 2, 5
143.4, 1143, 1, 2, 5
143.4, 1188, 1, 4, 5
143.4, 1192, 1, 4, 5
143.4, 1893, 2, 2, 5
143.5, 898, 1, 3, 6
143.5, 942, 1, 3, 6
143.5, 1037, 1, 3, 5
143.5, 1139, 1, 2, 5
143.5, 1177, 1, 4, 5
143.5, 1309, 1, 3, 3
143.6, 1043, 1, 3, 5
143.6, 1180, 1, 4, 5
143.7, 847, 1, 3, 6
143.7, 1083, 1, 3, 5
143.8, 1051, 1, 3, 5
143.8, 1141, 1, 2, 5
143.9, 874, 1, 3, 6
143.9, 903, 1, 3, 6
143.9, 1179, 1, 4, 5
143.9, 1297, 1, 1, 4
143.9, 1902, 2, 2, 5
144, 748, 0, 1, 3
144, 843, 1, 3, 6
144, 916, 1, 3, 6
144, 1131, 1, 2, 5
144, 1145, 1, 2, 5
144, 1186, 1, 4, 5
144, 1897, 2, 2, 5
144, 1909, 2, 2, 5
144.2, 368, 0, 2, 5
144.3, 774, 1, 3, 6
144.3, 800, 1, 3, 6
144.3, 876, 1, 3, 6
144.3, 1170, 1, 4, 5
144.3, 1191, 1, 4, 5
144.4, 375, 0, 2, 5
144.4, 384, 0, 2, 5
144.4, 919, 1, 3, 6
144.4, 1176, 1, 4, 5
144.4, 1182, 1, 4, 5
144.5, 1052, 1, 3, 5
144.7, 905, 1, 3, 6
144.8, 1123, 1, 2, 5
144.8, 1130, 1, 2, 5
144.8, 1906, 2, 2, 5
144.8, 3294, 4, 1, 6
144.9, 3000, 3, 2, 3
145, 1129, 1, 2, 5
145, 1174, 1, 4, 5
145, 1907, 2, 2, 5
145, 3016, 3, 2, 3
145.1, 1101, 1, 3, 5
145.1, 3006, 3, 2, 3
145.4, 1152, 1, 2, 5
145.4, 1173, 1, 4, 5
145.5, 1135, 1, 2, 5
145.6, 1140, 1, 2, 5
145.6, 1358, 1, 3, 3
145.7, 1061, 1, 3, 5
145.7, 1138, 1, 2, 5
145.7, 1181, 1, 4, 5
145.8, 1517, 1, 1, 3
145.8, 1904, 2, 2, 5
145.9, 390, 0, 2, 5
145.9, 1889, 2, 2, 5
146, 1175, 1, 4, 5
146.1, 1126, 1, 2, 5
146.1, 1168, 1, 4, 5
146.1, 1171, 1, 4, 5
146.1, 1172, 1, 4, 5
146.2, 379, 0, 2, 5
146.2, 1125, 1, 2, 5
146.2, 1137, 1, 2, 5
146.2, 1150, 1, 2, 5
146.3, 388, 0, 2, 5
146.3, 819, 1, 3, 6
146.3, 853, 1, 3, 6
146.3, 1136, 1, 2, 5
146.3, 1189, 1, 4, 5
146.4, 365, 0, 2, 5
146.4, 369, 0, 2, 5
146.4, 1190, 1, 4, 5
146.5, 380, 0, 2, 5
146.6, 361, 0, 2, 5
146.6, 382, 0, 2, 5
146.6, 1139, 1, 2, 5
146.6, 1151, 1, 2, 5
146.6, 1167, 1, 4, 5
146.7, 1403, 1, 3, 3
146.7, 1415, 1, 3, 3
146.7, 1900, 2, 2, 5
146.7, 3020, 3, 2, 3
146.8, 967, 1, 3, 6
146.8, 1192, 1, 4, 5
146.8, 1301, 1, 1, 4
146.8, 1902, 2, 2, 5
146.9, 362, 0, 2, 5
146.9, 1098, 1, 3, 5
146.9, 1188, 1, 4, 5
146.9, 1772, 2, 1, 6
146.9, 1897, 2, 2, 5
146.9, 1909, 2, 2, 5
147, 387, 0, 2, 5
147, 1169, 1, 4, 5
147, 1332, 1, 3, 3
147.1, 368, 0, 2, 5
147.1, 1079, 1, 3, 5
147.1, 1144, 1, 2, 5
147.1, 1148, 1, 2, 5
147.2, 1128, 1, 2, 5
147.2, 1134, 1, 2, 5
147.2, 1786, 2, 1, 6
147.2, 1883, 2, 2, 5
147.3, 376, 0, 2, 5
147.3, 828, 1, 3, 6
147.3, 832, 1, 3, 6
147.3, 1109, 1, 3, 5
147.3, 1145, 1, 2, 5
147.3, 1179, 1, 4, 5
147.4, 1131, 1, 2, 5
147.4, 1147, 1, 2, 5
147.4, 1186, 1, 4, 5
147.4, 1891, 2, 2, 5
147.4, 1903, 2, 2, 5
147.4, 1908, 2, 2, 5
147.5, 1056, 1, 3, 5
147.5, 1069, 1, 3, 5
147.5, 1896, 2, 2, 5
147.6, 371, 0, 2, 5
147.7, 1123, 1, 2, 5
147.7, 1184, 1, 4, 5
147.7, 1191, 1, 4, 5
147.7, 1895, 2, 2, 5
147.7, 1906, 2, 2, 5
147.8, 973, 1, 3, 6
147.8, 1025, 1, 1, 6
147.8, 1130, 1, 2, 5
147.8, 1146, 1, 2, 5
147.8, 1176, 1, 4, 5
147.8, 1182, 1, 4, 5
147.9, 375, 0, 2, 5
147.9, 381, 0, 2, 5
147.9, 384, 0, 2, 5
147.9, 926, 1, 3, 6
147.9, 1129, 1, 2, 5
147.9, 1907, 2, 2, 5
148, 780, 1, 3, 6
148, 1143, 1, 2, 5
148.1, 386, 0, 2, 5
148.1, 1116, 1, 3, 5
148.1, 1170, 1, 4, 5
148.1, 1885, 2, 2, 5
148.2, 1133, 1, 2, 5
148.3, 814, 1, 3, 6
148.3, 1152, 1, 2, 5
148.3, 1177, 1, 4, 5
148.4, 364, 0, 2, 5
148.4, 377, 0, 2, 5
148.4, 937, 1, 3, 6
148.4, 1135, 1, 2, 5
148.4, 1141, 1, 2, 5
148.4, 1174, 1, 4, 5
148.5, 775, 1, 3, 6
148.5, 1140, 1, 2, 5
148.6, 1138, 1, 2, 5
148.6, 1299, 1, 1, 4
148.6, 1890, 2, 2, 5
148.6, 1911, 2, 2, 5
148.7, 824, 1, 3, 6
148.7, 1892, 2, 2, 5
148.7, 1893, 2, 2, 5
148.7, 1904, 2, 2, 5
148.8, 363, 0, 2, 5
148.8, 950, 1, 3, 6
148.9, 1059, 1, 3, 5
148.9, 1888, 2, 2, 5
149, 1047, 1, 3, 5
149, 1126, 1, 2, 5
149, 1142, 1, 2, 5
149, 1886, 2, 2, 5
149.1, 389, 0, 2, 5
149.1, 390, 0, 2, 5
149.1, 1125, 1, 2, 5
149.1, 1137, 1, 2, 5
149.1, 1150, 1, 2, 5
149.1, 1173, 1, 4, 5
149.1, 1181, 1, 4, 5
149.2, 388, 0, 2, 5
149.2, 1136, 1, 2, 5
149.3, 365, 0, 2, 5
149.5, 361, 0, 2, 5
149.5, 1139, 1, 2, 5
149.5, 1151, 1, 2, 5
149.5, 1171, 1, 4, 5
149.6, 909, 1, 3, 6
149.7, 379, 0, 2, 5
149.7, 382, 0, 2, 5
149.7, 1019, 1, 1, 6
149.8, 380, 0, 2, 5
149.8, 1037, 1, 3, 5
149.8, 1889, 2, 2, 5
149.8, 1897, 2, 2, 5
149.8, 1909, 2, 2, 5
149.9, 387, 0, 2, 5
149.9, 1043, 1, 3, 5
149.9, 1080, 1, 3, 5
149.9, 1447, 1, 3, 3
150, 368, 0, 2, 5
150, 868, 1, 3, 6
150, 908, 1, 3, 6
150, 1032, 1, 1, 6
150, 1144, 1, 2, 5
150, 1148, 1, 2, 5
150, 1913, 2, 2, 5
150.1, 772, 1, 3, 6
150.1, 1128, 1, 2, 5
150.1, 1134, 1, 2, 5
150.1, 1902, 2, 2, 5
150.2, 378, 0, 2, 5
150.2, 1016, 1, 1, 6
150.2, 1085, 1, 3, 5
150.2, 1145, 1, 2, 5
150.2, 1900, 2, 2, 5
150.3, 362, 0, 2, 5
150.3, 1131, 1, 2, 5
150.3, 1891, 2, 2, 5
150.3, 1908, 2, 2, 5
150.3, 1943, 2, 4, 5
150.4, 837, 1, 3, 6
150.4, 865, 1, 3, 6
150.4, 1147, 1, 2, 5
150.4, 1896, 2, 2, 5
150.4, 1903, 2, 2, 5
150.5, 369, 0, 2, 5
150.5, 1884, 2, 2, 5
150.6, 811, 1, 3, 6
150.6, 900, 1, 3, 6
150.6, 1123, 1, 2, 5
150.6, 1175, 1, 4, 5
150.6, 1906, 2, 2, 5
150.7, 1130, 1, 2, 5
150.7, 1895, 2, 2, 5
150.8, 375, 0, 2, 5
150.8, 844, 1, 3, 6
150.8, 1052, 1, 3, 5
150.8, 1146, 1, 2, 5
150.8, 1887, 2, 2, 5
150.8, 1907, 2, 2, 5
150.9, 381, 0, 2, 5
150.9, 384, 0, 2, 5
150.9, 939, 1, 3, 6
150.9, 1011, 1, 1, 6
150.9, 1143, 1, 2, 5
151, 1122, 1, 2, 5
151, 1127, 1, 2, 5
151, 1777, 2, 1, 6
151.1, 366, 0, 2, 5
151.1, 1133, 1, 2, 5
151.1, 1191, 1, 4, 5
151.1, 2665, 3, 2, 5
151.2, 1129, 1, 2, 5
151.2, 1152, 1, 2, 5
151.2, 1192, 1, 4, 5
151.3, 948, 1, 3, 6
151.3, 1135, 1, 2, 5
151.3, 1141, 1, 2, 5
151.4, 761, 1, 3, 6
151.4, 1140, 1, 2, 5
151.4, 1172, 1, 4, 5
151.4, 1322, 1, 3, 3
151.5, 255, 0, 1, 6
151.5, 391, 0, 2, 5
151.5, 1138, 1, 2, 5
151.5, 1176, 1, 4, 5
151.5, 1911, 2, 2, 5
151.5, 2659, 3, 2, 5
151.6, 1904, 2, 2, 5
151.7, 385, 0, 2, 5
151.7, 881, 1, 3, 6
151.8, 1174, 1, 4, 5
151.8, 1190, 1, 4, 5
151.8, 3791, 4, 1, 3
151.9, 1126, 1, 2, 5
151.9, 1142, 1, 2, 5
151.9, 1890, 2, 2, 5
152, 1125, 1, 2, 5
152, 1137, 1, 2, 5
152, 1149, 1, 2, 5
152, 1150, 1, 2, 5
152, 2674, 3, 2, 5
152.1, 364, 0, 2, 5
152.1, 1022, 1, 1, 6
152.3, 374, 0, 2, 5
152.3, 947, 1, 3, 6
152.4, 769, 1, 3, 6
152.5, 2554, 3, 1, 6
152.7, 390, 0, 2, 5
152.7, 1897, 2, 2, 5
152.8, 388, 0, 2, 5
152.8, 1151, 1, 2, 5
153, 1136, 1, 2, 5
153.1, 371, 0, 2, 5
153.1, 1021, 1, 1, 6
153.1, 1145, 1, 2, 5
153.1, 1893, 2, 2, 5
153.2, 361, 0, 2, 5
153.2, 826, 1, 3, 6
153.2, 1148, 1, 2, 5
153.2, 1902, 2, 2, 5
153.3, 1147, 1, 2, 5
153.4, 955, 1, 3, 6
153.6, 1030, 1, 1, 6
153.6, 1144, 1, 2, 5
153.6, 1885, 2, 2, 5
153.7, 1427, 1, 3, 3
153.7, 2653, 3, 2, 5
153.8, 368, 0, 2, 5
153.8, 822, 1, 3, 6
153.8, 1883, 2, 2, 5
153.9, 2648, 3, 2, 5
154, 1128, 1, 2, 5
154, 1886, 2, 2, 5
154, 1906, 2, 2, 5
154.1, 1152, 1, 2, 5
154.2, 915, 1, 3, 6
154.3, 922, 1, 3, 6
154.3, 1899, 2, 2, 5
154.4, 2665, 3, 2, 5
154.6, 1134, 1, 2, 5
154.7, 1907, 2, 2, 5
154.9, 1023, 1, 1, 6
155, 2651, 3, 2, 5
155.2, 931, 1, 3, 6
155.2, 1125, 1, 2, 5
155.2, 1909, 2, 2, 5
155.4, 2647, 3, 2, 5
155.5, 1139, 1, 2, 5
155.5, 2664, 3, 2, 5
155.6, 2644, 3, 2, 5
155.8, 2657, 3, 2, 5
155.9, 1137, 1, 2, 5
155.9, 2652, 3, 2, 5
156, 784, 1, 3, 6
156, 1123, 1, 2, 5
156, 3792, 4, 1, 3
156.1, 1892, 2, 2, 5
156.1, 2663, 3, 2, 5
156.5, 835, 1, 3, 6
156.6, 2659, 3, 2, 5
156.7, 1015, 1, 1, 6
157.4, 982, 1, 3, 6
157.4, 1027, 1, 1, 6
157.4, 1131, 1, 2, 5
157.8, 3310, 4, 1, 6
158.3, 2674, 3, 2, 5
158.4, 1014, 1, 1, 6
158.5, 1012, 1, 1, 6
158.7, 262, 0, 1, 6
158.7, 1904, 2, 2, 5
158.8, 763, 1, 3, 6
160.6, 1024, 1, 1, 6
160.8, 1018, 1, 1, 6
161.5, 1028, 1, 1, 6
161.9, 250, 0, 1, 6
162.8, 265, 0, 1, 6
165.7, 271, 0, 1, 6
174.6, 264, 0, 1, 6
176.5, 2271, 2, 1, 3
178.1, 3306, 4, 1, 6
180.7, 2278, 2, 1, 3
183.8, 398, 0, 1, 5
183.9, 1157, 1, 1, 5
184.6, 1918, 2, 1, 5
185, 3308, 4, 1, 6
185.1, 1166, 1, 1, 5
185.4, 1161, 1, 1, 5
185.9, 3442, 4, 1, 5
186.6, 1159, 1, 1, 5
186.8, 1160, 1, 1, 5
186.8, 3299, 4, 1, 6
187.5, 2063, 2, 1, 4
187.6, 1155, 1, 1, 5
187.8, 392, 0, 1, 5
188.1, 397, 0, 1, 5
188.3, 1920, 2, 1, 5
188.5, 1922, 2, 1, 5
188.9, 400, 0, 1, 5
189.3, 393, 0, 1, 5
189.5, 1924, 2, 1, 5
189.9, 1163, 1, 1, 5
189.9, 2276, 2, 1, 3
190, 1921, 2, 1, 5
190.1, 1835, 2, 3, 5
190.4, 1916, 2, 1, 5
190.4, 1927, 2, 1, 5
191.1, 396, 0, 1, 5
191.3, 395, 0, 1, 5
191.3, 399, 0, 1, 5
191.4, 1915, 2, 1, 5
191.8, 1926, 2, 1, 5
191.9, 1154, 1, 1, 5
192, 2683, 3, 1, 5
192.1, 1919, 2, 1, 5
192.2, 1156, 1, 1, 5
192.5, 3037, 3, 1, 3
192.7, 1153, 1, 1, 5
192.8, 2688, 3, 1, 5
193.4, 2067, 2, 1, 4
194.9, 394, 0, 1, 5
194.9, 2057, 2, 2, 4
195, 3309, 4, 1, 6
195.1, 1925, 2, 1, 5
195.3, 3798, 4, 1, 3
195.5, 1787, 2, 1, 6
196.2, 404, 0, 1, 5
196.7, 1923, 2, 1, 5
197.5, 1165, 1, 1, 5
197.7, 3033, 3, 1, 3
198.9, 3582, 4, 1, 4
199.1, 750, 0, 1, 3
200.3, 2687, 3, 1, 5
201.5, 2058, 2, 1, 4
201.6, 2821, 3, 1, 4
203, 2685, 3, 1, 5
203.7, 2275, 2, 1, 3
207.9, 1158, 1, 1, 5
210.4, 2547, 3, 1, 6
212.1, 3379, 4, 3, 5
216, 2564, 3, 3, 5
217.2, 2270, 2, 1, 3
219.8, 1162, 1, 1, 5
220.5, 2549, 3, 1, 6
222.2, 255, 0, 1, 6
222.2, 545, 0, 1, 4
222.7, 3796, 4, 1, 3
223.9, 3086, 4, 3, 6
225.7, 3304, 4, 1, 6
227.3, 3802, 4, 1, 3
228.3, 2060, 2, 1, 4
231.2, 2820, 3, 1, 4
232.2, 1161, 1, 1, 5
232.4, 1777, 2, 1, 6
235.4, 1258, 1, 3, 4
236.4, 402, 0, 1, 5
237, 1780, 2, 1, 6
239.7, 3027, 3, 1, 3
241.4, 1782, 2, 1, 6
241.6, 3589, 4, 1, 4
241.8, 2313, 3, 3, 6
242.2, 1831, 2, 3, 5
245.2, 1864, 2, 3, 5
245.3, 1157, 1, 1, 5
249.4, 2682, 3, 1, 5
250.7, 2266, 2, 1, 3
250.8, 165, 0, 3, 6
252.3, 1513, 1, 1, 3
253.1, 2681, 3, 1, 5
260.2, 2822, 3, 1, 4
261.5, 2396, 3, 3, 6
261.5, 2545, 3, 1, 6
262.7, 1026, 1, 1, 6
267.1, 271, 0, 1, 6
267.7, 2550, 3, 1, 6
269.1, 395, 0, 1, 5
272.4, 398, 0, 1, 5
272.8, 747, 0, 1, 3
272.9, 1159, 1, 1, 5
274.2, 260, 0, 1, 6
274.3, 2780, 3, 3, 4
276, 542, 0, 1, 4
279.7, 3034, 3, 1, 3
284.5, 3504, 4, 3, 4
286.8, 3444, 4, 1, 5
287.8, 250, 0, 1, 6
288, 1025, 1, 1, 6
288.2, 2543, 3, 1, 6
288.4, 1250, 1, 3, 4
288.5, 1032, 1, 1, 6
290.3, 2828, 3, 1, 4
291.3, 2548, 3, 1, 6
293.1, 1793, 2, 1, 6
294.6, 1023, 1, 1, 6
295.2, 3308, 4, 1, 6
298, 1786, 2, 1, 6
298.7, 3442, 4, 1, 5
299.6, 261, 0, 1, 6
301, 1021, 1, 1, 6
304.6, 262, 0, 1, 6
305.3, 1299, 1, 1, 4
305.8, 2547, 3, 1, 6
309.4, 266, 0, 1, 6
309.6, 1784, 2, 1, 6
314.8, 397, 0, 1, 5
315.4, 3037, 3, 1, 3
320.7, 1028, 1, 1, 6
321, 3294, 4, 1, 6
321.7, 545, 0, 1, 4
323.1, 2275, 2, 1, 3
323.2, 400, 0, 1, 5
323.7, 2538, 3, 1, 6
323.9, 1922, 2, 1, 5
324.5, 1920, 2, 1, 5
325, 2554, 3, 1, 6
325.7, 2274, 2, 1, 3
326.1, 2681, 3, 1, 5
329.7, 256, 0, 1, 6
330.7, 2067, 2, 1, 4
333.6, 953, 1, 3, 6
335.2, 2545, 3, 1, 6
337.8, 3327, 4, 3, 5
339.9, 3302, 4, 1, 6
340.7, 3307, 4, 1, 6
341, 1788, 2, 1, 6
341.3, 2824, 3, 1, 4
342.9, 752, 0, 1, 3
343.6, 1016, 1, 1, 6
344.5, 1779, 2, 1, 6
345.1, 3088, 4, 3, 6
345.5, 259, 0, 1, 6
346.4, 2741, 3, 3, 4
351.6, 2680, 3, 1, 5
353.2, 3796, 4, 1, 3
354.1, 2060, 2, 1, 4
355.7, 2349, 3, 3, 6
355.9, 2683, 3, 1, 5
356, 190, 0, 3, 6
356.6, 1306, 1, 1, 4
359.8, 1197, 1, 3, 4
361.9, 3228, 4, 3, 6
362.3, 269, 0, 1, 6
364.2, 2552, 3, 1, 6
367.7, 3315, 4, 1, 6
368.9, 2619, 3, 3, 5
370.1, 2550, 3, 1, 6
371, 2821, 3, 1, 4
371.5, 1011, 1, 1, 6
371.7, 2269, 2, 1, 3
375, 3580, 4, 1, 4
378.1, 3036, 3, 1, 3
381.9, 398, 0, 1, 5
382.3, 1060, 1, 3, 5
382.3, 2533, 3, 1, 6
386.6, 263, 0, 1, 6
387.1, 1158, 1, 1, 5
388.4, 1554, 2, 3, 6
389, 1793, 2, 1, 6
389.8, 264, 0, 1, 6
390.1, 2544, 3, 1, 6
393, 399, 0, 1, 5
393.1, 3441, 4, 1, 5
395.9, 3306, 4, 1, 6
397.9, 744, 0, 1, 3
398.9, 1513, 1, 1, 3
401.6, 3518, 4, 3, 4
402.9, 250, 0, 1, 6
404.8, 1161, 1, 1, 5
406, 1025, 1, 1, 6
406.2, 2124, 2, 3, 3
408.1, 2266, 2, 1, 3
408.7, 2679, 3, 1, 5
409.6, 1785, 2, 1, 6
409.7, 1635, 2, 3, 6
411.6, 3591, 4, 3, 3
412.9, 267, 0, 1, 6
412.9, 1514, 1, 1, 3
413.5, 1032, 1, 1, 6
417.9, 2039, 2, 3, 4
425.3, 3101, 4, 3, 6
426.2, 750, 0, 1, 3
427, 2079, 2, 3, 3
427.5, 2281, 2, 1, 3
428.4, 262, 0, 1, 6
429.4, 397, 0, 1, 5
429.9, 3294, 4, 1, 6
430, 1779, 2, 1, 6
430.2, 1021, 1, 1, 6
433.8, 752, 0, 1, 3
434.1, 2538, 3, 1, 6
434.3, 1780, 2, 1, 6
437, 1938, 2, 4, 5
437.3, 537, 0, 1, 4
438, 2063, 2, 1, 4
440.3, 2274, 2, 1, 3
441.1, 2958, 3, 3, 3
442, 2137, 2, 3, 3
442.3, 2275, 2, 1, 3
444.9, 1920, 2, 1, 5
446.2, 1918, 2, 1, 5
449, 2822, 3, 1, 4
450, 258, 0, 1, 6
453.4, 350, 0, 3, 5
454.4, 1945, 2, 4, 5
454.5, 95, 0, 3, 6
455.5, 3442, 4, 1, 5
457.3, 2545, 3, 1, 6
457.8, 3589, 4, 1, 4
458, 306, 0, 3, 5
458.4, 1016, 1, 1, 6
460.2, 1023, 1, 1, 6
460.3, 1786, 2, 1, 6
461.6, 3299, 4, 1, 6
464.9, 1948, 2, 4, 5
465.8, 1011, 1, 1, 6
466.1, 3184, 4, 3, 6
466.5, 3313, 4, 1, 6
468, 3308, 4, 1, 6
468.9, 1516, 1, 1, 3
469.5, 181, 0, 3, 6
474.8, 2681, 3, 1, 5
475.7, 1028, 1, 1, 6
477.7, 3305, 4, 1, 6
478.9, 1159, 1, 1, 5
479, 398, 0, 1, 5
479.7, 2547, 3, 1, 6
480, 1024, 1, 1, 6
481.3, 3794, 4, 1, 3
483.8, 3033, 3, 1, 3
485.1, 1784, 2, 1, 6
486.8, 3449, 4, 1, 5
488.3, 2819, 3, 1, 4
491.1, 1300, 1, 1, 4
491.2, 538, 0, 1, 4
493.6, 2548, 3, 1, 6
503.3, 2679, 3, 1, 5
507.7, 264, 0, 1, 6
507.9, 3443, 4, 1, 5
509, 1306, 1, 1, 4
510.7, 2533, 3, 1, 6
513.5, 257, 0, 1, 6
513.7, 2272, 2, 1, 3
514.4, 260, 0, 1, 6
516.5, 2541, 3, 1, 6
518.2, 3294, 4, 1, 6
518.6, 2821, 3, 1, 4
518.7, 1792, 2, 1, 6
521.1, 2538, 3, 1, 6
521.5, 261, 0, 1, 6
522.4, 1111, 1, 3, 5
522.7, 1160, 1, 1, 5
526.4, 271, 0, 1, 6
529.1, 396, 0, 1, 5
532.4, 2269, 2, 1, 3
532.7, 3448, 4, 1, 5
532.9, 1515, 1, 1, 3
536.5, 1027, 1, 1, 6
536.5, 3036, 3, 1, 3
537.8, 1317, 1, 3, 3
538.9, 1018, 1, 1, 6
540.6, 3798, 4, 1, 3
544.8, 545, 0, 1, 4
544.9, 3441, 4, 1, 5
545.8, 3035, 3, 1, 3
546.1, 1810, 2, 3, 5
549, 1191, 1, 4, 5
549.4, 250, 0, 1, 6
551.6, 1789, 2, 1, 6
556.1, 1786, 2, 1, 6
556.4, 2277, 2, 1, 3
558.3, 1920, 2, 1, 5
559.1, 1780, 2, 1, 6
560.4, 1016, 1, 1, 6
560.6, 1022, 1, 1, 6
560.9, 2683, 3, 1, 5
561, 744, 0, 1, 3
565.5, 3585, 4, 1, 4
566.2, 2554, 3, 1, 6
567, 747, 0, 1, 3
567.3, 255, 0, 1, 6
567.5, 1513, 1, 1, 3
568.5, 1918, 2, 1, 5
570.6, 400, 0, 1, 5
572.8, 2547, 3, 1, 6
573.3, 3309, 4, 1, 6
573.8, 3257, 4, 3, 6
578.2, 1161, 1, 1, 5
579.1, 262, 0, 1, 6
581.1, 754, 0, 1, 3
583.3, 2681, 3, 1, 5
585.2, 1772, 2, 1, 6
586.6, 2543, 3, 1, 6
586.8, 3788, 4, 1, 3
587.5, 2820, 3, 1, 4
593, 1011, 1, 1, 6
598.1, 3308, 4, 1, 6
602.5, 3040, 3, 1, 3
602.9, 266, 0, 1, 6
603, 3582, 4, 1, 4
603.2, 2821, 3, 1, 4
603.4, 1025, 1, 1, 6
603.9, 752, 0, 1, 3
605.2, 3310, 4, 1, 6
606.2, 2552, 3, 1, 6
608.2, 3442, 4, 1, 5
608.6, 2682, 3, 1, 5
609.7, 1302, 1, 1, 4
612.6, 396, 0, 1, 5
613.8, 3027, 3, 1, 3
620.2, 1784, 2, 1, 6
620.3, 585, 0, 3, 3
621, 753, 0, 1, 3
622.1, 399, 0, 1, 5
622.7, 3580, 4, 1, 4
624.9, 2549, 3, 1, 6
625.4, 1789, 2, 1, 6
628.6, 1159, 1, 1, 5
628.9, 1023, 1, 1, 6
629.1, 1306, 1, 1, 4
630.7, 394, 0, 1, 5
633.8, 2540, 3, 1, 6
635.4, 265, 0, 1, 6
637.2, 2067, 2, 1, 4
638.6, 2276, 2, 1, 3
639.7, 417, 0, 4, 5
640.7, 809, 1, 3, 6
640.8, 3306, 4, 1, 6
641.7, 3315, 4, 1, 6
642.5, 1514, 1, 1, 3
644.7, 3300, 4, 1, 6
645.1, 2272, 2, 1, 3
645.9, 1016, 1, 1, 6
646.6, 1021, 1, 1, 6
647.7, 1160, 1, 1, 5
653.5, 2266, 2, 1, 3
654.4, 267, 0, 1, 6
655.3, 3589, 4, 1, 4
655.6, 750, 0, 1, 3
655.6, 1863, 2, 3, 5
656.5, 1922, 2, 1, 5
658.3, 1787, 2, 1, 6
658.7, 1028, 1, 1, 6
661, 3311, 4, 1, 6
661.3, 2538, 3, 1, 6
661.6, 1019, 1, 1, 6
663.1, 398, 0, 1, 5
663.9, 258, 0, 1, 6
664.8, 541, 0, 1, 4
667.6, 3030, 3, 1, 3
672.9, 1786, 2, 1, 6
673.8, 1782, 2, 1, 6
675.3, 1772, 2, 1, 6
683, 3587, 4, 1, 4
684.8, 3797, 4, 1, 3
684.9, 2824, 3, 1, 4
687.9, 2533, 3, 1, 6
689.6, 1918, 2, 1, 5
701.7, 312, 0, 3, 5
702.3, 3302, 4, 1, 6
702.9, 3298, 4, 1, 6
704.3, 2004, 2, 3, 4
704.4, 3299, 4, 1, 6
704.8, 1032, 1, 1, 6
705, 545, 0, 1, 4
707, 3308, 4, 1, 6
711.7, 1306, 1, 1, 4
714.6, 2821, 3, 1, 4
715.8, 2548, 3, 1, 6
717.7, 752, 0, 1, 3
719, 536, 0, 1, 4
719.2, 2269, 2, 1, 3
719.4, 2216, 2, 3, 3
720, 744, 0, 1, 3
720.8, 264, 0, 1, 6
722, 3294, 4, 1, 6
722.5, 254, 0, 1, 6
723, 1298, 1, 1, 4
724.1, 2680, 3, 1, 5
724.3, 1161, 1, 1, 5
725.2, 1920, 2, 1, 5
727.2, 1302, 1, 1, 4
729.5, 1508, 1, 1, 3
730.7, 1780, 2, 1, 6
732.9, 1011, 1, 1, 6
733.7, 2681, 3, 1, 5
735.3, 2554, 3, 1, 6
736.7, 1678, 2, 3, 6
737, 271, 0, 1, 6
738.1, 267, 0, 1, 6
738.7, 1784, 2, 1, 6
742.1, 649, 0, 3, 3
743.5, 3442, 4, 1, 5
744.1, 2819, 3, 1, 4
748.3, 2682, 3, 1, 5
749.6, 3038, 3, 1, 3
751, 2828, 3, 1, 4
754.1, 966, 1, 3, 6
754.6, 3309, 4, 1, 6
755.1, 1777, 2, 1, 6
755.3, 292, 0, 3, 5
756.9, 1016, 1, 1, 6
757.2, 3788, 4, 1, 3
759.7, 1593, 2, 3, 6
762.9, 2060, 2, 1, 4
765.1, 698, 0, 3, 3
765.2, 402, 0, 1, 5
766.1, 2543, 3, 1, 6
767.9, 1514, 1, 1, 3
768.1, 2537, 3, 1, 6
768.6, 2683, 3, 1, 5
768.7, 3589, 4, 1, 4
768.9, 3306, 4, 1, 6
769.1, 212, 0, 3, 6
770.5, 1299, 1, 1, 4
771.4, 539, 0, 1, 4
772.6, 2275, 2, 1, 3
772.7, 1793, 2, 1, 6
772.8, 2277, 2, 1, 3
774.6, 260, 0, 1, 6
774.8, 1689, 2, 3, 6
776.1, 1228, 1, 3, 4
778.3, 753, 0, 1, 3
780.5, 250, 0, 1, 6
781.2, 398, 0, 1, 5
781.6, 317, 0, 3, 5
782.1, 2545, 3, 1, 6
783.4, 1155, 1, 1, 5
784.1, 1789, 2, 1, 6
784.2, 255, 0, 1, 6
791.3, 1924, 2, 1, 5
794.7, 3315, 4, 1, 6
795, 1023, 1, 1, 6
795.5, 3444, 4, 1, 5
798.1, 1159, 1, 1, 5
799.1, 399, 0, 1, 5
799.2, 2685, 3, 1, 5
800.6, 1158, 1, 1, 5
800.8, 1025, 1, 1, 6
801.2, 1513, 1, 1, 3
801.6, 1921, 2, 1, 5
802.1, 3301, 4, 1, 6
802.3, 2533, 3, 1, 6
804.1, 2547, 3, 1, 6
807.2, 3586, 4, 1, 4
809.2, 1030, 1, 1, 6
810.1, 1772, 2, 1, 6
810.2, 396, 0, 1, 5
810.5, 2067, 2, 1, 4
814.6, 3063, 4, 3, 6
815.4, 3791, 4, 1, 3
816.9, 1011, 1, 1, 6
818.9, 1786, 2, 1, 6
819.2, 1788, 2, 1, 6
821.6, 3436, 4, 1, 5
821.6, 3582, 4, 1, 4
824.1, 3344, 4, 3, 5
827.4, 262, 0, 1, 6
830, 3797, 4, 1, 3
830.4, 1157, 1, 1, 5
830.6, 1032, 1, 1, 6
830.8, 747, 0, 1, 3
831.8, 2550, 3, 1, 6
833.1, 1302, 1, 1, 4
840.6, 1505, 1, 1, 3
842.6, 2949, 3, 3, 3
844.7, 545, 0, 1, 4
845, 271, 0, 1, 6
845.1, 2058, 2, 1, 4
845.1, 2538, 3, 1, 6
845.4, 61, 0, 3, 6
849.6, 2821, 3, 1, 4
851, 1165, 1, 1, 5
853.1, 1784, 2, 1, 6
853.3, 1163, 1, 1, 5
855.1, 1919, 2, 1, 5
855.6, 395, 0, 1, 5
859.5, 1016, 1, 1, 6
859.9, 2570, 3, 3, 5
861.4, 1306, 1, 1, 4
862.7, 3298, 4, 1, 6
866.6, 537, 0, 1, 4
866.8, 538, 0, 1, 4
867.6, 2680, 3, 1, 5
867.9, 3027, 3, 1, 3
868.5, 3300, 4, 1, 6
869.9, 3804, 4, 1, 3
871.9, 250, 0, 1, 6
871.9, 265, 0, 1, 6
875.5, 2924, 3, 3, 3
878.2, 1230, 1, 3, 4
878.7, 3294, 4, 1, 6
879.3, 3794, 4, 1, 3
881.9, 3796, 4, 1, 3
882.7, 1918, 2, 1, 5
884.7, 2595, 3, 3, 5
885.2, 2681, 3, 1, 5
885.2, 3304, 4, 1, 6
887.5, 1332, 1, 3, 3
889.6, 3441, 4, 1, 5
891.3, 1782, 2, 1, 6
891.7, 1791, 2, 1, 6
893.1, 1789, 2, 1, 6
895.6, 2696, 3, 4, 5
896.2, 1922, 2, 1, 5
897.3, 2819, 3, 1, 4
897.4, 2828, 3, 1, 4
902.1, 2554, 3, 1, 6
903.4, 2275, 2, 1, 3
903.6, 1025, 1, 1, 6
907.4, 399, 0, 1, 5
910.3, 1920, 2, 1, 5
911.2, 2368, 3, 3, 6
912.6, 2547, 3, 1, 6
913.8, 266, 0, 1, 6
914.7, 3306, 4, 1, 6
916.5, 2067, 2, 1, 4
916.7, 1300, 1, 1, 4
917, 397, 0, 1, 5
917.1, 1513, 1, 1, 3
917.5, 2552, 3, 1, 6
917.7, 1024, 1, 1, 6
919.1, 398, 0, 1, 5
919.1, 1784, 2, 1, 6
922.2, 613, 0, 3, 3
922.7, 3308, 4, 1, 6
923, 1772, 2, 1, 6
923.3, 270, 0, 1, 6
923.4, 1783, 2, 1, 6
928.9, 1724, 2, 3, 6
929.5, 1511, 1, 1, 3
932.6, 1023, 1, 1, 6
936.9, 1695, 2, 3, 6
938.2, 396, 0, 1, 5
938.2, 3299, 4, 1, 6
939, 2543, 3, 1, 6
941.5, 1780, 2, 1, 6
942.5, 3309, 4, 1, 6
945.6, 1159, 1, 1, 5
946.5, 1917, 2, 1, 5
946.6, 2548, 3, 1, 6
947.3, 1028, 1, 1, 6
947.4, 430, 0, 4, 5
947.7, 3589, 4, 1, 4
948.1, 3033, 3, 1, 3
949.9, 203, 0, 3, 6
950.7, 1306, 1, 1, 4
950.8, 1787, 2, 1, 6
955.7, 2063, 2, 1, 4
956.6, 3440, 4, 1, 5
957, 2683, 3, 1, 5
957.7, 2274, 2, 1, 3
959.6, 1508, 1, 1, 3
960.5, 411, 0, 4, 5
961.9, 2271, 2, 1, 3
966, 326, 0, 3, 5
974.1, 2276, 2, 1, 3
975.1, 427, 0, 4, 5
977, 539, 0, 1, 4
978.6, 750, 0, 1, 3
979.1, 400, 0, 1, 5
982.6, 545, 0, 1, 4
983.2, 3583, 4, 1, 4
984.4, 3311, 4, 1, 6
985.4, 324, 0, 3, 5
994.5, 1777, 2, 1, 6
995.9, 1016, 1, 1, 6
996.5, 262, 0, 1, 6
997.8, 2549, 3, 1, 6
