4.8, 2282, 2, 1, 3
4.9, 1156, 1, 1, 5
5.2, 1778, 2, 1, 6
5.5, 1021, 1, 1, 6
5.5, 1931, 2, 1, 5
5.7, 1779, 2, 1, 6
5.7, 1783, 2, 1, 6
5.8, 1304, 1, 1, 4
6, 542, 0, 1, 4
6.1, 2683, 3, 1, 5
6.2, 1162, 1, 1, 5
6.3, 749, 0, 1, 3
6.4, 1792, 2, 1, 6
6.4, 3569, 4, 1, 4
6.5, 1028, 1, 1, 6
6.8, 2272, 2, 1, 3
7.1, 1166, 1, 1, 5
7.2, 2546, 3, 1, 6
7.3, 1930, 2, 1, 5
7.5, 1520, 1, 1, 3
7.6, 1031, 1, 1, 6
7.9, 3572, 4, 1, 4
8, 532, 0, 1, 4
8.1, 261, 0, 1, 6
8.6, 1286, 1, 1, 4
8.6, 3446, 4, 1, 5
8.7, 1515, 1, 1, 3
8.7, 2692, 3, 1, 5
8.8, 3301, 4, 1, 6
8.9, 1519, 1, 1, 3
9, 3581, 4, 1, 4
9.2, 2817, 3, 1, 4
9.3, 3041, 3, 1, 3
9.3, 3300, 4, 1, 6
9.4, 2687, 3, 1, 5
9.5, 1285, 1, 1, 4
9.6, 394, 0, 1, 5
9.8, 256, 0, 1, 6
10.1, 168, 0, 3, 6
10.1, 3305, 4, 1, 6
10.3, 757, 0, 1, 3
10.3, 1170, 1, 1, 5
10.4, 2551, 3, 1, 6
10.5, 2060, 2, 1, 4
11.1, 756, 0, 1, 3
11.3, 3037, 3, 1, 3
11.4, 748, 0, 1, 3
11.5, 528, 0, 1, 4
11.7, 401, 0, 1, 5
11.9, 2539, 3, 1, 6
11.9, 2544, 3, 1, 6
11.9, 3311, 4, 1, 6
12, 1782, 2, 1, 6
12.4, 1298, 1, 1, 4
12.6, 396, 0, 1, 5
12.7, 260, 0, 1, 6
12.7, 268, 0, 1, 6
12.8, 1295, 1, 1, 4
13.2, 3586, 4, 1, 4
13.3, 2548, 3, 1, 6
13.6, 2826, 3, 1, 4
13.9, 269, 0, 1, 6
14, 2065, 2, 1, 4
14.1, 3576, 4, 1, 4
14.2, 755, 0, 1, 3
14.2, 3451, 4, 1, 5
14.2, 3798, 4, 1, 3
14.3, 2276, 2, 1, 3
14.5, 752, 0, 1, 3
14.5, 3314, 4, 1, 6
14.6, 2050, 2, 1, 4
14.6, 2685, 3, 1, 5
14.6, 2825, 3, 1, 4
15.1, 1299, 1, 1, 4
15.1, 1929, 2, 1, 5
15.3, 1025, 1, 1, 6
15.4, 2691, 3, 1, 5
15.6, 267, 0, 1, 6
15.7, 2055, 2, 1, 4
15.8, 3804, 4, 1, 3
16, 1169, 1, 1, 5
16, 3302, 4, 1, 6
16.7, 2811, 3, 1, 4
16.7, 2812, 3, 1, 4
16.8, 258, 0, 1, 6
16.8, 541, 0, 1, 4
17.4, 1785, 2, 1, 6
17.9, 1163, 1, 1, 5
18, 1291, 1, 1, 4
18, 2810, 3, 1, 4
18.1, 3439, 4, 1, 5
18.4, 1513, 1, 1, 3
18.7, 2275, 2, 1, 3
18.8, 1925, 2, 1, 5
18.8, 3588, 4, 1, 4
19, 1023, 1, 1, 6
19, 2047, 2, 1, 4
19.1, 544, 0, 1, 4
19.1, 2681, 3, 1, 5
19.2, 540, 0, 1, 4
19.3, 1518, 1, 1, 3
19.5, 393, 0, 1, 5
19.5, 1030, 1, 1, 6
19.9, 535, 0, 1, 4
20, 758, 0, 1, 3
20.3, 530, 0, 1, 4
20.3, 1292, 1, 1, 4
20.5, 3573, 4, 1, 4
20.8, 754, 0, 1, 3
20.8, 1155, 1, 1, 5
20.8, 2280, 2, 1, 3
20.9, 2821, 3, 1, 4
21.8, 2270, 2, 1, 3
22.2, 2059, 2, 1, 4
22.4, 3797, 4, 1, 3
22.5, 2690, 3, 1, 5
22.6, 543, 0, 1, 4
22.8, 2541, 3, 1, 6
23.5, 3034, 3, 1, 3
23.7, 1927, 2, 1, 5
23.9, 2689, 3, 1, 5
24, 3035, 3, 1, 3
24.2, 1289, 1, 1, 4
24.5, 2066, 2, 1, 4
24.7, 2550, 3, 1, 6
24.7, 3792, 4, 1, 3
26.1, 397, 0, 1, 5
26.1, 3441, 4, 1, 5
26.2, 537, 0, 1, 4
26.4, 402, 0, 1, 5
26.6, 2815, 3, 1, 4
26.7, 1512, 1, 1, 3
26.9, 539, 0, 1, 4
27, 2827, 3, 1, 4
27.4, 1789, 2, 1, 6
27.4, 2274, 2, 1, 3
27.8, 3450, 4, 1, 5
28.4, 3443, 4, 1, 5
28.7, 3449, 4, 1, 5
29.2, 533, 0, 1, 4
29.3, 1514, 1, 1, 3
29.6, 3581, 4, 1, 4
29.8, 525, 0, 1, 4
29.8, 1161, 1, 1, 5
29.8, 3574, 4, 1, 4
29.9, 2051, 2, 1, 4
30.2, 2553, 3, 1, 6
30.3, 1303, 1, 1, 4
31.7, 2820, 3, 1, 4
31.7, 3313, 4, 1, 6
32.6, 3802, 4, 1, 3
32.7, 1027, 1, 1, 6
32.7, 2677, 3, 1, 5
32.8, 3039, 3, 1, 3
32.9, 3043, 3, 1, 3
33.2, 3796, 4, 1, 3
33.3, 257, 0, 1, 6
33.6, 2823, 3, 1, 4
33.8, 1916, 2, 1, 5
33.9, 1293, 1, 1, 4
34.4, 403, 0, 1, 5
34.4, 1922, 2, 1, 5
34.4, 3031, 3, 1, 3
34.5, 2808, 3, 1, 4
35, 2828, 3, 1, 4
35, 3794, 4, 1, 3
35.3, 1170, 1, 1, 5
35.7, 1511, 1, 1, 3
36, 3578, 4, 1, 4
36.1, 266, 0, 1, 6
36.1, 1167, 1, 1, 5
36.5, 1790, 2, 1, 6
36.9, 3453, 4, 1, 5
37.3, 395, 0, 1, 5
37.3, 1780, 2, 1, 6
37.4, 400, 0, 1, 5
37.4, 1029, 1, 1, 6
37.7, 3452, 4, 1, 5
37.9, 1159, 1, 1, 5
37.9, 2676, 3, 1, 5
38.2, 3587, 4, 1, 4
38.6, 2679, 3, 1, 5
39.1, 405, 0, 1, 5
39.3, 1521, 1, 1, 3
40, 2819, 3, 1, 4
40.7, 1791, 2, 1, 6
40.7, 3802, 4, 1, 3
41.3, 1169, 1, 1, 5
41.3, 2062, 2, 1, 4
42.3, 3803, 4, 1, 3
42.8, 3038, 3, 1, 3
42.8, 3447, 4, 1, 5
42.9, 2064, 2, 1, 4
43.4, 1787, 2, 1, 6
43.5, 545, 0, 1, 4
43.6, 3312, 4, 1, 6
43.8, 3582, 4, 1, 4
44.4, 3448, 4, 1, 5
44.5, 3042, 3, 1, 3
45.1, 1017, 1, 1, 6
45.2, 2545, 3, 1, 6
45.3, 3437, 4, 1, 5
45.6, 1302, 1, 1, 4
46.1, 2058, 2, 1, 4
46.9, 3036, 3, 1, 3
47.9, 2053, 2, 1, 4
48.1, 1792, 2, 1, 6
48.6, 1788, 2, 1, 6
48.6, 2814, 3, 1, 4
49.7, 3307, 4, 1, 6
49.8, 1160, 1, 1, 5
49.8, 2552, 3, 1, 6
50.2, 1784, 2, 1, 6
50.4, 2061, 2, 1, 4
51, 2273, 2, 1, 3
51.3, 752, 0, 1, 3
51.3, 1286, 1, 1, 4
51.9, 2049, 2, 1, 4
51.9, 2067, 2, 1, 4
52.5, 1299, 1, 1, 4
52.5, 2543, 3, 1, 6
53, 3445, 4, 1, 5
53.1, 538, 0, 1, 4
53.5, 1518, 1, 1, 3
53.8, 2271, 2, 1, 3
53.9, 1924, 2, 1, 5
54.1, 1786, 2, 1, 6
54.2, 1782, 2, 1, 6
54.4, 2688, 3, 1, 5
54.6, 1164, 1, 1, 5
54.7, 2278, 2, 1, 3
55.1, 3315, 4, 1, 6
55.2, 3304, 4, 1, 6
55.4, 3438, 4, 1, 5
55.7, 1157, 1, 1, 5
55.7, 1296, 1, 1, 4
55.7, 3575, 4, 1, 4
56, 2687, 3, 1, 5
57, 2684, 3, 1, 5
57.5, 261, 0, 1, 6
57.7, 534, 0, 1, 4
58.3, 259, 0, 1, 6
58.5, 404, 0, 1, 5
58.7, 1515, 1, 1, 3
58.8, 1019, 1, 1, 6
58.9, 262, 0, 1, 6
58.9, 1923, 2, 1, 5
60.6, 1930, 2, 1, 5
60.9, 2050, 2, 1, 4
60.9, 2064, 2, 1, 4
61.1, 1509, 1, 1, 3
61.6, 1022, 1, 1, 6
62.3, 3037, 3, 1, 3
62.4, 260, 0, 1, 6
63.2, 2818, 3, 1, 4
63.3, 536, 0, 1, 4
63.3, 1781, 2, 1, 6
63.4, 2813, 3, 1, 4
64, 2054, 2, 1, 4
64.3, 397, 0, 1, 5
64.5, 1030, 1, 1, 6
64.7, 1927, 2, 1, 5
65.6, 543, 0, 1, 4
66.5, 1165, 1, 1, 5
66.9, 532, 0, 1, 4
67.2, 396, 0, 1, 5
68, 409, 0, 1, 5
68.2, 3440, 4, 1, 5
68.4, 258, 0, 1, 6
68.4, 759, 0, 1, 3
68.5, 2055, 2, 1, 4
69.2, 3570, 4, 1, 4
69.9, 270, 0, 1, 6
69.9, 2280, 2, 1, 3
70.1, 1018, 1, 1, 6
70.1, 3798, 4, 1, 3
70.1, 3800, 4, 1, 3
70.4, 2544, 3, 1, 6
71.1, 1161, 1, 1, 5
71.3, 2060, 2, 1, 4
71.5, 1163, 1, 1, 5
71.6, 1918, 2, 1, 5
71.9, 3583, 4, 1, 4
72.1, 1287, 1, 1, 4
72.3, 1793, 2, 1, 6
72.4, 1926, 2, 1, 5
72.8, 3311, 4, 1, 6
72.9, 3306, 4, 1, 6
73.2, 267, 0, 1, 6
73.4, 271, 0, 1, 6
73.6, 537, 0, 1, 4
73.7, 406, 0, 1, 5
73.7, 1295, 1, 1, 4
74.4, 2686, 3, 1, 5
74.5, 1289, 1, 1, 4
74.7, 2554, 3, 1, 6
74.8, 3308, 4, 1, 6
75.3, 1156, 1, 1, 5
75.3, 3439, 4, 1, 5
76, 408, 0, 1, 5
76.2, 3302, 4, 1, 6
76.5, 1928, 2, 1, 5
76.7, 544, 0, 1, 4
76.8, 760, 0, 1, 3
76.9, 3585, 4, 1, 4
77.1, 2551, 3, 1, 6
77.7, 529, 0, 1, 4
78.8, 3449, 4, 1, 5
79.1, 1031, 1, 1, 6
79.5, 2048, 2, 1, 4
79.7, 1303, 1, 1, 4
80, 1301, 1, 1, 4
80.1, 524, 0, 1, 4
80.4, 265, 0, 1, 6
80.9, 2678, 3, 1, 5
81.7, 2540, 3, 1, 6
82.1, 2677, 3, 1, 5
82.3, 2683, 3, 1, 5
83, 3569, 4, 1, 4
83.4, 1921, 2, 1, 5
84, 754, 0, 1, 3
85.1, 2275, 2, 1, 3
85.2, 399, 0, 1, 5
85.2, 1783, 2, 1, 6
85.2, 3573, 4, 1, 4
85.4, 1517, 1, 1, 3
85.5, 395, 0, 1, 5
85.8, 3452, 4, 1, 5
86.1, 2815, 3, 1, 4
86.2, 1917, 2, 1, 5
86.3, 2553, 3, 1, 6
86.5, 545, 0, 1, 4
86.7, 2682, 3, 1, 5
86.8, 3799, 4, 1, 3
87.5, 1780, 2, 1, 6
87.6, 2684, 3, 1, 5
87.7, 2066, 2, 1, 4
87.7, 2282, 2, 1, 3
87.8, 269, 0, 1, 6
88.2, 1290, 1, 1, 4
88.7, 3588, 4, 1, 4
89.2, 1779, 2, 1, 6
89.5, 1922, 2, 1, 5
89.6, 1294, 1, 1, 4
89.7, 2539, 3, 1, 6
89.8, 3450, 4, 1, 5
90, 538, 0, 1, 4
90, 748, 0, 1, 3
90.2, 2051, 2, 1, 4
90.4, 1025, 1, 1, 6
90.5, 2550, 3, 1, 6
90.7, 1157, 1, 1, 5
90.9, 526, 0, 1, 4
90.9, 1285, 1, 1, 4
91, 407, 0, 1, 5
91, 2691, 3, 1, 5
91.4, 2707, 3, 4, 5
91.6, 1297, 1, 1, 4
91.8, 1158, 1, 1, 5
92.1, 2822, 3, 1, 4
92.3, 260, 0, 1, 6
92.6, 1304, 1, 1, 4
92.7, 1164, 1, 1, 5
93.4, 3314, 4, 1, 6
93.5, 3581, 4, 1, 4
93.9, 1017, 1, 1, 6
94.2, 2810, 3, 1, 4
94.4, 2808, 3, 1, 4
94.8, 2685, 3, 1, 5
95, 3444, 4, 1, 5
95.2, 1300, 1, 1, 4
95.3, 3040, 3, 1, 3
95.7, 2826, 3, 1, 4
96.3, 1306, 1, 1, 4
96.3, 3582, 4, 1, 4
96.4, 2281, 2, 1, 3
96.8, 2274, 2, 1, 3
97, 1166, 1, 1, 5
97.1, 753, 0, 1, 3
97.3, 2056, 2, 1, 4
97.5, 530, 0, 1, 4
97.5, 1785, 2, 1, 6
98.4, 3033, 3, 1, 3
98.8, 3579, 4, 1, 4
99.2, 2816, 3, 1, 4
99.2, 3796, 4, 1, 3
99.4, 3442, 4, 1, 5
99.4, 3589, 4, 1, 4
99.8, 3032, 3, 1, 3
99.9, 1778, 2, 1, 6
99.9, 1925, 2, 1, 5
100.2, 1789, 2, 1, 6
101.8, 405, 0, 1, 5
102.2, 3300, 4, 1, 6
102.3, 2542, 3, 1, 6
102.5, 2065, 2, 1, 4
102.8, 1021, 1, 1, 6
102.8, 3039, 3, 1, 3
103.2, 1519, 1, 1, 3
103.2, 2817, 3, 1, 4
103.2, 3804, 4, 1, 3
103.5, 1288, 1, 1, 4
103.7, 1931, 2, 1, 5
103.8, 1291, 1, 1, 4
103.8, 2039, 2, 2, 4
104, 2501, 3, 3, 6
104.1, 1791, 2, 1, 6
104.1, 3584, 4, 1, 4
104.4, 3451, 4, 1, 5
104.7, 1268, 1, 2, 4
105, 1224, 1, 3, 4
105.1, 1229, 1, 3, 4
105.1, 2037, 2, 2, 4
105.2, 1120, 1, 2, 5
105.2, 1150, 1, 2, 5
105.2, 2059, 2, 1, 4
105.3, 758, 0, 1, 3
105.4, 1221, 1, 3, 4
105.4, 1256, 1, 3, 4
105.5, 1143, 1, 2, 5
105.6, 2032, 2, 2, 4
105.7, 527, 0, 1, 4
105.7, 1260, 1, 3, 4
105.8, 1516, 1, 1, 3
105.9, 1225, 1, 3, 4
106.1, 2790, 3, 2, 4
106.2, 519, 0, 2, 4
106.2, 1115, 1, 2, 5
106.2, 1194, 1, 3, 4
106.2, 1210, 1, 3, 4
106.3, 1259, 1, 3, 4
106.4, 1208, 1, 3, 4
106.4, 2030, 2, 2, 4
106.4, 3305, 4, 1, 6
106.5, 515, 0, 2, 4
106.5, 1272, 1, 2, 4
106.6, 1235, 1, 3, 4
106.6, 1246, 1, 3, 4
106.7, 1027, 1, 1, 6
106.7, 1211, 1, 3, 4
106.7, 1233, 1, 3, 4
106.8, 513, 0, 2, 4
106.8, 1153, 1, 2, 5
106.8, 1213, 1, 3, 4
106.8, 2045, 2, 2, 4
106.9, 1283, 1, 2, 4
107, 510, 0, 2, 4
107, 1223, 1, 3, 4
107.2, 1222, 1, 3, 4
107.3, 1232, 1, 3, 4
107.3, 1236, 1, 3, 4
107.4, 1234, 1, 3, 4
107.4, 1280, 1, 2, 4
107.4, 2041, 2, 2, 4
107.5, 1249, 1, 3, 4
107.6, 1240, 1, 3, 4
107.6, 1264, 1, 3, 4
107.7, 1231, 1, 3, 4
107.8, 1138, 1, 2, 5
107.9, 1239, 1, 3, 4
107.9, 1277, 1, 2, 4
108, 1146, 1, 2, 5
108, 1258, 1, 3, 4
108, 1278, 1, 2, 4
108, 2805, 3, 2, 4
108.1, 518, 0, 2, 4
108.1, 1204, 1, 3, 4
108.2, 1276, 1, 2, 4
108.2, 1926, 2, 1, 5
108.3, 1196, 1, 3, 4
108.3, 1227, 1, 3, 4
108.3, 1282, 1, 2, 4
108.4, 1270, 1, 2, 4
108.7, 268, 0, 1, 6
108.7, 523, 0, 2, 4
108.7, 1019, 1, 1, 6
108.7, 1241, 1, 3, 4
108.7, 1281, 1, 2, 4
108.8, 1116, 1, 2, 5
108.8, 1237, 1, 3, 4
108.8, 1274, 1, 2, 4
108.8, 2689, 3, 1, 5
108.9, 1205, 1, 3, 4
109, 507, 0, 2, 4
109, 1263, 1, 3, 4
109, 1269, 1, 2, 4
109.1, 520, 0, 2, 4
109.2, 1121, 1, 2, 5
109.3, 1197, 1, 3, 4
109.3, 1279, 1, 2, 4
109.3, 3453, 4, 1, 5
109.5, 406, 0, 1, 5
109.5, 521, 0, 2, 4
109.5, 1275, 1, 2, 4
109.6, 2552, 3, 1, 6
109.7, 1267, 1, 2, 4
109.8, 1284, 1, 2, 4
110, 1023, 1, 1, 6
110, 1268, 1, 2, 4
110, 1271, 1, 2, 4
110.2, 2043, 2, 2, 4
110.2, 3443, 4, 1, 5
110.3, 1195, 1, 3, 4
110.3, 3446, 4, 1, 5
110.5, 517, 0, 2, 4
110.5, 1283, 1, 2, 4
110.5, 2686, 3, 1, 5
110.5, 3800, 4, 1, 3
110.7, 1273, 1, 2, 4
110.8, 1378, 1, 3, 3
110.8, 1782, 2, 1, 6
110.8, 3440, 4, 1, 5
110.9, 1278, 1, 2, 4
110.9, 1280, 1, 2, 4
111, 1250, 1, 3, 4
111.1, 1272, 1, 2, 4
111.1, 1276, 1, 2, 4
111.2, 511, 0, 2, 4
111.2, 1282, 1, 2, 4
111.2, 1430, 1, 3, 3
111.3, 1270, 1, 2, 4
111.3, 1277, 1, 2, 4
111.5, 3469, 4, 4, 5
111.6, 1281, 1, 2, 4
111.7, 1274, 1, 2, 4
111.9, 256, 0, 1, 6
111.9, 1269, 1, 2, 4
112.1, 1469, 1, 3, 3
112.1, 1470, 1, 3, 3
112.2, 1423, 1, 3, 3
112.2, 2042, 2, 2, 4
112.3, 512, 0, 2, 4
112.3, 1418, 1, 3, 3
112.4, 1218, 1, 3, 4
112.4, 1275, 1, 2, 4
112.4, 1453, 1, 3, 3
112.5, 1383, 1, 3, 3
112.5, 1414, 1, 3, 3
112.6, 263, 0, 1, 6
112.6, 1305, 1, 1, 4
112.6, 1369, 1, 3, 3
112.6, 1380, 1, 3, 3
112.6, 1451, 1, 3, 3
112.6, 1468, 1, 3, 3
112.7, 1411, 1, 3, 3
112.8, 1463, 1, 3, 3
112.9, 1362, 1, 3, 3
112.9, 1433, 1, 3, 3
113, 1340, 1, 3, 3
113, 1367, 1, 3, 3
113.3, 1279, 1, 2, 4
113.4, 1333, 1, 3, 3
113.4, 1361, 1, 3, 3
113.4, 1435, 1, 3, 3
113.4, 1449, 1, 3, 3
113.4, 1461, 1, 3, 3
113.5, 1355, 1, 3, 3
113.5, 1365, 1, 3, 3
113.5, 1427, 1, 3, 3
113.6, 1310, 1, 3, 3
113.6, 1336, 1, 3, 3
113.6, 1388, 1, 3, 3
113.6, 1395, 1, 3, 3
113.6, 2052, 2, 1, 4
113.7, 1349, 1, 3, 3
113.7, 1400, 1, 3, 3
113.8, 1370, 1, 3, 3
113.8, 1467, 1, 3, 3
113.9, 755, 0, 1, 3
113.9, 1440, 1, 3, 3
113.9, 3572, 4, 1, 4
114.1, 1478, 1, 2, 3
114.1, 3313, 4, 1, 6
114.2, 409, 0, 1, 5
114.2, 1299, 1, 1, 4
114.3, 1323, 1, 3, 3
114.3, 1338, 1, 3, 3
114.4, 1329, 1, 3, 3
114.4, 1350, 1, 3, 3
114.4, 2690, 3, 1, 5
114.5, 1416, 1, 3, 3
114.5, 3803, 4, 1, 3
114.6, 1392, 1, 3, 3
114.7, 1353, 1, 3, 3
114.8, 1359, 1, 3, 3
114.8, 1447, 1, 3, 3
114.9, 1314, 1, 3, 3
114.9, 1389, 1, 3, 3
114.9, 1397, 1, 3, 3
115, 1313, 1, 3, 3
115, 1409, 1, 3, 3
115, 1466, 1, 3, 3
115.1, 1373, 1, 3, 3
115.1, 1407, 1, 3, 3
115.1, 1441, 1, 3, 3
115.1, 1464, 1, 3, 3
115.1, 3577, 4, 1, 4
115.2, 1347, 1, 3, 3
115.2, 1351, 1, 3, 3
115.3, 1384, 1, 3, 3
115.3, 1390, 1, 3, 3
115.3, 1429, 1, 3, 3
115.4, 1328, 1, 3, 3
115.4, 1357, 1, 3, 3
115.4, 2036, 2, 2, 4
115.6, 1311, 1, 3, 3
115.8, 1375, 1, 3, 3
115.9, 1337, 1, 3, 3
115.9, 1372, 1, 3, 3
115.9, 1394, 1, 3, 3
115.9, 1495, 1, 2, 3
115.9, 2688, 3, 1, 5
116, 752, 0, 1, 3
116, 1319, 1, 3, 3
116, 1460, 1, 3, 3
116.1, 1346, 1, 3, 3
116.1, 1377, 1, 3, 3
116.1, 1444, 1, 3, 3
116.1, 1446, 1, 3, 3
116.3, 1371, 1, 3, 3
116.3, 1788, 2, 1, 6
116.4, 1317, 1, 3, 3
116.4, 1428, 1, 3, 3
116.5, 1480, 1, 2, 3
116.6, 1309, 1, 3, 3
116.6, 1376, 1, 3, 3
116.6, 1501, 1, 2, 3
116.6, 2807, 3, 1, 4
116.7, 1312, 1, 3, 3
116.7, 1448, 1, 3, 3
116.7, 1487, 1, 2, 3
116.7, 1490, 1, 2, 3
116.8, 1324, 1, 3, 3
116.8, 1360, 1, 3, 3
116.9, 1113, 1, 3, 5
116.9, 1321, 1, 3, 3
116.9, 1393, 1, 3, 3
116.9, 3302, 4, 1, 6
117, 1456, 1, 3, 3
117, 1476, 1, 2, 3
117.1, 1322, 1, 3, 3
117.1, 1378, 1, 3, 3
117.1, 1396, 1, 3, 3
117.1, 1421, 1, 3, 3
117.1, 1499, 1, 2, 3
117.2, 1334, 1, 3, 3
117.3, 1348, 1, 3, 3
117.3, 1481, 1, 2, 3
117.4, 1434, 1, 3, 3
117.5, 1325, 1, 3, 3
117.5, 1438, 1, 3, 3
117.5, 1459, 1, 3, 3
117.5, 1485, 1, 2, 3
117.6, 1354, 1, 3, 3
117.6, 1439, 1, 3, 3
117.6, 1473, 1, 2, 3
117.6, 1479, 1, 2, 3
117.7, 1364, 1, 3, 3
117.7, 1458, 1, 3, 3
117.8, 401, 0, 1, 5
117.8, 1044, 1, 3, 5
117.8, 1105, 1, 3, 5
117.8, 1385, 1, 3, 3
117.8, 1401, 1, 3, 3
117.8, 1420, 1, 3, 3
117.8, 1478, 1, 2, 3
117.8, 2820, 3, 1, 4
117.9, 1186, 1, 4, 5
117.9, 1502, 1, 2, 3
117.9, 3586, 4, 1, 4
118, 1069, 1, 3, 5
118, 1174, 1, 4, 5
118, 1415, 1, 3, 3
118.1, 1036, 1, 3, 5
118.1, 1097, 1, 3, 5
118.1, 1182, 1, 4, 5
118.1, 1398, 1, 3, 3
118.2, 1054, 1, 3, 5
118.2, 1318, 1, 3, 3
118.2, 1425, 1, 3, 3
118.2, 1452, 1, 3, 3
118.2, 1506, 1, 2, 3
118.3, 1084, 1, 3, 5
118.3, 1086, 1, 3, 5
118.3, 1171, 1, 4, 5
118.3, 1403, 1, 3, 3
118.3, 1475, 1, 2, 3
118.3, 1500, 1, 2, 3
118.4, 1047, 1, 3, 5
118.4, 1067, 1, 3, 5
118.4, 1308, 1, 3, 3
118.4, 1494, 1, 2, 3
118.4, 1507, 1, 2, 3
118.4, 3041, 3, 1, 3
118.5, 1058, 1, 3, 5
118.5, 1080, 1, 3, 5
118.5, 1094, 1, 3, 5
118.5, 1099, 1, 3, 5
118.5, 1104, 1, 3, 5
118.5, 1413, 1, 3, 3
118.6, 1073, 1, 3, 5
118.6, 1077, 1, 3, 5
118.6, 1399, 1, 3, 3
118.6, 1474, 1, 2, 3
118.7, 1065, 1, 3, 5
118.7, 1090, 1, 3, 5
118.7, 1437, 1, 3, 3
118.8, 1055, 1, 3, 5
118.8, 1091, 1, 3, 5
118.8, 1111, 1, 3, 5
118.8, 1176, 1, 4, 5
118.8, 1404, 1, 3, 3
118.8, 1465, 1, 3, 3
118.8, 1498, 1, 2, 3
118.8, 1920, 2, 1, 5
118.9, 1072, 1, 3, 5
118.9, 1074, 1, 3, 5
118.9, 1173, 1, 4, 5
118.9, 1185, 1, 4, 5
118.9, 1320, 1, 3, 3
118.9, 1491, 1, 2, 3
118.9, 1505, 1, 2, 3
119, 1037, 1, 3, 5
119, 1048, 1, 3, 5
119, 1052, 1, 3, 5
119, 1057, 1, 3, 5
119, 1085, 1, 3, 5
119, 1175, 1, 4, 5
119, 1181, 1, 4, 5
119, 1187, 1, 4, 5
119, 1189, 1, 4, 5
119, 1191, 1, 4, 5
119, 1356, 1, 3, 3
119.1, 1035, 1, 3, 5
119.1, 1038, 1, 3, 5
119.1, 1040, 1, 3, 5
119.1, 1056, 1, 3, 5
119.1, 1102, 1, 3, 5
119.1, 1106, 1, 3, 5
119.1, 1108, 1, 3, 5
119.1, 1184, 1, 4, 5
119.1, 1331, 1, 3, 3
119.2, 1071, 1, 3, 5
119.2, 1112, 1, 3, 5
119.2, 1183, 1, 4, 5
119.2, 1432, 1, 3, 3
119.2, 1443, 1, 3, 3
119.2, 1483, 1, 2, 3
119.2, 1496, 1, 2, 3
119.2, 2241, 2, 2, 3
119.3, 1046, 1, 3, 5
119.3, 1059, 1, 3, 5
119.3, 1060, 1, 3, 5
119.3, 1088, 1, 3, 5
119.3, 1092, 1, 3, 5
119.3, 1093, 1, 3, 5
119.3, 1098, 1, 3, 5
119.3, 1101, 1, 3, 5
119.3, 1110, 1, 3, 5
119.3, 1367, 1, 3, 3
119.3, 1497, 1, 2, 3
119.3, 1512, 1, 1, 3
119.4, 1033, 1, 3, 5
119.4, 1076, 1, 3, 5
119.4, 1087, 1, 3, 5
119.4, 1089, 1, 3, 5
119.4, 1450, 1, 3, 3
119.4, 1488, 1, 2, 3
119.5, 1034, 1, 3, 5
119.5, 1049, 1, 3, 5
119.5, 1096, 1, 3, 5
119.5, 1177, 1, 4, 5
119.5, 1178, 1, 4, 5
119.5, 1316, 1, 3, 3
119.5, 1484, 1, 2, 3
119.6, 1050, 1, 3, 5
119.6, 1053, 1, 3, 5
119.6, 1066, 1, 3, 5
119.6, 1075, 1, 3, 5
119.6, 1079, 1, 3, 5
119.6, 1082, 1, 3, 5
119.6, 1103, 1, 3, 5
119.6, 1315, 1, 3, 3
119.6, 1477, 1, 2, 3
119.7, 1045, 1, 3, 5
119.7, 1172, 1, 4, 5
119.7, 1327, 1, 3, 3
119.7, 1333, 1, 3, 3
119.7, 1461, 1, 3, 3
119.8, 1043, 1, 3, 5
119.8, 1064, 1, 3, 5
119.8, 1070, 1, 3, 5
119.8, 1078, 1, 3, 5
119.8, 1095, 1, 3, 5
119.8, 1436, 1, 3, 3
119.8, 1462, 1, 3, 3
119.9, 1039, 1, 3, 5
119.9, 1042, 1, 3, 5
119.9, 1083, 1, 3, 5
119.9, 1188, 1, 4, 5
119.9, 1504, 1, 2, 3
120, 1100, 1, 3, 5
120, 1180, 1, 4, 5
120, 1349, 1, 3, 3
120, 1521, 1, 1, 3
120, 2263, 2, 2, 3
120.1, 728, 0, 2, 3
120.1, 1061, 1, 3, 5
120.1, 1417, 1, 3, 3
120.1, 1445, 1, 3, 3
120.1, 1495, 1, 2, 3
120.2, 1109, 1, 3, 5
120.2, 1179, 1, 4, 5
120.2, 1190, 1, 4, 5
120.2, 1192, 1, 4, 5
120.2, 1501, 1, 2, 3
120.3, 1068, 1, 3, 5
120.3, 1345, 1, 3, 3
120.3, 1406, 1, 3, 3
120.3, 1422, 1, 3, 3
120.3, 1482, 1, 2, 3
120.4, 1041, 1, 3, 5
120.4, 1062, 1, 3, 5
120.4, 1081, 1, 3, 5
120.4, 1107, 1, 3, 5
120.4, 1412, 1, 3, 3
120.4, 1469, 1, 3, 3
120.4, 1490, 1, 2, 3
120.4, 2276, 2, 1, 3
120.4, 3802, 4, 1, 3
120.5, 1402, 1, 3, 3
120.6, 724, 0, 2, 3
120.6, 1063, 1, 3, 5
120.6, 1386, 1, 3, 3
120.6, 2236, 2, 2, 3
120.7, 729, 0, 2, 3
120.7, 744, 0, 2, 3
120.7, 1508, 1, 2, 3
120.7, 2251, 2, 2, 3
120.8, 1424, 1, 3, 3
120.8, 2238, 2, 2, 3
120.8, 2248, 2, 2, 3
120.9, 736, 0, 2, 3
120.9, 737, 0, 2, 3
120.9, 1486, 1, 2, 3
121, 721, 0, 2, 3
121, 1363, 1, 3, 3
121, 2268, 2, 2, 3
121.1, 1051, 1, 3, 5
121.1, 1382, 1, 3, 3
121.1, 2234, 2, 2, 3
121.1, 2252, 2, 2, 3
121.1, 2261, 2, 2, 3
121.1, 3309, 4, 1, 6
121.2, 727, 0, 2, 3
121.2, 1124, 1, 2, 5
121.2, 2235, 2, 2, 3
121.2, 2245, 2, 2, 3
121.2, 2253, 2, 2, 3
121.2, 2255, 2, 2, 3
121.2, 2541, 3, 1, 6
121.3, 1119, 1, 2, 5
121.3, 1136, 1, 2, 5
121.3, 1153, 1, 2, 5
121.3, 1186, 1, 4, 5
121.3, 1426, 1, 3, 3
121.3, 1466, 1, 3, 3
121.3, 2239, 2, 2, 3
121.3, 2269, 2, 2, 3
121.4, 1116, 1, 2, 5
121.4, 1117, 1, 2, 5
121.4, 1120, 1, 2, 5
121.4, 1122, 1, 2, 5
121.4, 1125, 1, 2, 5
121.4, 1133, 1, 2, 5
121.4, 1141, 1, 2, 5
121.4, 1144, 1, 2, 5
121.4, 1145, 1, 2, 5
121.4, 1147, 1, 2, 5
121.4, 1149, 1, 2, 5
121.4, 1152, 1, 2, 5
121.4, 1174, 1, 4, 5
121.4, 1307, 1, 3, 3
121.4, 1379, 1, 3, 3
121.4, 2243, 2, 2, 3
121.5, 1114, 1, 2, 5
121.5, 1115, 1, 2, 5
121.5, 1121, 1, 2, 5
121.5, 1126, 1, 2, 5
121.5, 1127, 1, 2, 5
121.5, 1138, 1, 2, 5
121.5, 1139, 1, 2, 5
121.5, 1143, 1, 2, 5
121.5, 1182, 1, 4, 5
121.5, 1351, 1, 3, 3
121.5, 1475, 1, 2, 3
121.6, 1118, 1, 2, 5
121.6, 1123, 1, 2, 5
121.6, 1130, 1, 2, 5
121.6, 1142, 1, 2, 5
121.6, 1150, 1, 2, 5
121.6, 1151, 1, 2, 5
121.7, 717, 0, 2, 3
121.7, 1128, 1, 2, 5
121.7, 1129, 1, 2, 5
121.7, 1134, 1, 2, 5
121.7, 1135, 1, 2, 5
121.7, 1171, 1, 4, 5
121.7, 1503, 1, 2, 3
121.7, 2258, 2, 2, 3
121.7, 3801, 4, 1, 3
121.8, 1020, 1, 1, 6
121.8, 1132, 1, 2, 5
121.8, 1146, 1, 2, 5
121.8, 1148, 1, 2, 5
121.9, 723, 0, 2, 3
121.9, 1131, 1, 2, 5
121.9, 1137, 1, 2, 5
121.9, 1140, 1, 2, 5
121.9, 1407, 1, 3, 3
122, 1435, 1, 3, 3
122.1, 726, 0, 2, 3
122.1, 730, 0, 2, 3
122.1, 1383, 1, 3, 3
122.1, 1455, 1, 3, 3
122.2, 1176, 1, 4, 5
122.2, 1431, 1, 3, 3
122.2, 2246, 2, 2, 3
122.2, 2259, 2, 2, 3
122.3, 365, 0, 2, 5
122.3, 743, 0, 2, 3
122.3, 1173, 1, 4, 5
122.3, 1185, 1, 4, 5
122.3, 1879, 2, 2, 5
122.4, 364, 0, 2, 5
122.4, 738, 0, 2, 3
122.4, 1175, 1, 4, 5
122.4, 1181, 1, 4, 5
122.4, 1187, 1, 4, 5
122.4, 1189, 1, 4, 5
122.4, 1191, 1, 4, 5
122.4, 1346, 1, 3, 3
122.4, 1905, 2, 2, 5
122.4, 1912, 2, 2, 5
122.4, 2249, 2, 2, 3
122.4, 2256, 2, 2, 3
122.4, 2257, 2, 2, 3
122.5, 375, 0, 2, 5
122.5, 379, 0, 2, 5
122.5, 382, 0, 2, 5
122.5, 1184, 1, 4, 5
122.5, 1341, 1, 3, 3
122.5, 1507, 1, 2, 3
122.5, 1890, 2, 2, 5
122.5, 1898, 2, 2, 5
122.5, 1913, 2, 2, 5
122.5, 2244, 2, 2, 3
122.6, 363, 0, 2, 5
122.6, 367, 0, 2, 5
122.6, 369, 0, 2, 5
122.6, 373, 0, 2, 5
122.6, 374, 0, 2, 5
122.6, 378, 0, 2, 5
122.6, 731, 0, 2, 3
122.6, 746, 0, 2, 3
122.6, 1183, 1, 4, 5
122.6, 1343, 1, 3, 3
122.6, 1489, 1, 2, 3
122.6, 1884, 2, 2, 5
122.6, 1886, 2, 2, 5
122.6, 1903, 2, 2, 5
122.6, 1909, 2, 2, 5
122.6, 2267, 2, 2, 3
122.7, 384, 0, 2, 5
122.7, 390, 0, 2, 5
122.7, 718, 0, 2, 3
122.7, 1317, 1, 3, 3
122.7, 1876, 2, 2, 5
122.7, 1877, 2, 2, 5
122.7, 1885, 2, 2, 5
122.8, 368, 0, 2, 5
122.8, 383, 0, 2, 5
122.8, 386, 0, 2, 5
122.8, 733, 0, 2, 3
122.8, 1492, 1, 2, 3
122.8, 1881, 2, 2, 5
122.8, 1897, 2, 2, 5
122.9, 357, 0, 2, 5
122.9, 388, 0, 2, 5
122.9, 720, 0, 2, 3
122.9, 1177, 1, 4, 5
122.9, 1178, 1, 4, 5
122.9, 1891, 2, 2, 5
122.9, 1896, 2, 2, 5
122.9, 1908, 2, 2, 5
122.9, 2264, 2, 2, 3
123, 361, 0, 2, 5
123, 376, 0, 2, 5
123, 380, 0, 2, 5
123, 734, 0, 2, 3
123, 1895, 2, 2, 5
123, 1899, 2, 2, 5
123, 1900, 2, 2, 5
123, 1901, 2, 2, 5
123, 1902, 2, 2, 5
123, 1911, 2, 2, 5
123, 2247, 2, 2, 3
123, 2254, 2, 2, 3
123.1, 360, 0, 2, 5
123.1, 385, 0, 2, 5
123.1, 389, 0, 2, 5
123.1, 391, 0, 2, 5
123.1, 392, 0, 2, 5
123.1, 1172, 1, 4, 5
123.1, 1410, 1, 3, 3
123.1, 1878, 2, 2, 5
123.1, 1883, 2, 2, 5
123.1, 1893, 2, 2, 5
123.1, 1894, 2, 2, 5
123.1, 1914, 2, 2, 5
123.1, 2266, 2, 2, 3
123.2, 358, 0, 2, 5
123.2, 359, 0, 2, 5
123.2, 719, 0, 2, 3
123.2, 1113, 1, 3, 5
123.2, 1303, 1, 1, 4
123.2, 1880, 2, 2, 5
123.2, 1907, 2, 2, 5
123.3, 355, 0, 2, 5
123.3, 362, 0, 2, 5
123.3, 366, 0, 2, 5
123.3, 377, 0, 2, 5
123.3, 387, 0, 2, 5
123.3, 735, 0, 2, 3
123.3, 1188, 1, 4, 5
123.3, 1285, 1, 1, 4
123.3, 1296, 1, 1, 4
123.3, 1496, 1, 2, 3
123.3, 1882, 2, 2, 5
123.3, 1904, 2, 2, 5
123.3, 1906, 2, 2, 5
123.3, 1910, 2, 2, 5
123.3, 2262, 2, 2, 3
123.4, 353, 0, 2, 5
123.4, 372, 0, 2, 5
123.4, 381, 0, 2, 5
123.4, 1180, 1, 4, 5
123.4, 1396, 1, 3, 3
123.4, 1875, 2, 2, 5
123.4, 1887, 2, 2, 5
123.4, 1892, 2, 2, 5
123.4, 2263, 2, 2, 3
123.4, 3037, 3, 1, 3
123.5, 356, 0, 2, 5
123.5, 370, 0, 2, 5
123.5, 371, 0, 2, 5
123.5, 1889, 2, 2, 5
123.6, 1179, 1, 4, 5
123.6, 1190, 1, 4, 5
123.6, 1192, 1, 4, 5
123.6, 1518, 1, 1, 3
123.6, 1927, 2, 1, 5
123.6, 1929, 2, 1, 5
123.7, 354, 0, 2, 5
123.7, 1888, 2, 2, 5
123.8, 1438, 1, 3, 3
123.8, 1515, 1, 1, 3
123.9, 1502, 1, 2, 3
124, 2242, 2, 2, 3
124.1, 1044, 1, 3, 5
124.1, 1105, 1, 3, 5
124.1, 1124, 1, 2, 5
124.1, 1350, 1, 3, 3
124.1, 1486, 1, 2, 3
124.2, 1119, 1, 2, 5
124.2, 1136, 1, 2, 5
124.2, 1153, 1, 2, 5
124.3, 1069, 1, 3, 5
124.3, 1116, 1, 2, 5
124.3, 1117, 1, 2, 5
124.3, 1120, 1, 2, 5
124.3, 1122, 1, 2, 5
124.3, 1125, 1, 2, 5
124.3, 1133, 1, 2, 5
124.3, 1141, 1, 2, 5
124.3, 1144, 1, 2, 5
124.3, 1145, 1, 2, 5
124.3, 1147, 1, 2, 5
124.3, 1149, 1, 2, 5
124.3, 1152, 1, 2, 5
124.3, 1154, 1, 1, 5
124.4, 725, 0, 2, 3
124.4, 1036, 1, 3, 5
124.4, 1097, 1, 3, 5
124.4, 1114, 1, 2, 5
124.4, 1115, 1, 2, 5
124.4, 1121, 1, 2, 5
124.4, 1126, 1, 2, 5
124.4, 1127, 1, 2, 5
124.4, 1138, 1, 2, 5
124.4, 1139, 1, 2, 5
124.4, 1143, 1, 2, 5
124.4, 1408, 1, 3, 3
124.4, 1500, 1, 2, 3
124.5, 1054, 1, 3, 5
124.5, 1118, 1, 2, 5
124.5, 1123, 1, 2, 5
124.5, 1130, 1, 2, 5
124.5, 1142, 1, 2, 5
124.5, 1150, 1, 2, 5
124.5, 1151, 1, 2, 5
124.5, 1292, 1, 1, 4
124.5, 1294, 1, 1, 4
124.5, 1304, 1, 1, 4
124.5, 1479, 1, 2, 3
124.6, 1084, 1, 3, 5
124.6, 1086, 1, 3, 5
124.6, 1128, 1, 2, 5
124.6, 1129, 1, 2, 5
124.6, 1134, 1, 2, 5
124.6, 1135, 1, 2, 5
124.6, 1335, 1, 3, 3
124.6, 1387, 1, 3, 3
124.6, 1405, 1, 3, 3
124.6, 3005, 3, 2, 3
124.7, 1047, 1, 3, 5
124.7, 1067, 1, 3, 5
124.7, 1132, 1, 2, 5
124.7, 1146, 1, 2, 5
124.7, 1148, 1, 2, 5
124.7, 1186, 1, 4, 5
124.7, 1297, 1, 1, 4
124.7, 1380, 1, 3, 3
124.8, 1058, 1, 3, 5
124.8, 1080, 1, 3, 5
124.8, 1094, 1, 3, 5
124.8, 1099, 1, 3, 5
124.8, 1104, 1, 3, 5
124.8, 1131, 1, 2, 5
124.8, 1137, 1, 2, 5
124.8, 1140, 1, 2, 5
124.8, 1174, 1, 4, 5
124.8, 1290, 1, 1, 4
124.9, 1073, 1, 3, 5
124.9, 1077, 1, 3, 5
124.9, 1182, 1, 4, 5
124.9, 1289, 1, 1, 4
124.9, 1301, 1, 1, 4
124.9, 1477, 1, 2, 3
124.9, 3301, 4, 1, 6
125, 1065, 1, 3, 5
125, 1090, 1, 3, 5
125, 1295, 1, 1, 4
125, 1298, 1, 1, 4
125, 1299, 1, 1, 4
125, 1300, 1, 1, 4
125, 1429, 1, 3, 3
125, 1476, 1, 2, 3
125, 1485, 1, 2, 3
125, 1497, 1, 2, 3
125.1, 988, 1, 3, 6
125.1, 1055, 1, 3, 5
125.1, 1091, 1, 3, 5
125.1, 1111, 1, 3, 5
125.1, 1171, 1, 4, 5
125.1, 1291, 1, 1, 4
125.1, 1293, 1, 1, 4
125.2, 365, 0, 2, 5
125.2, 745, 0, 2, 3
125.2, 1072, 1, 3, 5
125.2, 1074, 1, 3, 5
125.2, 1879, 2, 2, 5
125.3, 364, 0, 2, 5
125.3, 1037, 1, 3, 5
125.3, 1048, 1, 3, 5
125.3, 1052, 1, 3, 5
125.3, 1057, 1, 3, 5
125.3, 1085, 1, 3, 5
125.3, 1905, 2, 2, 5
125.3, 1912, 2, 2, 5
125.4, 375, 0, 2, 5
125.4, 379, 0, 2, 5
125.4, 382, 0, 2, 5
125.4, 1035, 1, 3, 5
125.4, 1038, 1, 3, 5
125.4, 1040, 1, 3, 5
125.4, 1056, 1, 3, 5
125.4, 1102, 1, 3, 5
125.4, 1106, 1, 3, 5
125.4, 1108, 1, 3, 5
125.4, 1305, 1, 1, 4
125.4, 1352, 1, 3, 3
125.4, 1501, 1, 2, 3
125.4, 1507, 1, 2, 3
125.4, 1890, 2, 2, 5
125.4, 1898, 2, 2, 5
125.4, 1913, 2, 2, 5
125.5, 363, 0, 2, 5
125.5, 367, 0, 2, 5
125.5, 369, 0, 2, 5
125.5, 373, 0, 2, 5
125.5, 374, 0, 2, 5
125.5, 378, 0, 2, 5
125.5, 1071, 1, 3, 5
125.5, 1112, 1, 3, 5
125.5, 1288, 1, 1, 4
125.5, 1306, 1, 1, 4
125.5, 1884, 2, 2, 5
125.5, 1886, 2, 2, 5
125.5, 1903, 2, 2, 5
125.5, 1909, 2, 2, 5
125.6, 384, 0, 2, 5
125.6, 390, 0, 2, 5
125.6, 1046, 1, 3, 5
125.6, 1059, 1, 3, 5
125.6, 1060, 1, 3, 5
125.6, 1088, 1, 3, 5
125.6, 1092, 1, 3, 5
125.6, 1093, 1, 3, 5
125.6, 1098, 1, 3, 5
125.6, 1101, 1, 3, 5
125.6, 1110, 1, 3, 5
125.6, 1176, 1, 4, 5
125.6, 1480, 1, 2, 3
125.6, 1876, 2, 2, 5
125.6, 1877, 2, 2, 5
125.6, 1885, 2, 2, 5
125.6, 2543, 3, 1, 6
125.7, 368, 0, 2, 5
125.7, 383, 0, 2, 5
125.7, 1033, 1, 3, 5
125.7, 1076, 1, 3, 5
125.7, 1087, 1, 3, 5
125.7, 1089, 1, 3, 5
125.7, 1173, 1, 4, 5
125.7, 1185, 1, 4, 5
125.7, 1302, 1, 1, 4
125.7, 1512, 1, 1, 3
125.7, 1881, 2, 2, 5
125.8, 388, 0, 2, 5
125.8, 1034, 1, 3, 5
125.8, 1049, 1, 3, 5
125.8, 1096, 1, 3, 5
125.8, 1175, 1, 4, 5
125.8, 1181, 1, 4, 5
125.8, 1187, 1, 4, 5
125.8, 1189, 1, 4, 5
125.8, 1191, 1, 4, 5
125.8, 1891, 2, 2, 5
125.8, 1896, 2, 2, 5
125.8, 1908, 2, 2, 5
125.9, 361, 0, 2, 5
125.9, 376, 0, 2, 5
125.9, 380, 0, 2, 5
125.9, 1050, 1, 3, 5
125.9, 1053, 1, 3, 5
125.9, 1066, 1, 3, 5
125.9, 1075, 1, 3, 5
125.9, 1079, 1, 3, 5
125.9, 1082, 1, 3, 5
125.9, 1103, 1, 3, 5
125.9, 1184, 1, 4, 5
125.9, 1474, 1, 2, 3
125.9, 1484, 1, 2, 3
125.9, 1895, 2, 2, 5
125.9, 1899, 2, 2, 5
125.9, 1900, 2, 2, 5
125.9, 1911, 2, 2, 5
126, 389, 0, 2, 5
126, 1045, 1, 3, 5
126, 1183, 1, 4, 5
126, 1883, 2, 2, 5
126, 1894, 2, 2, 5
126, 1914, 2, 2, 5
126.1, 358, 0, 2, 5
126.1, 385, 0, 2, 5
126.1, 1043, 1, 3, 5
126.1, 1064, 1, 3, 5
126.1, 1070, 1, 3, 5
126.1, 1078, 1, 3, 5
126.1, 1095, 1, 3, 5
126.1, 1519, 1, 1, 3
126.1, 1880, 2, 2, 5
126.1, 1907, 2, 2, 5
126.1, 2680, 3, 1, 5
126.1, 3017, 3, 2, 3
126.2, 362, 0, 2, 5
126.2, 1039, 1, 3, 5
126.2, 1042, 1, 3, 5
126.2, 1083, 1, 3, 5
126.2, 1878, 2, 2, 5
126.2, 1904, 2, 2, 5
126.2, 1906, 2, 2, 5
126.2, 1910, 2, 2, 5
126.2, 2826, 3, 1, 4
126.2, 3587, 4, 1, 4
126.3, 372, 0, 2, 5
126.3, 381, 0, 2, 5
126.3, 1100, 1, 3, 5
126.3, 1177, 1, 4, 5
126.3, 1178, 1, 4, 5
126.3, 1498, 1, 2, 3
126.3, 1887, 2, 2, 5
126.4, 1061, 1, 3, 5
126.4, 1889, 2, 2, 5
126.4, 3042, 3, 1, 3
126.5, 355, 0, 2, 5
126.5, 1109, 1, 3, 5
126.5, 1172, 1, 4, 5
126.5, 1897, 2, 2, 5
126.6, 1068, 1, 3, 5
126.6, 3578, 4, 1, 4
126.7, 1041, 1, 3, 5
126.7, 1062, 1, 3, 5
126.7, 1081, 1, 3, 5
126.7, 1107, 1, 3, 5
126.7, 1188, 1, 4, 5
126.8, 1180, 1, 4, 5
126.8, 1374, 1, 3, 3
126.8, 2666, 3, 2, 5
126.9, 1063, 1, 3, 5
127, 386, 0, 2, 5
127, 1124, 1, 2, 5
127, 1179, 1, 4, 5
127, 1190, 1, 4, 5
127, 1192, 1, 4, 5
127, 1892, 2, 2, 5
127.1, 427, 0, 4, 5
127.1, 3000, 3, 2, 3
127.2, 360, 0, 2, 5
127.2, 1125, 1, 2, 5
127.2, 1141, 1, 2, 5
127.2, 1170, 1, 1, 5
127.2, 1287, 1, 1, 4
127.2, 2827, 3, 1, 4
127.2, 3008, 3, 2, 3
127.3, 357, 0, 2, 5
127.3, 1115, 1, 2, 5
127.3, 1127, 1, 2, 5
127.3, 1143, 1, 2, 5
127.3, 3020, 3, 2, 3
127.4, 1051, 1, 3, 5
127.4, 1138, 1, 2, 5
127.5, 1135, 1, 2, 5
127.5, 1145, 1, 2, 5
127.5, 1153, 1, 2, 5
127.5, 1951, 2, 4, 5
127.6, 2645, 3, 2, 5
127.6, 2654, 3, 2, 5
127.7, 3307, 4, 1, 6
127.8, 1319, 1, 3, 3
127.8, 2668, 3, 2, 5
127.8, 2675, 3, 2, 5
127.9, 1286, 1, 1, 4
127.9, 2553, 3, 1, 6
128, 1116, 1, 2, 5
128, 1303, 1, 1, 4
128.1, 826, 1, 3, 6
128.1, 1186, 1, 4, 5
128.1, 1285, 1, 1, 4
128.1, 1296, 1, 1, 4
128.1, 2811, 3, 1, 4
128.1, 2821, 3, 1, 4
128.2, 1018, 1, 1, 6
128.2, 1114, 1, 2, 5
128.2, 1140, 1, 2, 5
128.2, 1174, 1, 4, 5
128.2, 2637, 3, 2, 5
128.3, 1182, 1, 4, 5
128.3, 3026, 3, 2, 3
128.4, 2651, 3, 2, 5
128.5, 1136, 1, 2, 5
128.5, 1147, 1, 2, 5
128.5, 1171, 1, 4, 5
128.5, 2660, 3, 2, 5
128.5, 2692, 3, 1, 5
128.6, 1151, 1, 2, 5
128.6, 1515, 1, 1, 3
128.6, 2659, 3, 2, 5
128.8, 2546, 3, 1, 6
128.9, 1149, 1, 2, 5
128.9, 2658, 3, 2, 5
129, 1150, 1, 2, 5
129, 1176, 1, 4, 5
129, 2649, 3, 2, 5
129.1, 1129, 1, 2, 5
129.1, 1173, 1, 4, 5
129.1, 1185, 1, 4, 5
129.1, 3021, 3, 2, 3
129.2, 1133, 1, 2, 5
129.2, 1175, 1, 4, 5
129.2, 1181, 1, 4, 5
129.2, 1187, 1, 4, 5
129.2, 1189, 1, 4, 5
129.2, 1191, 1, 4, 5
129.2, 2063, 2, 1, 4
129.2, 2655, 3, 2, 5
129.3, 835, 1, 3, 6
129.3, 1184, 1, 4, 5
129.3, 1292, 1, 1, 4
129.3, 1294, 1, 1, 4
129.3, 1304, 1, 1, 4
129.4, 1146, 1, 2, 5
129.4, 1183, 1, 4, 5
129.4, 1518, 1, 1, 3
129.5, 788, 1, 3, 6
129.5, 1113, 1, 3, 5
129.5, 1121, 1, 2, 5
129.5, 1126, 1, 2, 5
129.5, 1148, 1, 2, 5
129.5, 1152, 1, 2, 5
129.5, 1503, 1, 2, 3
129.5, 1510, 1, 1, 3
129.5, 2661, 3, 2, 5
129.6, 1290, 1, 1, 4
129.6, 2646, 3, 2, 5
129.7, 1118, 1, 2, 5
129.7, 1122, 1, 2, 5
129.7, 1177, 1, 4, 5
129.7, 1178, 1, 4, 5
129.7, 1289, 1, 1, 4
129.7, 1301, 1, 1, 4
129.7, 2636, 3, 2, 5
129.7, 2641, 3, 2, 5
129.7, 2642, 3, 2, 5
129.7, 2653, 3, 2, 5
129.7, 3028, 3, 2, 3
129.7, 3311, 4, 1, 6
129.8, 1295, 1, 1, 4
129.8, 1298, 1, 1, 4
129.8, 1299, 1, 1, 4
129.8, 1300, 1, 1, 4
129.8, 1507, 1, 2, 3
129.8, 3018, 3, 2, 3
129.9, 814, 1, 3, 6
129.9, 1123, 1, 2, 5
129.9, 1124, 1, 2, 5
129.9, 1172, 1, 4, 5
129.9, 1291, 1, 1, 4
129.9, 1293, 1, 1, 4
129.9, 1297, 1, 1, 4
130.1, 1125, 1, 2, 5
130.1, 1141, 1, 2, 5
130.1, 1188, 1, 4, 5
130.2, 1115, 1, 2, 5
130.2, 1127, 1, 2, 5
130.2, 1143, 1, 2, 5
130.2, 1180, 1, 4, 5
130.2, 1305, 1, 1, 4
130.2, 1497, 1, 2, 3
130.2, 3013, 3, 2, 3
130.3, 1138, 1, 2, 5
130.3, 1288, 1, 1, 4
130.3, 1306, 1, 1, 4
130.4, 1044, 1, 3, 5
130.4, 1105, 1, 3, 5
130.4, 1135, 1, 2, 5
130.4, 1145, 1, 2, 5
130.4, 1153, 1, 2, 5
130.4, 1179, 1, 4, 5
130.4, 1190, 1, 4, 5
130.4, 1192, 1, 4, 5
130.4, 2656, 3, 2, 5
130.4, 2683, 3, 1, 5
130.5, 1271, 1, 2, 4
130.5, 1302, 1, 1, 4
130.5, 1512, 1, 1, 3
130.6, 1069, 1, 3, 5
130.6, 1132, 1, 2, 5
130.6, 1144, 1, 2, 5
130.6, 1513, 1, 1, 3
130.6, 2650, 3, 2, 5
130.7, 1024, 1, 1, 6
130.7, 1036, 1, 3, 5
130.7, 1097, 1, 3, 5
130.7, 2647, 3, 2, 5
130.8, 956, 1, 3, 6
130.8, 1054, 1, 3, 5
130.9, 825, 1, 3, 6
130.9, 1084, 1, 3, 5
130.9, 1086, 1, 3, 5
130.9, 1116, 1, 2, 5
130.9, 1139, 1, 2, 5
130.9, 1486, 1, 2, 3
130.9, 1519, 1, 1, 3
130.9, 2639, 3, 2, 5
131, 1047, 1, 3, 5
131, 1067, 1, 3, 5
131, 1479, 1, 2, 3
131, 2819, 3, 1, 4
131.1, 1058, 1, 3, 5
131.1, 1080, 1, 3, 5
131.1, 1094, 1, 3, 5
131.1, 1099, 1, 3, 5
131.1, 1104, 1, 3, 5
131.1, 1114, 1, 2, 5
131.1, 1140, 1, 2, 5
131.1, 2674, 3, 2, 5
131.2, 1073, 1, 3, 5
131.2, 1077, 1, 3, 5
131.2, 1511, 1, 1, 3
131.2, 2669, 3, 2, 5
131.3, 1065, 1, 3, 5
131.3, 1090, 1, 3, 5
131.3, 1514, 1, 1, 3
131.4, 379, 0, 2, 5
131.4, 792, 1, 3, 6
131.4, 914, 1, 3, 6
131.4, 1055, 1, 3, 5
131.4, 1091, 1, 3, 5
131.4, 1111, 1, 3, 5
131.4, 1136, 1, 2, 5
131.4, 1147, 1, 2, 5
131.4, 1506, 1, 2, 3
131.4, 2657, 3, 2, 5
131.5, 1186, 1, 4, 5
131.6, 832, 1, 3, 6
131.6, 876, 1, 3, 6
131.6, 1048, 1, 3, 5
131.6, 1052, 1, 3, 5
131.6, 1057, 1, 3, 5
131.6, 1085, 1, 3, 5
131.6, 1174, 1, 4, 5
131.7, 1035, 1, 3, 5
131.7, 1038, 1, 3, 5
131.7, 1040, 1, 3, 5
131.7, 1056, 1, 3, 5
131.7, 1108, 1, 3, 5
131.7, 1151, 1, 2, 5
131.7, 1182, 1, 4, 5
131.7, 1500, 1, 2, 3
131.8, 1112, 1, 3, 5
131.8, 2671, 3, 2, 5
131.9, 852, 1, 3, 6
131.9, 951, 1, 3, 6
131.9, 1092, 1, 3, 5
131.9, 1110, 1, 3, 5
131.9, 1149, 1, 2, 5
131.9, 1150, 1, 2, 5
131.9, 1171, 1, 4, 5
132, 820, 1, 3, 6
132, 1033, 1, 3, 5
132, 1076, 1, 3, 5
132, 1087, 1, 3, 5
132, 1287, 1, 1, 4
132.1, 799, 1, 3, 6
132.1, 807, 1, 3, 6
132.1, 1049, 1, 3, 5
132.1, 2652, 3, 2, 5
132.2, 893, 1, 3, 6
132.2, 1079, 1, 3, 5
132.2, 1103, 1, 3, 5
132.2, 1342, 1, 3, 3
132.3, 1096, 1, 3, 5
132.3, 1146, 1, 2, 5
132.4, 1043, 1, 3, 5
132.4, 1064, 1, 3, 5
132.4, 1078, 1, 3, 5
132.4, 1088, 1, 3, 5
132.4, 1129, 1, 2, 5
132.4, 1176, 1, 4, 5
132.4, 1275, 1, 2, 4
132.4, 1792, 2, 1, 6
132.5, 1039, 1, 3, 5
132.5, 1173, 1, 4, 5
132.5, 1185, 1, 4, 5
132.5, 1442, 1, 3, 3
132.6, 1122, 1, 2, 5
132.6, 1175, 1, 4, 5
132.6, 1181, 1, 4, 5
132.6, 1187, 1, 4, 5
132.6, 1189, 1, 4, 5
132.6, 1191, 1, 4, 5
132.7, 862, 1, 3, 6
132.7, 902, 1, 3, 6
132.7, 1061, 1, 3, 5
132.7, 1133, 1, 2, 5
132.7, 1134, 1, 2, 5
132.7, 1184, 1, 4, 5
132.7, 1286, 1, 1, 4
132.8, 1183, 1, 4, 5
132.8, 1303, 1, 1, 4
132.8, 1501, 1, 2, 3
132.9, 1045, 1, 3, 5
132.9, 1126, 1, 2, 5
132.9, 1285, 1, 1, 4
132.9, 1296, 1, 1, 4
132.9, 1502, 1, 2, 3
133, 970, 1, 3, 6
133, 1125, 1, 2, 5
133, 1141, 1, 2, 5
133, 1347, 1, 3, 3
133.1, 1115, 1, 2, 5
133.1, 1127, 1, 2, 5
133.1, 1143, 1, 2, 5
133.1, 1177, 1, 4, 5
133.1, 1272, 1, 2, 4
133.1, 2053, 2, 1, 4
133.2, 941, 1, 3, 6
133.2, 1138, 1, 2, 5
133.2, 1178, 1, 4, 5
133.3, 257, 0, 1, 6
133.3, 1135, 1, 2, 5
133.3, 1145, 1, 2, 5
133.3, 1153, 1, 2, 5
133.3, 1172, 1, 4, 5
133.4, 1148, 1, 2, 5
133.4, 1281, 1, 2, 4
133.4, 1515, 1, 1, 3
133.5, 1124, 1, 2, 5
133.6, 1180, 1, 4, 5
133.7, 793, 1, 3, 6
133.7, 944, 1, 3, 6
133.7, 1121, 1, 2, 5
133.7, 1152, 1, 2, 5
133.8, 1029, 1, 1, 6
133.8, 1142, 1, 2, 5
133.8, 1179, 1, 4, 5
133.8, 1190, 1, 4, 5
133.8, 1780, 2, 1, 6
133.9, 810, 1, 3, 6
133.9, 1132, 1, 2, 5
133.9, 1497, 1, 2, 3
133.9, 2544, 3, 1, 6
134, 942, 1, 3, 6
134, 1140, 1, 2, 5
134.1, 1123, 1, 2, 5
134.1, 1292, 1, 1, 4
134.1, 1294, 1, 1, 4
134.1, 3795, 4, 1, 3
134.2, 364, 0, 2, 5
134.2, 1518, 1, 1, 3
134.3, 379, 0, 2, 5
134.3, 1136, 1, 2, 5
134.3, 1510, 1, 1, 3
134.4, 778, 1, 3, 6
134.4, 1147, 1, 2, 5
134.4, 1290, 1, 1, 4
134.4, 3449, 4, 1, 5
134.5, 378, 0, 2, 5
134.5, 1144, 1, 2, 5
134.5, 1289, 1, 1, 4
134.5, 1301, 1, 1, 4
134.5, 1304, 1, 1, 4
134.6, 811, 1, 3, 6
134.6, 1139, 1, 2, 5
134.6, 1151, 1, 2, 5
134.6, 1295, 1, 1, 4
134.6, 1298, 1, 1, 4
134.7, 368, 0, 2, 5
134.7, 1116, 1, 2, 5
134.7, 1291, 1, 1, 4
134.8, 389, 0, 2, 5
134.8, 1149, 1, 2, 5
134.8, 1150, 1, 2, 5
134.8, 1476, 1, 2, 3
134.8, 1885, 2, 2, 5
134.8, 1903, 2, 2, 5
134.9, 1114, 1, 2, 5
134.9, 1186, 1, 4, 5
135, 365, 0, 2, 5
135, 375, 0, 2, 5
135, 989, 1, 3, 6
135, 1130, 1, 2, 5
135, 1174, 1, 4, 5
135, 1890, 2, 2, 5
135.1, 372, 0, 2, 5
135.1, 373, 0, 2, 5
135.1, 374, 0, 2, 5
135.1, 877, 1, 3, 6
135.1, 918, 1, 3, 6
135.1, 1118, 1, 2, 5
135.1, 1182, 1, 4, 5
135.1, 1905, 2, 2, 5
135.1, 1910, 2, 2, 5
135.2, 383, 0, 2, 5
135.2, 1146, 1, 2, 5
135.3, 363, 0, 2, 5
135.3, 384, 0, 2, 5
135.3, 1129, 1, 2, 5
135.3, 1171, 1, 4, 5
135.3, 1512, 1, 1, 3
135.4, 819, 1, 3, 6
135.4, 1911, 2, 2, 5
135.5, 366, 0, 2, 5
135.5, 376, 0, 2, 5
135.5, 386, 0, 2, 5
135.5, 980, 1, 3, 6
135.5, 1122, 1, 2, 5
135.5, 1305, 1, 1, 4
135.5, 1784, 2, 1, 6
135.5, 1899, 2, 2, 5
135.5, 2808, 3, 1, 4
135.6, 1133, 1, 2, 5
135.6, 1134, 1, 2, 5
135.6, 1879, 2, 2, 5
135.6, 1894, 2, 2, 5
135.6, 1898, 2, 2, 5
135.7, 385, 0, 2, 5
135.7, 821, 1, 3, 6
135.7, 1884, 2, 2, 5
135.8, 381, 0, 2, 5
135.8, 388, 0, 2, 5
135.8, 1126, 1, 2, 5
135.8, 1893, 2, 2, 5
135.8, 1904, 2, 2, 5
135.9, 382, 0, 2, 5
135.9, 390, 0, 2, 5
135.9, 784, 1, 3, 6
135.9, 1119, 1, 2, 5
135.9, 1125, 1, 2, 5
135.9, 1141, 1, 2, 5
135.9, 1892, 2, 2, 5
136, 358, 0, 2, 5
136, 795, 1, 3, 6
136, 1115, 1, 2, 5
136, 1127, 1, 2, 5
136, 1128, 1, 2, 5
136, 1143, 1, 2, 5
136, 1187, 1, 4, 5
136, 1487, 1, 2, 3
136, 1908, 2, 2, 5
136.1, 1138, 1, 2, 5
136.1, 1184, 1, 4, 5
136.1, 1360, 1, 3, 3
136.1, 1876, 2, 2, 5
136.1, 1909, 2, 2, 5
136.2, 1120, 1, 2, 5
136.2, 1135, 1, 2, 5
136.2, 1145, 1, 2, 5
136.2, 1153, 1, 2, 5
136.2, 1175, 1, 4, 5
136.2, 1912, 2, 2, 5
136.2, 1914, 2, 2, 5
136.3, 270, 0, 1, 6
136.3, 355, 0, 2, 5
136.3, 1137, 1, 2, 5
136.3, 1148, 1, 2, 5
136.3, 1900, 2, 2, 5
136.4, 367, 0, 2, 5
136.4, 1124, 1, 2, 5
136.5, 357, 0, 2, 5
136.5, 940, 1, 3, 6
136.5, 1177, 1, 4, 5
136.5, 1887, 2, 2, 5
136.6, 1121, 1, 2, 5
136.6, 1152, 1, 2, 5
136.7, 360, 0, 2, 5
136.7, 833, 1, 3, 6
136.7, 1131, 1, 2, 5
136.7, 1142, 1, 2, 5
136.7, 1172, 1, 4, 5
136.7, 1183, 1, 4, 5
136.7, 1300, 1, 1, 4
136.7, 1315, 1, 3, 3
136.7, 1519, 1, 1, 3
136.8, 353, 0, 2, 5
136.8, 362, 0, 2, 5
136.8, 369, 0, 2, 5
136.8, 392, 0, 2, 5
136.8, 1132, 1, 2, 5
136.8, 1287, 1, 1, 4
136.9, 380, 0, 2, 5
136.9, 1140, 1, 2, 5
136.9, 1511, 1, 1, 3
136.9, 1886, 2, 2, 5
136.9, 2540, 3, 1, 6
137, 63, 0, 3, 6
137, 1097, 1, 3, 5
137, 1123, 1, 2, 5
137.1, 364, 0, 2, 5
137.1, 371, 0, 2, 5
137.2, 379, 0, 2, 5
137.2, 1136, 1, 2, 5
137.3, 1147, 1, 2, 5
137.3, 1297, 1, 1, 4
137.4, 378, 0, 2, 5
137.4, 1144, 1, 2, 5
137.4, 1293, 1, 1, 4
137.4, 1897, 2, 2, 5
137.5, 1139, 1, 2, 5
137.5, 1151, 1, 2, 5
137.5, 1286, 1, 1, 4
137.5, 1306, 1, 1, 4
137.6, 368, 0, 2, 5
137.6, 377, 0, 2, 5
137.6, 1116, 1, 2, 5
137.6, 1303, 1, 1, 4
137.6, 3576, 4, 1, 4
137.7, 389, 0, 2, 5
137.7, 1149, 1, 2, 5
137.7, 1150, 1, 2, 5
137.7, 1885, 2, 2, 5
137.7, 1889, 2, 2, 5
137.7, 1903, 2, 2, 5
137.8, 370, 0, 2, 5
137.8, 1114, 1, 2, 5
137.8, 1896, 2, 2, 5
137.8, 1901, 2, 2, 5
137.9, 365, 0, 2, 5
137.9, 375, 0, 2, 5
137.9, 848, 1, 3, 6
137.9, 1479, 1, 2, 3
137.9, 1890, 2, 2, 5
138, 372, 0, 2, 5
138, 373, 0, 2, 5
138, 374, 0, 2, 5
138, 387, 0, 2, 5
138, 880, 1, 3, 6
138, 1883, 2, 2, 5
138, 1905, 2, 2, 5
138, 1910, 2, 2, 5
138.1, 1118, 1, 2, 5
138.1, 1146, 1, 2, 5
138.1, 1895, 2, 2, 5
138.2, 363, 0, 2, 5
138.2, 383, 0, 2, 5
138.2, 384, 0, 2, 5
138.2, 1466, 1, 3, 3
138.2, 1882, 2, 2, 5
138.3, 1130, 1, 2, 5
138.3, 1186, 1, 4, 5
138.3, 1299, 1, 1, 4
138.3, 1877, 2, 2, 5
138.3, 1911, 2, 2, 5
138.4, 366, 0, 2, 5
138.4, 376, 0, 2, 5
138.4, 386, 0, 2, 5
138.4, 1122, 1, 2, 5
138.4, 1129, 1, 2, 5
138.4, 1881, 2, 2, 5
138.4, 1899, 2, 2, 5
138.5, 766, 1, 3, 6
138.5, 1133, 1, 2, 5
138.5, 1174, 1, 4, 5
138.5, 1879, 2, 2, 5
138.5, 1894, 2, 2, 5
138.5, 1898, 2, 2, 5
138.6, 1884, 2, 2, 5
138.6, 1906, 2, 2, 5
138.7, 381, 0, 2, 5
138.7, 388, 0, 2, 5
138.7, 1134, 1, 2, 5
138.7, 1313, 1, 3, 3
138.7, 1893, 2, 2, 5
138.7, 1904, 2, 2, 5
138.8, 361, 0, 2, 5
138.8, 385, 0, 2, 5
138.8, 1125, 1, 2, 5
138.8, 1126, 1, 2, 5
138.8, 1141, 1, 2, 5
138.8, 1296, 1, 1, 4
138.8, 1358, 1, 3, 3
138.8, 1891, 2, 2, 5
138.9, 358, 0, 2, 5
138.9, 382, 0, 2, 5
138.9, 1115, 1, 2, 5
138.9, 1117, 1, 2, 5
138.9, 1143, 1, 2, 5
138.9, 1880, 2, 2, 5
138.9, 1908, 2, 2, 5
139, 1138, 1, 2, 5
139, 1513, 1, 1, 3
139, 1876, 2, 2, 5
139, 1909, 2, 2, 5
139.1, 354, 0, 2, 5
139.1, 1135, 1, 2, 5
139.1, 1145, 1, 2, 5
139.1, 1153, 1, 2, 5
139.1, 1914, 2, 2, 5
139.2, 359, 0, 2, 5
139.3, 798, 1, 3, 6
139.3, 964, 1, 3, 6
139.4, 1878, 2, 2, 5
139.5, 526, 0, 1, 4
139.5, 1127, 1, 2, 5
139.5, 1892, 2, 2, 5
139.6, 390, 0, 2, 5
139.6, 1405, 1, 3, 3
139.6, 1507, 1, 2, 3
139.7, 1887, 2, 2, 5
139.9, 1913, 2, 2, 5
140, 364, 0, 2, 5
140.1, 1124, 1, 2, 5
140.1, 1140, 1, 2, 5
140.2, 836, 1, 3, 6
140.3, 379, 0, 2, 5
140.3, 543, 0, 1, 4
140.3, 1902, 2, 2, 5
140.4, 265, 0, 1, 6
140.4, 808, 1, 3, 6
140.5, 355, 0, 2, 5
140.6, 853, 1, 3, 6
140.6, 1150, 1, 2, 5
140.6, 1903, 2, 2, 5
140.6, 1912, 2, 2, 5
140.7, 380, 0, 2, 5
140.7, 1119, 1, 2, 5
140.9, 951, 1, 3, 6
140.9, 1136, 1, 2, 5
140.9, 1910, 2, 2, 5
141, 3441, 4, 1, 5
141.1, 924, 1, 3, 6
141.1, 1026, 1, 1, 6
141.2, 812, 1, 3, 6
141.2, 878, 1, 3, 6
141.3, 1022, 1, 1, 6
141.4, 824, 1, 3, 6
141.4, 3792, 4, 1, 3
141.5, 837, 1, 3, 6
141.7, 896, 1, 3, 6
141.9, 531, 0, 1, 4
142.1, 847, 1, 3, 6
142.1, 910, 1, 3, 6
142.5, 926, 1, 3, 6
142.7, 1911, 2, 2, 5
142.8, 958, 1, 3, 6
142.9, 922, 1, 3, 6
142.9, 1025, 1, 1, 6
143.1, 768, 1, 3, 6
143.2, 802, 1, 3, 6
143.7, 946, 1, 3, 6
143.8, 541, 0, 1, 4
144, 1428, 1, 3, 3
144.1, 2060, 2, 1, 4
144.1, 2066, 2, 1, 4
144.3, 839, 1, 3, 6
144.4, 1406, 1, 3, 3
144.6, 3444, 4, 1, 5
145.2, 786, 1, 3, 6
145.4, 855, 1, 3, 6
145.5, 262, 0, 1, 6
145.9, 917, 1, 3, 6
145.9, 2825, 3, 1, 4
145.9, 3798, 4, 1, 3
146.2, 3583, 4, 1, 4
146.4, 968, 1, 3, 6
146.4, 2814, 3, 1, 4
146.6, 3571, 4, 1, 4
146.7, 3437, 4, 1, 5
146.8, 1030, 1, 1, 6
147.6, 983, 1, 3, 6
147.7, 537, 0, 1, 4
148.1, 3452, 4, 1, 5
148.3, 3438, 4, 1, 5
148.8, 1028, 1, 1, 6
150.6, 2816, 3, 1, 4
150.9, 3312, 4, 1, 6
151.4, 906, 1, 3, 6
151.7, 269, 0, 1, 6
152.3, 261, 0, 1, 6
152.5, 1031, 1, 1, 6
152.8, 3034, 3, 1, 3
153, 3448, 4, 1, 5
153.8, 3445, 4, 1, 5
154.1, 2064, 2, 1, 4
154.5, 3035, 3, 1, 3
154.6, 267, 0, 1, 6
154.8, 2545, 3, 1, 6
155, 2065, 2, 1, 4
155.1, 3575, 4, 1, 4
155.5, 2046, 2, 1, 4
156, 258, 0, 1, 6
156, 524, 0, 1, 4
156.1, 3574, 4, 1, 4
156.2, 752, 0, 1, 3
156.4, 1789, 2, 1, 6
156.5, 3304, 4, 1, 6
157.6, 2277, 2, 1, 3
157.9, 2067, 2, 1, 4
158.7, 753, 0, 1, 3
158.8, 259, 0, 1, 6
159, 2050, 2, 1, 4
159.1, 2274, 2, 1, 3
161.4, 2678, 3, 1, 5
161.8, 3302, 4, 1, 6
161.9, 539, 0, 1, 4
162.4, 2275, 2, 1, 3
162.5, 3310, 4, 1, 6
162.8, 2057, 2, 1, 4
162.9, 533, 0, 1, 4
163.5, 544, 0, 1, 4
163.5, 2812, 3, 1, 4
163.8, 2279, 2, 1, 3
163.9, 2552, 3, 1, 6
164, 2548, 3, 1, 6
164.1, 2282, 2, 1, 3
164.3, 256, 0, 1, 6
164.5, 2061, 2, 1, 4
164.6, 3040, 3, 1, 3
164.7, 2813, 3, 1, 4
165.9, 751, 0, 1, 3
166.8, 1028, 1, 1, 6
167.6, 3796, 4, 1, 3
167.9, 394, 0, 1, 5
167.9, 2691, 3, 1, 5
168.1, 3439, 4, 1, 5
168.2, 1923, 2, 1, 5
168.7, 1931, 2, 1, 5
169, 404, 0, 1, 5
169, 538, 0, 1, 4
169.1, 756, 0, 1, 3
169.6, 1156, 1, 1, 5
169.8, 1922, 2, 1, 5
169.9, 3802, 4, 1, 3
170, 400, 0, 1, 5
170, 405, 0, 1, 5
170, 407, 0, 1, 5
170, 1161, 1, 1, 5
170, 2276, 2, 1, 3
170.2, 396, 0, 1, 5
170.2, 1165, 1, 1, 5
170.4, 3569, 4, 1, 4
170.6, 1517, 1, 1, 3
171, 3453, 4, 1, 5
171.2, 1915, 2, 1, 5
171.4, 1917, 2, 1, 5
171.5, 1166, 1, 1, 5
171.6, 540, 0, 1, 4
171.6, 1154, 1, 1, 5
171.6, 2543, 3, 1, 6
171.9, 1162, 1, 1, 5
172, 1924, 2, 1, 5
172.1, 1930, 2, 1, 5
172.5, 3577, 4, 1, 4
172.6, 1782, 2, 1, 6
173, 1920, 2, 1, 5
173, 3306, 4, 1, 6
173, 3587, 4, 1, 4
173.1, 1158, 1, 1, 5
173.9, 1159, 1, 1, 5
173.9, 1160, 1, 1, 5
173.9, 3043, 3, 1, 3
174.4, 757, 0, 1, 3
174.4, 1155, 1, 1, 5
174.4, 1163, 1, 1, 5
174.6, 1164, 1, 1, 5
174.7, 1926, 2, 1, 5
175, 403, 0, 1, 5
175, 406, 0, 1, 5
175, 2815, 3, 1, 4
175.2, 2685, 3, 1, 5
175.5, 1167, 1, 1, 5
175.9, 395, 0, 1, 5
176.2, 409, 0, 1, 5
176.3, 399, 0, 1, 5
176.4, 1928, 2, 1, 5
176.5, 3031, 3, 1, 3
176.9, 2684, 3, 1, 5
177.6, 758, 0, 1, 3
177.8, 1779, 2, 1, 6
178.8, 1169, 1, 1, 5
179.9, 1916, 2, 1, 5
180.2, 1929, 2, 1, 5
180.2, 2676, 3, 1, 5
180.2, 2823, 3, 1, 4
180.5, 2053, 2, 1, 4
180.6, 408, 0, 1, 5
180.7, 1029, 1, 1, 6
180.8, 271, 0, 1, 6
180.8, 1509, 1, 1, 3
181.1, 3305, 4, 1, 6
181.9, 2281, 2, 1, 3
182.7, 525, 0, 1, 4
182.8, 2689, 3, 1, 5
182.8, 3303, 4, 1, 6
183.1, 2683, 3, 1, 5
183.2, 1918, 2, 1, 5
183.4, 1927, 2, 1, 5
183.7, 270, 0, 1, 6
183.9, 397, 0, 1, 5
184.5, 3447, 4, 1, 5
184.9, 532, 0, 1, 4
184.9, 3036, 3, 1, 3
185, 543, 0, 1, 4
185.1, 263, 0, 1, 6
185.3, 393, 0, 1, 5
185.8, 1520, 1, 1, 3
185.9, 2550, 3, 1, 6
186.1, 755, 0, 1, 3
186.9, 3582, 4, 1, 4
187, 3314, 4, 1, 6
187.4, 1155, 1, 1, 5
187.9, 1161, 1, 1, 5
188.2, 2544, 3, 1, 6
188.6, 2688, 3, 1, 5
188.7, 1790, 2, 1, 6
188.7, 3450, 4, 1, 5
188.8, 2687, 3, 1, 5
188.9, 2059, 2, 1, 4
189.2, 1778, 2, 1, 6
189.5, 529, 0, 1, 4
190.1, 2056, 2, 1, 4
190.2, 2677, 3, 1, 5
190.3, 398, 0, 1, 5
190.3, 2810, 3, 1, 4
190.4, 1786, 2, 1, 6
190.9, 2918, 3, 3, 3
191.2, 1024, 1, 1, 6
191.7, 3307, 4, 1, 6
192, 1023, 1, 1, 6
192.1, 1925, 2, 1, 5
193.1, 754, 0, 1, 3
193.8, 528, 0, 1, 4
193.8, 2051, 2, 1, 4
194.6, 1783, 2, 1, 6
195.3, 3180, 4, 3, 6
195.5, 3573, 4, 1, 4
195.6, 1919, 2, 1, 5
195.7, 2821, 3, 1, 4
195.8, 2822, 3, 1, 4
196, 1921, 2, 1, 5
196.3, 1018, 1, 1, 6
196.7, 2049, 2, 1, 4
197.8, 1026, 1, 1, 6
198.1, 3589, 4, 1, 4
198.7, 2551, 3, 1, 6
198.7, 3041, 3, 1, 3
198.8, 264, 0, 1, 6
198.9, 1168, 1, 1, 5
199.2, 1248, 1, 3, 4
199.3, 1513, 1, 1, 3
199.4, 1017, 1, 1, 6
199.7, 748, 0, 1, 3
199.9, 257, 0, 1, 6
200.1, 2807, 3, 1, 4
200.3, 2278, 2, 1, 3
200.4, 3449, 4, 1, 5
200.7, 534, 0, 1, 4
200.7, 1304, 1, 1, 4
201.5, 1516, 1, 1, 3
201.6, 1788, 2, 1, 6
201.8, 2055, 2, 1, 4
202.1, 749, 0, 1, 3
202.3, 1262, 1, 3, 4
202.8, 401, 0, 1, 5
202.9, 1233, 1, 3, 4
203.2, 2549, 3, 1, 6
203.5, 3801, 4, 1, 3
203.6, 1511, 1, 1, 3
203.6, 3311, 4, 1, 6
203.7, 3043, 3, 1, 3
204, 3576, 4, 1, 4
205.1, 540, 0, 1, 4
205.2, 400, 0, 1, 5
205.7, 2280, 2, 1, 3
205.8, 265, 0, 1, 6
205.9, 2542, 3, 1, 6
206, 537, 0, 1, 4
206.1, 2820, 3, 1, 4
206.4, 1521, 1, 1, 3
206.4, 1780, 2, 1, 6
206.5, 266, 0, 1, 6
207.1, 1156, 1, 1, 5
207.4, 402, 0, 1, 5
208.2, 1789, 2, 1, 6
208.3, 1166, 1, 1, 5
208.7, 1302, 1, 1, 4
209.6, 3312, 4, 1, 6
209.9, 1032, 1, 1, 6
210.2, 3445, 4, 1, 5
210.4, 1221, 1, 3, 4
210.8, 1170, 1, 1, 5
210.8, 2060, 2, 1, 4
210.9, 2054, 2, 1, 4
211, 538, 0, 1, 4
211, 2272, 2, 1, 3
211.2, 1226, 1, 3, 4
211.3, 1164, 1, 1, 5
211.7, 2553, 3, 1, 6
212.1, 1022, 1, 1, 6
213.1, 1286, 1, 1, 4
213.6, 1167, 1, 1, 5
213.8, 1020, 1, 1, 6
213.8, 3793, 4, 1, 3
213.9, 2828, 3, 1, 4
214, 3300, 4, 1, 6
214, 3581, 4, 1, 4
214.3, 1781, 2, 1, 6
214.5, 525, 0, 1, 4
214.9, 2052, 2, 1, 4
215.3, 2058, 2, 1, 4
216, 3038, 3, 1, 3
217.4, 3577, 4, 1, 4
217.9, 759, 0, 1, 3
218.3, 2678, 3, 1, 5
218.5, 2826, 3, 1, 4
219.1, 3039, 3, 1, 3
219.1, 3584, 4, 1, 4
219.2, 2015, 2, 3, 4
219.5, 3794, 4, 1, 3
220.1, 2282, 2, 1, 3
220.2, 750, 0, 1, 3
220.6, 405, 0, 1, 5
220.8, 1031, 1, 1, 6
221, 1215, 1, 3, 4
221.5, 2062, 2, 1, 4
221.9, 2811, 3, 1, 4
221.9, 3037, 3, 1, 3
222.1, 395, 0, 1, 5
222.1, 1518, 1, 1, 3
222.1, 3588, 4, 1, 4
222.2, 1298, 1, 1, 4
222.2, 1930, 2, 1, 5
222.8, 2541, 3, 1, 6
222.9, 1915, 2, 1, 5
223.9, 1931, 2, 1, 5
224.7, 1917, 2, 1, 5
224.9, 1927, 2, 1, 5
225.2, 3443, 4, 1, 5
225.7, 1303, 1, 1, 4
225.8, 1169, 1, 1, 5
226.3, 545, 0, 1, 4
226.4, 1021, 1, 1, 6
226.4, 3440, 4, 1, 5
226.5, 396, 0, 1, 5
226.8, 3302, 4, 1, 6
226.9, 2065, 2, 1, 4
226.9, 3035, 3, 1, 3
227, 1306, 1, 1, 4
227.4, 527, 0, 1, 4
227.7, 2548, 3, 1, 6
228.5, 408, 0, 1, 5
228.6, 2817, 3, 1, 4
228.7, 3311, 4, 1, 6
229, 3437, 4, 1, 5
229.2, 2539, 3, 1, 6
229.6, 2808, 3, 1, 4
229.6, 3804, 4, 1, 3
230.5, 3452, 4, 1, 5
230.8, 1019, 1, 1, 6
230.9, 2815, 3, 1, 4
231.1, 3309, 4, 1, 6
231.1, 3698, 4, 3, 3
231.3, 3586, 4, 1, 4
231.4, 2692, 3, 1, 5
231.9, 2046, 2, 1, 4
233.3, 1295, 1, 1, 4
233.4, 1923, 2, 1, 5
234.1, 1162, 1, 1, 5
235.2, 404, 0, 1, 5
235.3, 258, 0, 1, 6
235.7, 268, 0, 1, 6
235.9, 3308, 4, 1, 6
236.7, 3036, 3, 1, 3
237.8, 1028, 1, 1, 6
237.9, 260, 0, 1, 6
237.9, 393, 0, 1, 5
238.3, 2809, 3, 1, 4
238.5, 1027, 1, 1, 6
238.9, 539, 0, 1, 4
239.1, 3304, 4, 1, 6
239.2, 542, 0, 1, 4
239.2, 3446, 4, 1, 5
239.9, 267, 0, 1, 6
240, 2821, 3, 1, 4
240.1, 3583, 4, 1, 4
240.8, 1305, 1, 1, 4
241, 1030, 1, 1, 6
241.1, 1926, 2, 1, 5
241.9, 3796, 4, 1, 3
242.7, 533, 0, 1, 4
243.2, 3569, 4, 1, 4
243.9, 752, 0, 1, 3
243.9, 2686, 3, 1, 5
244.2, 407, 0, 1, 5
244.9, 1229, 1, 3, 4
245.1, 535, 0, 1, 4
245.1, 2684, 3, 1, 5
246, 1161, 1, 1, 5
246.1, 1165, 1, 1, 5
246.4, 2276, 2, 1, 3
246.8, 1159, 1, 1, 5
246.9, 2279, 2, 1, 3
247.2, 2050, 2, 1, 4
247.7, 757, 0, 1, 3
247.7, 3031, 3, 1, 3
248.2, 3439, 4, 1, 5
249.2, 2827, 3, 1, 4
249.4, 1293, 1, 1, 4
249.4, 2550, 3, 1, 6
249.9, 2676, 3, 1, 5
250, 2066, 2, 1, 4
250.3, 1791, 2, 1, 6
250.5, 2546, 3, 1, 6
250.6, 2051, 2, 1, 4
250.8, 2812, 3, 1, 4
250.9, 1163, 1, 1, 5
251, 2825, 3, 1, 4
251.4, 2047, 2, 1, 4
251.7, 754, 0, 1, 3
251.9, 760, 0, 1, 3
252.1, 3438, 4, 1, 5
253.4, 758, 0, 1, 3
253.4, 2552, 3, 1, 6
253.8, 1287, 1, 1, 4
254.3, 2816, 3, 1, 4
255.1, 1778, 2, 1, 6
255.3, 1294, 1, 1, 4
255.7, 2554, 3, 1, 6
255.7, 3799, 4, 1, 3
256.3, 3041, 3, 1, 3
256.4, 3582, 4, 1, 4
256.9, 3037, 3, 1, 3
257.2, 3792, 4, 1, 3
257.3, 1792, 2, 1, 6
257.5, 1296, 1, 1, 4
257.6, 1790, 2, 1, 6
257.9, 2677, 3, 1, 5
258, 1301, 1, 1, 4
258.1, 3453, 4, 1, 5
258.3, 1167, 1, 1, 5
258.4, 264, 0, 1, 6
258.5, 3568, 4, 1, 4
258.7, 3448, 4, 1, 5
258.8, 3315, 4, 1, 6
258.9, 1509, 1, 1, 3
259, 2822, 3, 1, 4
259, 3303, 4, 1, 6
259.4, 1304, 1, 1, 4
259.7, 1514, 1, 1, 3
260.1, 1155, 1, 1, 5
260.2, 1025, 1, 1, 6
260.7, 3301, 4, 1, 6
261, 2273, 2, 1, 3
261.1, 401, 0, 1, 5
261.1, 2808, 3, 1, 4
261.5, 2271, 2, 1, 3
261.6, 1168, 1, 1, 5
261.7, 1928, 2, 1, 5
261.9, 1515, 1, 1, 3
262.1, 1782, 2, 1, 6
262.6, 1519, 1, 1, 3
262.6, 3574, 4, 1, 4
263.1, 3575, 4, 1, 4
263.7, 2683, 3, 1, 5
263.8, 2551, 3, 1, 6
263.8, 3800, 4, 1, 3
263.9, 3589, 4, 1, 4
264, 1922, 2, 1, 5
264.2, 3587, 4, 1, 4
264.6, 544, 0, 1, 4
264.8, 406, 0, 1, 5
265, 394, 0, 1, 5
266, 2685, 3, 1, 5
266.3, 529, 0, 1, 4
266.5, 400, 0, 1, 5
267.4, 2544, 3, 1, 6
268.3, 541, 0, 1, 4
268.6, 405, 0, 1, 5
268.9, 2545, 3, 1, 6
268.9, 3305, 4, 1, 6
269.1, 257, 0, 1, 6
269.7, 267, 0, 1, 6
269.9, 3314, 4, 1, 6
270.5, 1924, 2, 1, 5
270.8, 525, 0, 1, 4
271, 1299, 1, 1, 4
271.8, 2065, 2, 1, 4
272.2, 531, 0, 1, 4
272.3, 1031, 1, 1, 6
272.3, 1783, 2, 1, 6
272.4, 2280, 2, 1, 3
272.8, 1930, 2, 1, 5
273.2, 3441, 4, 1, 5
273.3, 1021, 1, 1, 6
273.3, 2542, 3, 1, 6
273.8, 1032, 1, 1, 6
274.3, 1513, 1, 1, 3
274.6, 2090, 2, 3, 3
274.7, 1024, 1, 1, 6
275.1, 2270, 2, 1, 3
275.4, 530, 0, 1, 4
275.5, 2691, 3, 1, 5
275.8, 2053, 2, 1, 4
276.1, 749, 0, 1, 3
276.1, 2820, 3, 1, 4
276.6, 259, 0, 1, 6
276.7, 3300, 4, 1, 6
276.8, 756, 0, 1, 3
276.8, 1518, 1, 1, 3
277.1, 2690, 3, 1, 5
277.2, 3310, 4, 1, 6
277.5, 270, 0, 1, 6
277.6, 2047, 2, 1, 4
277.7, 3571, 4, 1, 4
277.8, 1925, 2, 1, 5
277.9, 2055, 2, 1, 4
277.9, 3447, 4, 1, 5
278.9, 3581, 4, 1, 4
279.1, 262, 0, 1, 6
279.5, 1029, 1, 1, 6
279.9, 537, 0, 1, 4
280.7, 1788, 2, 1, 6
280.7, 3442, 4, 1, 5
281.3, 2814, 3, 1, 4
281.5, 408, 0, 1, 5
281.8, 256, 0, 1, 6
282, 3313, 4, 1, 6
282, 3799, 4, 1, 3
283.3, 2688, 3, 1, 5
284.2, 1927, 2, 1, 5
284.3, 1023, 1, 1, 6
284.3, 1780, 2, 1, 6
284.4, 1022, 1, 1, 6
285.3, 527, 0, 1, 4
285.3, 1784, 2, 1, 6
285.9, 545, 0, 1, 4
286.1, 1169, 1, 1, 5
286.3, 269, 0, 1, 6
286.3, 1779, 2, 1, 6
286.4, 3445, 4, 1, 5
287.2, 2692, 3, 1, 5
287.4, 543, 0, 1, 4
287.4, 1289, 1, 1, 4
288.5, 2490, 3, 3, 6
288.8, 1915, 2, 1, 5
289.1, 2050, 2, 1, 4
289.1, 2543, 3, 1, 6
290.8, 2676, 3, 1, 5
291.2, 402, 0, 1, 5
292, 754, 0, 1, 3
292.2, 1926, 2, 1, 5
292.4, 2541, 3, 1, 6
292.5, 2679, 3, 1, 5
292.6, 3797, 4, 1, 3
292.6, 3801, 4, 1, 3
292.7, 1030, 1, 1, 6
292.8, 751, 0, 1, 3
293.4, 2054, 2, 1, 4
293.6, 2059, 2, 1, 4
293.7, 3451, 4, 1, 5
294, 2813, 3, 1, 4
294.4, 1027, 1, 1, 6
294.8, 528, 0, 1, 4
295.6, 2274, 2, 1, 3
296.7, 2064, 2, 1, 4
296.9, 3301, 4, 1, 6
297.4, 2689, 3, 1, 5
297.6, 1018, 1, 1, 6
298, 1517, 1, 1, 3
298.1, 1297, 1, 1, 4
298.1, 3576, 4, 1, 4
298.3, 261, 0, 1, 6
298.3, 1017, 1, 1, 6
298.6, 2827, 3, 1, 4
298.8, 3043, 3, 1, 3
298.9, 2817, 3, 1, 4
299.1, 1285, 1, 1, 4
299.3, 409, 0, 1, 5
299.7, 3586, 4, 1, 4
301.3, 403, 0, 1, 5
301.4, 531, 0, 1, 4
301.4, 752, 0, 1, 3
301.6, 3450, 4, 1, 5
301.8, 1791, 2, 1, 6
301.8, 2691, 3, 1, 5
302, 2067, 2, 1, 4
303.1, 1923, 2, 1, 5
303.3, 1782, 2, 1, 6
303.9, 2540, 3, 1, 6
304, 3452, 4, 1, 5
304.7, 3580, 4, 1, 4
305.1, 3312, 4, 1, 6
305.1, 3587, 4, 1, 4
305.2, 3583, 4, 1, 4
305.3, 1792, 2, 1, 6
305.4, 542, 0, 1, 4
305.7, 3582, 4, 1, 4
306, 1164, 1, 1, 5
306, 1520, 1, 1, 3
306.1, 2807, 3, 1, 4
306.5, 758, 0, 1, 3
306.7, 1291, 1, 1, 4
307.3, 2539, 3, 1, 6
307.7, 3453, 4, 1, 5
307.8, 2680, 3, 1, 5
307.8, 3443, 4, 1, 5
308, 1170, 1, 1, 5
308.7, 2282, 2, 1, 3
308.7, 2828, 3, 1, 4
308.8, 3575, 4, 1, 4
309.2, 2060, 2, 1, 4
309.6, 3035, 3, 1, 3
310, 1789, 2, 1, 6
310.9, 265, 0, 1, 6
311.5, 1917, 2, 1, 5
311.9, 538, 0, 1, 4
311.9, 1948, 2, 4, 5
312.5, 2823, 3, 1, 4
312.9, 1292, 1, 1, 4
313, 2061, 2, 1, 4
313.2, 3314, 4, 1, 6
313.9, 3300, 4, 1, 6
314.8, 1916, 2, 1, 5
314.9, 3038, 3, 1, 3
315.1, 3034, 3, 1, 3
316.2, 258, 0, 1, 6
316.5, 3308, 4, 1, 6
316.6, 3036, 3, 1, 3
317.5, 1157, 1, 1, 5
318, 2057, 2, 1, 4
318.5, 759, 0, 1, 3
319.6, 1166, 1, 1, 5
319.7, 2683, 3, 1, 5
319.8, 1514, 1, 1, 3
320, 760, 0, 1, 3
320.2, 755, 0, 1, 3
320.4, 2811, 3, 1, 4
320.6, 534, 0, 1, 4
320.9, 3306, 4, 1, 6
321.1, 536, 0, 1, 4
321.8, 3039, 3, 1, 3
322.5, 2686, 3, 1, 5
322.6, 2546, 3, 1, 6
323.5, 2281, 2, 1, 3
323.9, 2049, 2, 1, 4
323.9, 3439, 4, 1, 5
324.3, 532, 0, 1, 4
324.4, 3802, 4, 1, 3
324.6, 1510, 1, 1, 3
324.9, 268, 0, 1, 6
324.9, 404, 0, 1, 5
324.9, 1305, 1, 1, 4
325.1, 3449, 4, 1, 5
325.1, 3572, 4, 1, 4
325.7, 3795, 4, 1, 3
325.8, 528, 0, 1, 4
326, 1154, 1, 1, 5
326.5, 400, 0, 1, 5
326.5, 748, 0, 1, 3
326.7, 3304, 4, 1, 6
326.8, 2826, 3, 1, 4
326.9, 1287, 1, 1, 4
327.2, 1163, 1, 1, 5
327.7, 2682, 3, 1, 5
327.8, 2063, 2, 1, 4
328, 2814, 3, 1, 4
328.1, 2056, 2, 1, 4
328.5, 1778, 2, 1, 6
328.5, 1931, 2, 1, 5
328.9, 3446, 4, 1, 5
329, 3588, 4, 1, 4
329.1, 3042, 3, 1, 3
329.3, 1783, 2, 1, 6
329.4, 1029, 1, 1, 6
329.7, 538, 0, 1, 4
329.9, 2278, 2, 1, 3
330, 535, 0, 1, 4
330, 2275, 2, 1, 3
330.4, 2276, 2, 1, 3
330.4, 3796, 4, 1, 3
330.8, 921, 1, 3, 6
330.8, 2818, 3, 1, 4
331.5, 2815, 3, 1, 4
331.6, 2824, 3, 1, 4
331.8, 1299, 1, 1, 4
331.9, 3792, 4, 1, 3
332.6, 267, 0, 1, 6
332.9, 3804, 4, 1, 3
333.4, 1521, 1, 1, 3
333.6, 3568, 4, 1, 4
333.8, 3569, 4, 1, 4
333.9, 271, 0, 1, 6
334.1, 3031, 3, 1, 3
334.3, 2821, 3, 1, 4
334.3, 3448, 4, 1, 5
334.5, 260, 0, 1, 6
334.5, 394, 0, 1, 5
334.7, 3577, 4, 1, 4
334.8, 1516, 1, 1, 3
335.2, 256, 0, 1, 6
335.4, 2062, 2, 1, 4
335.6, 2551, 3, 1, 6
335.7, 1167, 1, 1, 5
336.4, 525, 0, 1, 4
336.5, 2812, 3, 1, 4
336.5, 3438, 4, 1, 5
336.6, 1303, 1, 1, 4
336.6, 1513, 1, 1, 3
336.6, 3040, 3, 1, 3
337.4, 1165, 1, 1, 5
337.4, 1925, 2, 1, 5
337.6, 2820, 3, 1, 4
337.9, 263, 0, 1, 6
337.9, 1018, 1, 1, 6
338.2, 393, 0, 1, 5
338.6, 2550, 3, 1, 6
339.4, 2553, 3, 1, 6
339.6, 2280, 2, 1, 3
340, 1162, 1, 1, 5
340.3, 2687, 3, 1, 5
340.4, 1786, 2, 1, 6
340.7, 1290, 1, 1, 4
340.8, 3037, 3, 1, 3
341.1, 406, 0, 1, 5
341.1, 2691, 3, 1, 5
341.9, 2050, 2, 1, 4
342.7, 1924, 2, 1, 5
344, 756, 0, 1, 3
344.4, 2808, 3, 1, 4
344.6, 3581, 4, 1, 4
344.7, 2540, 3, 1, 6
345.7, 537, 0, 1, 4
345.9, 3447, 4, 1, 5
346, 1520, 1, 1, 3
346.4, 1781, 2, 1, 6
346.4, 2543, 3, 1, 6
347.1, 3574, 4, 1, 4
347.2, 530, 0, 1, 4
347.4, 2822, 3, 1, 4
347.8, 533, 0, 1, 4
347.9, 3444, 4, 1, 5
348.7, 3312, 4, 1, 6
349.2, 2064, 2, 1, 4
350.5, 753, 0, 1, 3
350.5, 1928, 2, 1, 5
350.7, 266, 0, 1, 6
350.7, 3440, 4, 1, 5
350.9, 2047, 2, 1, 4
351.2, 540, 0, 1, 4
352.1, 3302, 4, 1, 6
352.3, 1164, 1, 1, 5
352.3, 2541, 3, 1, 6
352.7, 3582, 4, 1, 4
353.1, 1019, 1, 1, 6
353.1, 1028, 1, 1, 6
353.1, 1161, 1, 1, 5
353.3, 1780, 2, 1, 6
353.3, 2065, 2, 1, 4
354.1, 1929, 2, 1, 5
354.4, 2046, 2, 1, 4
354.5, 1927, 2, 1, 5
354.8, 257, 0, 1, 6
354.8, 1785, 2, 1, 6
355.4, 1300, 1, 1, 4
355.4, 2816, 3, 1, 4
356.1, 2271, 2, 1, 3
356.6, 1919, 2, 1, 5
356.8, 1922, 2, 1, 5
356.9, 1158, 1, 1, 5
356.9, 2547, 3, 1, 6
357.4, 1915, 2, 1, 5
358.2, 3578, 4, 1, 4
358.7, 1930, 2, 1, 5
359, 1027, 1, 1, 6
359.1, 1155, 1, 1, 5
359.1, 1157, 1, 1, 5
359.2, 1301, 1, 1, 4
359.2, 2066, 2, 1, 4
359.5, 2544, 3, 1, 6
359.6, 1032, 1, 1, 6
359.9, 3452, 4, 1, 5
360, 539, 0, 1, 4
360.2, 396, 0, 1, 5
360.4, 2680, 3, 1, 5
360.7, 532, 0, 1, 4
360.8, 529, 0, 1, 4
361.3, 269, 0, 1, 6
361.4, 3573, 4, 1, 4
361.6, 1918, 2, 1, 5
362.2, 2810, 3, 1, 4
362.3, 2681, 3, 1, 5
362.8, 402, 0, 1, 5
363.5, 1790, 2, 1, 6
364, 2552, 3, 1, 6
364.4, 1302, 1, 1, 4
364.8, 1515, 1, 1, 3
365.1, 1787, 2, 1, 6
365.3, 1170, 1, 1, 5
365.5, 2692, 3, 1, 5
366.3, 2272, 2, 1, 3
366.3, 2685, 3, 1, 5
366.9, 526, 0, 1, 4
368, 3313, 4, 1, 6
368.2, 3798, 4, 1, 3
368.4, 757, 0, 1, 3
369, 1296, 1, 1, 4
369.2, 1294, 1, 1, 4
369.3, 749, 0, 1, 3
370.8, 1024, 1, 1, 6
370.9, 1792, 2, 1, 6
371.1, 2051, 2, 1, 4
371.3, 2684, 3, 1, 5
371.4, 1021, 1, 1, 6
371.4, 1778, 2, 1, 6
371.4, 3802, 4, 1, 3
372, 3584, 4, 1, 4
372.8, 750, 0, 1, 3
373, 1782, 2, 1, 6
373.7, 401, 0, 1, 5
373.9, 1512, 1, 1, 3
374.2, 752, 0, 1, 3
374.4, 3303, 4, 1, 6
374.6, 2825, 3, 1, 4
374.7, 2678, 3, 1, 5
375.4, 409, 0, 1, 5
375.5, 1023, 1, 1, 6
375.5, 1026, 1, 1, 6
375.8, 2055, 2, 1, 4
376.5, 2689, 3, 1, 5
376.6, 3309, 4, 1, 6
376.9, 2067, 2, 1, 4
377, 3032, 3, 1, 3
377.1, 3035, 3, 1, 3
377.6, 408, 0, 1, 5
377.7, 1791, 2, 1, 6
378.4, 1293, 1, 1, 4
378.6, 3589, 4, 1, 4
379.4, 3588, 4, 1, 4
379.8, 270, 0, 1, 6
379.9, 3443, 4, 1, 5
380.1, 2539, 3, 1, 6
380.5, 3796, 4, 1, 3
380.6, 2807, 3, 1, 4
380.8, 1521, 1, 1, 3
381, 1298, 1, 1, 4
381.4, 3445, 4, 1, 5
381.9, 3311, 4, 1, 6
382, 407, 0, 1, 5
382.8, 3041, 3, 1, 3
383.2, 1509, 1, 1, 3
383.4, 1154, 1, 1, 5
383.7, 3446, 4, 1, 5
383.8, 3793, 4, 1, 3
383.9, 3442, 4, 1, 5
384, 2811, 3, 1, 4
384, 2819, 3, 1, 4
384.9, 1789, 2, 1, 6
385.1, 2677, 3, 1, 5
385.3, 2279, 2, 1, 3
385.5, 3306, 4, 1, 6
385.7, 1160, 1, 1, 5
386, 2060, 2, 1, 4
386.2, 3305, 4, 1, 6
388.2, 1286, 1, 1, 4
388.7, 3577, 4, 1, 4
389, 2813, 3, 1, 4
389.3, 1289, 1, 1, 4
389.9, 399, 0, 1, 5
390.2, 261, 0, 1, 6
390.2, 1020, 1, 1, 6
390.3, 2350, 3, 3, 6
390.5, 1917, 2, 1, 5
390.5, 2054, 2, 1, 4
390.6, 260, 0, 1, 6
391.6, 2542, 3, 1, 6
392.4, 3576, 4, 1, 4
392.6, 531, 0, 1, 4
393, 3569, 4, 1, 4
393.2, 3575, 4, 1, 4
393.7, 1295, 1, 1, 4
394.1, 536, 0, 1, 4
394.6, 267, 0, 1, 6
394.9, 262, 0, 1, 6
394.9, 2059, 2, 1, 4
395, 754, 0, 1, 3
395.5, 1166, 1, 1, 5
396, 2823, 3, 1, 4
397.1, 2686, 3, 1, 5
397.2, 2276, 2, 1, 3
397.4, 1167, 1, 1, 5
397.4, 2553, 3, 1, 6
397.9, 3033, 3, 1, 3
398.7, 406, 0, 1, 5
399.2, 2048, 2, 1, 4
399.3, 2280, 2, 1, 3
399.6, 2820, 3, 1, 4
399.9, 2053, 2, 1, 4
400, 3449, 4, 1, 5
400.1, 2812, 3, 1, 4
401.4, 259, 0, 1, 6
401.6, 755, 0, 1, 3
401.9, 524, 0, 1, 4
402.5, 1030, 1, 1, 6
402.9, 1017, 1, 1, 6
403.1, 3301, 4, 1, 6
403.4, 271, 0, 1, 6
403.4, 1161, 1, 1, 5
403.7, 1292, 1, 1, 4
404.8, 2688, 3, 1, 5
404.9, 2815, 3, 1, 4
405.1, 2821, 3, 1, 4
405.2, 1779, 2, 1, 6
405.3, 1681, 2, 3, 6
406, 1159, 1, 1, 5
406, 1303, 1, 1, 4
406, 3441, 4, 1, 5
406.3, 268, 0, 1, 6
406.6, 3797, 4, 1, 3
406.8, 1930, 2, 1, 5
406.8, 1931, 2, 1, 5
406.9, 1028, 1, 1, 6
407.6, 3453, 4, 1, 5
407.7, 1029, 1, 1, 6
408.6, 2541, 3, 1, 6
408.7, 1169, 1, 1, 5
408.7, 1926, 2, 1, 5
408.8, 258, 0, 1, 6
408.9, 2679, 3, 1, 5
409.1, 3315, 4, 1, 6
409.3, 3300, 4, 1, 6
409.5, 2052, 2, 1, 4
410.1, 270, 0, 1, 6
410.9, 3802, 4, 1, 3
411.2, 1921, 2, 1, 5
411.4, 544, 0, 1, 4
411.5, 3437, 4, 1, 5
411.7, 1305, 1, 1, 4
412.1, 537, 0, 1, 4
412.5, 3304, 4, 1, 6
412.9, 1513, 1, 1, 3
413.1, 257, 0, 1, 6
413.3, 1780, 2, 1, 6
413.8, 3314, 4, 1, 6
414.1, 2273, 2, 1, 3
414.6, 395, 0, 1, 5
414.6, 2692, 3, 1, 5
414.8, 2281, 2, 1, 3
414.8, 2817, 3, 1, 4
415, 2549, 3, 1, 6
415.1, 3800, 4, 1, 3
415.2, 1018, 1, 1, 6
415.5, 3439, 4, 1, 5
415.6, 1299, 1, 1, 4
415.7, 400, 0, 1, 5
415.7, 2676, 3, 1, 5
416.1, 394, 0, 1, 5
416.7, 3801, 4, 1, 3
418.2, 2552, 3, 1, 6
418.2, 3043, 3, 1, 3
419.2, 525, 0, 1, 4
419.6, 748, 0, 1, 3
420.1, 760, 0, 1, 3
420.6, 2825, 3, 1, 4
421.1, 3572, 4, 1, 4
421.2, 1916, 2, 1, 5
421.3, 3039, 3, 1, 3
421.3, 3573, 4, 1, 4
421.7, 2065, 2, 1, 4
422.3, 409, 0, 1, 5
422.4, 1156, 1, 1, 5
422.5, 533, 0, 1, 4
422.5, 3450, 4, 1, 5
422.6, 529, 0, 1, 4
422.9, 1783, 2, 1, 6
423.3, 3309, 4, 1, 6
424.2, 1290, 1, 1, 4
424.2, 3040, 3, 1, 3
424.8, 1519, 1, 1, 3
424.8, 2809, 3, 1, 4
424.9, 1162, 1, 1, 5
425.5, 3438, 4, 1, 5
425.8, 2047, 2, 1, 4
425.8, 2063, 2, 1, 4
426.6, 753, 0, 1, 3
426.6, 1022, 1, 1, 6
426.7, 2282, 2, 1, 3
427, 2826, 3, 1, 4
427.2, 538, 0, 1, 4
427.3, 1025, 1, 1, 6
427.4, 2550, 3, 1, 6
427.5, 1019, 1, 1, 6
428.3, 402, 0, 1, 5
428.7, 2683, 3, 1, 5
429.4, 1520, 1, 1, 3
429.5, 266, 0, 1, 6
429.6, 2060, 2, 1, 4
429.6, 2816, 3, 1, 4
429.6, 3799, 4, 1, 3
430.2, 1020, 1, 1, 6
430.5, 1289, 1, 1, 4
430.5, 2543, 3, 1, 6
430.7, 759, 0, 1, 3
430.7, 3440, 4, 1, 5
430.8, 3792, 4, 1, 3
432.2, 1170, 1, 1, 5
432.6, 3582, 4, 1, 4
432.8, 2822, 3, 1, 4
433, 1791, 2, 1, 6
433.4, 3444, 4, 1, 5
433.5, 2280, 2, 1, 3
433.7, 1155, 1, 1, 5
433.7, 1300, 1, 1, 4
434, 1515, 1, 1, 3
434.2, 3448, 4, 1, 5
434.4, 2684, 3, 1, 5
434.8, 2051, 2, 1, 4
434.9, 3581, 4, 1, 4
435.9, 758, 0, 1, 3
436.7, 543, 0, 1, 4
437.5, 2689, 3, 1, 5
437.7, 1923, 2, 1, 5
438.3, 528, 0, 1, 4
438.7, 1516, 1, 1, 3
439.5, 3031, 3, 1, 3
439.7, 262, 0, 1, 6
439.8, 1752, 2, 3, 6
439.9, 2274, 2, 1, 3
440.1, 2271, 2, 1, 3
441, 1514, 1, 1, 3
441.2, 1291, 1, 1, 4
441.8, 1793, 2, 1, 6
442.8, 2828, 3, 1, 4
443.4, 2275, 2, 1, 3
443.4, 3587, 4, 1, 4
444.1, 1928, 2, 1, 5
444.1, 2548, 3, 1, 6
444.2, 2046, 2, 1, 4
444.2, 3576, 4, 1, 4
444.9, 537, 0, 1, 4
445.6, 2691, 3, 1, 5
446.1, 3583, 4, 1, 4
446.2, 1781, 2, 1, 6
446.2, 1790, 2, 1, 6
446.4, 3795, 4, 1, 3
446.5, 2827, 3, 1, 4
447.5, 531, 0, 1, 4
447.5, 1163, 1, 1, 5
447.8, 2551, 3, 1, 6
448.7, 1285, 1, 1, 4
448.8, 3302, 4, 1, 6
449.4, 1164, 1, 1, 5
449.7, 1023, 1, 1, 6
449.9, 3312, 4, 1, 6
450.5, 3034, 3, 1, 3
450.6, 2053, 2, 1, 4
451.1, 1301, 1, 1, 4
451.4, 1924, 2, 1, 5
451.5, 3450, 4, 1, 5
451.8, 3442, 4, 1, 5
452.1, 3307, 4, 1, 6
452.2, 1031, 1, 1, 6
452.6, 1019, 1, 1, 6
452.8, 1922, 2, 1, 5
453, 2061, 2, 1, 4
453.4, 2049, 2, 1, 4
453.5, 3798, 4, 1, 3
453.7, 1918, 2, 1, 5
453.8, 400, 0, 1, 5
454, 542, 0, 1, 4
454.3, 2047, 2, 1, 4
454.3, 2680, 3, 1, 5
454.3, 3314, 4, 1, 6
454.4, 2545, 3, 1, 6
454.4, 3568, 4, 1, 4
454.6, 2807, 3, 1, 4
454.7, 3569, 4, 1, 4
455.2, 1158, 1, 1, 5
455.7, 1522, 2, 3, 6
455.7, 3313, 4, 1, 6
455.8, 756, 0, 1, 3
455.9, 545, 0, 1, 4
456.4, 2542, 3, 1, 6
456.4, 2808, 3, 1, 4
456.7, 1297, 1, 1, 4
456.8, 2813, 3, 1, 4
457.6, 256, 0, 1, 6
457.9, 404, 0, 1, 5
458.3, 342, 0, 3, 5
459.2, 267, 0, 1, 6
459.2, 393, 0, 1, 5
459.6, 1167, 1, 1, 5
459.7, 2553, 3, 1, 6
459.9, 1915, 2, 1, 5
460.5, 3447, 4, 1, 5
460.7, 1512, 1, 1, 3
460.7, 3037, 3, 1, 3
461.2, 1917, 2, 1, 5
461.2, 3588, 4, 1, 4
461.9, 3796, 4, 1, 3
462.3, 2278, 2, 1, 3
462.3, 3577, 4, 1, 4
463, 2824, 3, 1, 4
463.3, 2540, 3, 1, 6
463.4, 3574, 4, 1, 4
463.6, 259, 0, 1, 6
463.8, 3036, 3, 1, 3
464.5, 3300, 4, 1, 6
465.5, 3445, 4, 1, 5
465.6, 137, 0, 3, 6
466.5, 2814, 3, 1, 4
466.8, 3041, 3, 1, 3
467.2, 1030, 1, 1, 6
467.5, 2677, 3, 1, 5
467.7, 1024, 1, 1, 6
468, 1303, 1, 1, 4
468.2, 268, 0, 1, 6
468.8, 1293, 1, 1, 4
468.8, 2546, 3, 1, 6
468.9, 261, 0, 1, 6
469.2, 1292, 1, 1, 4
469.7, 1287, 1, 1, 4
470, 403, 0, 1, 5
470.1, 2066, 2, 1, 4
470.4, 2821, 3, 1, 4
470.5, 3437, 4, 1, 5
470.6, 1783, 2, 1, 6
470.6, 2811, 3, 1, 4
471.1, 3309, 4, 1, 6
471.8, 409, 0, 1, 5
471.9, 3308, 4, 1, 6
472, 2539, 3, 1, 6
472.6, 1165, 1, 1, 5
473.2, 3035, 3, 1, 3
473.3, 1517, 1, 1, 3
474, 3315, 4, 1, 6
474.1, 1157, 1, 1, 5
474.8, 1780, 2, 1, 6
475.3, 1509, 1, 1, 3
475.4, 752, 0, 1, 3
475.4, 3301, 4, 1, 6
475.5, 2682, 3, 1, 5
476.2, 1288, 1, 1, 4
476.2, 3306, 4, 1, 6
476.4, 2541, 3, 1, 6
476.8, 405, 0, 1, 5
477.4, 1021, 1, 1, 6
477.5, 3587, 4, 1, 4
478.2, 2279, 2, 1, 3
478.5, 3571, 4, 1, 4
478.6, 760, 0, 1, 3
478.7, 401, 0, 1, 5
479.5, 2547, 3, 1, 6
479.6, 1778, 2, 1, 6
479.7, 535, 0, 1, 4
479.7, 1294, 1, 1, 4
480, 3440, 4, 1, 5
480.1, 1170, 1, 1, 5
480.7, 530, 0, 1, 4
480.7, 2687, 3, 1, 5
480.7, 3453, 4, 1, 5
481, 751, 0, 1, 3
481.2, 2685, 3, 1, 5
481.4, 2812, 3, 1, 4
481.7, 2692, 3, 1, 5
482.3, 2816, 3, 1, 4
484.1, 1286, 1, 1, 4
484.7, 2276, 2, 1, 3
484.8, 3452, 4, 1, 5
485.3, 1516, 1, 1, 3
485.3, 2064, 2, 1, 4
485.4, 263, 0, 1, 6
486, 1032, 1, 1, 6
486.3, 2067, 2, 1, 4
486.5, 2277, 2, 1, 3
487.1, 532, 0, 1, 4
487.3, 395, 0, 1, 5
487.3, 1300, 1, 1, 4
487.6, 3310, 4, 1, 6
488.2, 1792, 2, 1, 6
488.4, 1931, 2, 1, 5
488.5, 2048, 2, 1, 4
488.7, 3042, 3, 1, 3
489, 1305, 1, 1, 4
489.1, 1782, 2, 1, 6
489.3, 754, 0, 1, 3
489.4, 414, 0, 4, 5
489.5, 2552, 3, 1, 6
489.8, 1304, 1, 1, 4
489.9, 2553, 3, 1, 6
490, 758, 0, 1, 3
490.1, 1156, 1, 1, 5
490.4, 2815, 3, 1, 4
490.6, 2054, 2, 1, 4
490.6, 2543, 3, 1, 6
490.7, 399, 0, 1, 5
490.8, 3803, 4, 1, 3
491, 1513, 1, 1, 3
491.2, 544, 0, 1, 4
491.4, 1017, 1, 1, 6
491.5, 3033, 3, 1, 3
491.6, 2057, 2, 1, 4
492.2, 2270, 2, 1, 3
492.3, 260, 0, 1, 6
493.6, 1022, 1, 1, 6
493.8, 1521, 1, 1, 3
493.9, 1784, 2, 1, 6
494.2, 3792, 4, 1, 3
494.4, 1926, 2, 1, 5
495.3, 3443, 4, 1, 5
495.5, 3573, 4, 1, 4
495.5, 3583, 4, 1, 4
495.6, 527, 0, 1, 4
496.1, 2823, 3, 1, 4
496.2, 3589, 4, 1, 4
496.7, 1787, 2, 1, 6
497.6, 2051, 2, 1, 4
497.7, 258, 0, 1, 6
497.7, 1161, 1, 1, 5
497.7, 3575, 4, 1, 4
497.8, 2550, 3, 1, 6
498.3, 2683, 3, 1, 5
498.6, 2272, 2, 1, 3
498.7, 3311, 4, 1, 6
498.9, 1018, 1, 1, 6
499.2, 1295, 1, 1, 4
499.3, 2062, 2, 1, 4
499.3, 3032, 3, 1, 3
499.5, 3797, 4, 1, 3
499.6, 1791, 2, 1, 6
499.8, 1788, 2, 1, 6
