0, 0.0
0.1, 31.72928107273987
0.2, 93.03187029757618
0.3, -19.240685397662634
0.4, 84.7487945803816
0.5, -382.94621367228444
0.6, 14.839669595084075
0.7, 13.262044266841427
0.8, 150.31608765048318
0.9, 551.959784636426
1, 30.0228785862826
1.1, -549.0371522759219
1.2, -51.22793046128176
1.3, 60.98128881086733
1.4, -316.1530455718579
1.5, -136.2138475130996
1.6, 201.28001813622265
1.7, -428.7640567279872
1.8, 22.11325463333313
1.9, -164.51278657470675
2, -369.11664023940745
2.1, 140.41319000259645
2.2, -616.8839192542771
2.3, -142.21742326147861
2.4, 5.631055292618504
2.5, 124.13676263346058
2.6, 203.58438096019378
2.7, 371.90156029287397
2.8, -136.91281373229373
2.9, 129.6824887570694
3, 361.49947985433056
3.1, -555.5332292436187
3.2, -268.32876437680744
3.3, -9.781849190530934
3.4, -692.1422140625049
3.5, 400.653484670182
3.6, -515.8038100489762
3.7, 917.5520746085016
3.8, 477.9495227862429
3.9, -166.21518670387613
4, -517.182491115892
4.1, 143.67371977843047
4.2, -113.97420707467857
4.3, -22.71896134855041
4.4, 553.7875211241948
4.5, -525.5643441212976
4.6, -218.45661387547798
4.7, -485.66351385251346
4.8, 152.00250013144833
4.9, 537.2368927309246
5, -700.8656051064191
5.1, -228.24802858187093
5.2, 166.81762331910056
5.3, 406.07059241664047
5.4, -140.47858241455393
5.5, 822.0835230131403
5.6, -329.0831357686945
5.7, 237.95264977388422
5.8, -139.77386327062803
5.9, -5.764294302220598
6, -264.65373352012966
6.1, 537.5239403848514
6.2, 213.94900342676138
6.3, 151.12895165909052
6.4, -193.18245757418703
6.5, -100.76089092549789
6.6, 324.09789918998297
6.7, -155.45546965423566
6.8, 94.30181281602978
6.9, 31.645665938729188
7, 497.3686891119053
7.1, 104.7384630512808
7.2, -506.74985074703426
7.3, 96.07946078502928
7.4, -357.56417632994237
7.5, -664.7903163736801
7.6, 80.25198396230948
7.7, -125.68987170694515
7.8, -377.1864395533567
7.9, -281.96901968105396
8, 192.88699775391336
8.1, -315.16578966548957
8.2, -597.8429117924665
8.3, -552.5301402310236
8.4, -248.84546339383482
8.5, -90.22238913697325
8.6, 492.8768937556753
8.7, -224.41178975161375
8.8, 231.51720840510112
8.9, -40.483600306387146
9, 112.68195058500358
9.1, 181.28732201390554
9.2, -193.5785905773375
9.3, -466.31582403810717
9.4, -508.7156820603773
9.5, 159.35376709717158
9.6, -226.96968070105888
9.7, 504.5315803220496
9.8, 64.37579515356032
9.9, 340.23823322740947
10, -409.46059888083136
10.1, 1038.9752874209255
10.2, -433.8134197063443
10.3, -728.5839321464555
10.4, -325.96081065170773
10.5, -202.26579237016148
10.6, -360.96106869072923
10.7, 494.1890421307848
10.8, -624.4470986847092
10.9, 169.2470799017768
11, -49.57920221999249
11.1, -171.8666387746754
11.2, 176.3436873681408
11.3, 393.5288128650194
11.4, -225.57857211264368
11.5, 40.88783833933333
11.6, -491.6846345063388
11.7, -881.6539682945332
11.8, 529.1138536514942
11.9, 145.12070183687555
12, -193.1536827282433
12.1, 20.32243190579336
12.2, 33.19931372630927
12.3, 673.8488363188628
12.4, -92.4906386362234
12.5, 81.07684410992984
12.6, -39.26196770496955
12.7, -910.0103023318422
12.8, -404.9448083626453
12.9, -561.1627722850998
13, 414.4986879652217
13.1, -116.15839589645508
13.2, 532.5354554087111
13.3, 319.99939783684374
13.4, -8.058173925189443
13.5, -834.2938769681053
13.6, 522.7320901311975
13.7, 429.25113815673905
13.8, -333.40175405192304
13.9, -579.1088762087861
14, -362.3955860792632
14.1, -69.30948352308555
14.2, 231.69455158181577
14.3, 535.6353421171327
14.4, -114.5413273692431
14.5, -641.4587868187193
14.6, -20.325306289392007
14.7, -198.0564924298629
14.8, -72.08487694094075
14.9, 889.0423632100814
15, 94.62558420689899
15.1, 476.28881932163137
15.2, -683.5698531770963
15.3, 447.76788630648167
15.4, -629.589157698321
15.5, -306.4763735658099
15.6, 152.67483472307268
15.7, -12.207229571250467
15.8, -494.658224214076
15.9, -101.8946877077289
16, -562.2465231037555
16.1, -412.40310073875577
16.2, -27.672411068103152
16.3, -85.30236760935905
16.4, -178.05281502346102
16.5, 31.77145058664738
16.6, 53.439781013489245
16.7, -867.7283839690895
16.8, -70.59757731028071
16.9, -318.203044519577
17, -883.8948952997981
17.1, -86.07478222542622
17.2, -126.18723633013167
17.3, -876.6061283776044
17.4, -78.74646695319981
17.5, -187.37639059549187
17.6, -408.3903309438671
17.7, -517.6321370182189
17.8, -295.0523432401186
17.9, -67.23575769757208
18, 281.20170293627723
18.1, 341.24991139893785
18.2, -420.93472177755496
18.3, -673.0160577541891
18.4, 776.1641222457921
18.5, -819.6900789754981
18.6, -248.4393285288926
18.7, -196.52597801779692
18.8, 212.55349821046408
18.9, -473.02451992909965
19, -63.05099647621785
19.1, -392.73335686564053
19.2, -608.9478241074498
19.3, 263.0693777858416
19.4, -476.75986036096583
19.5, -288.1730555631554
19.6, -576.9702803857364
19.7, -192.4746722707578
19.8, -266.7499105266015
19.9, -594.6960840042901
20, 377.4049092964123
20.1, 606.9765355696902
20.2, -233.13415647404915
20.3, -54.69929443274416
20.4, -793.2812985946498
20.5, -379.0161681896813
20.6, -413.00254551577507
20.7, -890.3112272749472
20.8, 329.34005427925086
20.9, -645.638937072201
21, -774.4664696480833
21.1, -624.1694382243354
21.2, -622.1471623580554
21.3, -602.511589152393
21.4, 511.21683089669904
21.5, -693.5816012560691
21.6, -125.60543518092443
21.7, -670.9018233410538
21.8, -595.089456153372
21.9, -224.10903102214917
22, 67.82831532397736
22.1, -397.0410130906508
22.2, -704.9975777117269
22.3, -889.7920119593344
22.4, 53.77087885296932
22.5, -770.9945690242602
22.6, -755.1672664539389
22.7, -542.22317199516
22.8, -627.7453178862944
22.9, -410.5847002928924
23, -689.8831873953382
23.1, -51.14614903741444
23.2, -103.38261480184589
23.3, -881.382220641771
23.4, -622.8229843129127
23.5, -795.5789176810079
23.6, -771.6242415053299
23.7, -684.3972737062535
23.8, -96.54620335521213
23.9, -641.9691465562264
24, -1052.9922997814033
24.1, -225.07129697970484
24.2, -687.8015342690819
24.3, 71.2805673082412
24.4, -56.852796779177204
24.5, 288.0564181640625
24.6, -900.2766276100726
24.7, -420.14115402377934
24.8, -345.3533672480669
24.9, -766.7721153778346
25, -1060.6500483625975
25.1, -953.1684907133978
25.2, -155.48748017671596
25.3, -82.8578907190982
25.4, -799.5471090436598
25.5, -372.1891030194412
25.6, -781.2868570135531
25.7, -766.5004956423664
25.8, -281.4192294803987
25.9, -1084.3237877828196
26, -863.7522127989656
26.1, -700.1044961355136
26.2, -878.2636258012044
26.3, -911.5279660108645
26.4, -225.98684373109577
26.5, -637.2097178812712
26.6, -707.8502221969975
26.7, -1010.9782088190597
26.8, -966.6801808122797
26.9, -206.1489398469608
27, -836.2425662604987
27.1, -693.275402164843
27.2, -696.2091610380031
27.3, -848.4725710700949
27.4, -764.6936848318512
27.5, -770.1064499993182
27.6, -447.86073424644314
27.7, -170.63968082517007
27.8, -1071.9021373179912
27.9, -754.7902088610869
28, -548.5766676749582
28.1, -711.9745488443176
28.2, -405.59022986964146
28.3, 110.09565848061834
28.4, -979.5919679442534
28.5, -109.87314057745951
28.6, -1188.615357406025
28.7, -747.1444266209244
28.8, -1181.4814213509974
28.9, -204.20145749770964
29, -794.4369100728605
29.1, -651.5095705387638
29.2, -318.01967416064474
29.3, -1121.748961516266
29.4, -299.0109832959335
29.5, -1092.4757773206052
29.6, -186.38640231733768
29.7, -311.95423928431734
29.8, -1383.5916676536376
29.9, -387.7535138263164
30, -731.9561525618343
30.1, -354.6906814334654
30.2, -625.589848514091
30.3, -534.7717225602105
30.4, -245.4302721856131
30.5, -920.8073981173102
30.6, -698.7664131299142
30.7, -1168.410680258371
30.8, -1446.4776028548342
30.9, -848.4490329052342
31, -236.73938129496807
31.1, -166.6666017763763
31.2, -1148.6041390224163
31.3, -1093.2489248560787
31.4, -359.34907646232455
31.5, -832.0773667485483
31.6, -1289.9597034909395
31.7, -640.9657321747014
31.8, -899.4830482681808
31.9, -1160.4037536468468
32, -1032.6166901126824
32.1, -637.7960575389618
32.2, -1000.3628579092306
32.3, -899.055086691715
32.4, -962.0909647414425
32.5, -472.9946664847824
32.6, -1278.2400208248444
32.7, -793.4074064874333
32.8, -596.6572959018065
32.9, -848.5192389172618
33, -335.35166311973126
33.1, -982.7467118904382
33.2, -917.8779867690326
33.3, -1234.731044601205
33.4, -932.0950403708987
33.5, -222.7975035489074
33.6, -1532.3335194624804
33.7, -754.8541144969696
33.8, -1734.6836129966043
33.9, -743.6563378137092
34, -796.6479338713732
34.1, -1072.8832438645834
34.2, -1033.5378103412017
34.3, -654.1212801913013
34.4, -714.5769276453452
34.5, -1076.4741020749473
34.6, -1300.2078621555795
34.7, -1187.482155067839
34.8, -1308.1515975645257
34.9, -674.8617661091426
35, -511.59260650297574
35.1, -1095.412445521218
35.2, -2122.338910738443
35.3, -1125.4642087455286
35.4, -1408.1059205560705
35.5, -562.9909011144309
35.6, -563.2642275800458
35.7, -1436.3804617265137
35.8, -982.8013625666326
35.9, -646.4868896448847
36, -376.69501223373084
36.1, -974.6823723146335
36.2, -642.0639994873461
36.3, -1517.14433439971
36.4, -1642.6688627910567
36.5, -791.5201296697434
36.6, -1096.7283486656656
36.7, -1115.1393022748916
36.8, -775.4364733242334
36.9, -822.0054920600012
37, -1011.3893677939499
37.1, -1026.4821503240196
37.2, -870.7577575924348
37.3, -1248.227672111168
37.4, -1224.8297469914196
37.5, -806.6506785282545
37.6, -1035.2497006981048
37.7, -1093.7047849108687
37.8, -675.0923923672196
37.9, -727.9258887328308
38, -680.9765565216513
38.1, -872.0994670133708
38.2, -1138.8340814787623
38.3, -722.205127740859
38.4, -1403.1827400282075
38.5, -757.5305734345512
38.6, -741.8439673350235
38.7, -626.3525499044736
38.8, -405.13723474378884
38.9, -1680.5094408446719
39, -591.392032153345
39.1, -1038.5426510181612
39.2, -1706.908186048838
39.3, -208.90387240443116
39.4, -953.5470308073166
39.5, -1070.0903025447817
39.6, -1145.277179240753
39.7, -809.2281539765128
39.8, -800.2867625492626
39.9, -458.4581405622165
40, -584.9662036841701
40.1, -1038.4379590964018
40.2, -1150.8749281511207
40.3, -992.8368686132824
40.4, -1535.8652719634958
40.5, -341.39394430760564
40.6, -1239.7583568341918
40.7, -886.76718957013
40.8, -422.53466156094066
40.9, -1364.7693494046457
41, -1401.9032907240667
41.1, -424.7328692832764
41.2, -399.06565400385455
41.3, -1491.146770622305
41.4, -811.0497888491183
41.5, -398.87053844791535
41.6, -486.1036927528189
41.7, -1440.7159857416782
41.8, -725.0749617387403
41.9, -1280.5323649594798
42, -736.074430761814
42.1, -1081.813751306245
42.2, -1358.1712892407688
42.3, -650.0123862224165
42.4, -1280.496421292014
42.5, -496.0095479120626
42.6, -8.667449185557611
42.7, -956.6157389039205
42.8, -766.5621055837196
42.9, -429.7322021912979
43, -1342.0713823901053
43.1, -1735.226143885182
43.2, -495.74057223167046
43.3, -1049.7490431013302
43.4, -488.4828444247425
43.5, -786.5504366379027
43.6, -1099.793726392208
43.7, -912.1221977577225
43.8, -789.2788370879491
43.9, -738.3065486116308
44, -527.5801786514274
44.1, -566.4723205310972
44.2, -1231.0836766846176
44.3, -508.12095919994886
44.4, -94.56057173752444
44.5, -530.9553779614083
44.6, -248.783843509215
44.7, -950.8804854891846
44.8, -1056.4449062587562
44.9, -944.6712447636328
45, -278.71331569087516
45.1, -528.8413254899102
45.2, -985.9940377624115
45.3, -599.9035666586627
45.4, -663.48909811804
45.5, -1017.5715965024114
45.6, -967.2041438725314
45.7, -1867.5946013701177
45.8, -1192.1784350784349
45.9, -916.9509637560365
46, -999.9858038287424
46.1, -1211.0526763313198
46.2, -1438.8623294213414
46.3, -694.2634925487476
46.4, -307.53338085106475
46.5, -624.0587580612257
46.6, -602.1260722599717
46.7, -811.0952728938145
46.8, -290.01952283302376
46.9, -746.7384680770699
47, -1013.3608592249861
47.1, -327.23010997707206
47.2, -606.7969701411373
47.3, -1375.0060314010127
47.4, -756.1764058000571
47.5, -1155.37290103781
47.6, -623.1491700064972
47.7, -1062.5272865239476
47.8, -1640.1474532257637
47.9, -875.6667618249188
48, -1005.3551059423703
48.1, -501.32554152495715
48.2, -1085.4258447591271
48.3, -404.2292367681083
48.4, -509.74734734055914
48.5, -705.3772649048963
48.6, -903.3075593776666
48.7, -248.31195858475218
48.8, -1383.9187636247275
48.9, -263.6492488668646
49, -166.00438880219508
49.1, 253.75247303692117
49.2, -1266.92614285547
49.3, -333.975140138534
49.4, -890.5652347821864
49.5, -649.4235403120451
49.6, -545.5605784592191
49.7, -423.2788499055646
49.8, -1724.481774881818
49.9, -640.6824327063832
50, -539.9491550095662
50.1, -1309.5369403983755
50.2, -758.8533919000485
50.3, -1233.3604848113973
50.4, -1216.5365676022004
50.5, -1282.8418121315487
50.6, -756.8699892186879
50.7, -1542.0127412014012
50.8, -195.0469863969769
50.9, -838.0293335043082
51, -75.92207034913181
51.1, -296.8718959026855
51.2, -80.24628394389536
51.3, -1263.473928232928
51.4, -282.2034544846928
51.5, -230.8731200685073
51.6, -1421.2469324112774
51.7, -1232.3627727538562
51.8, -261.7374279601629
51.9, -1346.8515755697442
52, -723.3632841539924
52.1, -661.5542386132055
52.2, -383.84474225193435
52.3, -870.3643551227129
52.4, -692.102539220295
52.5, -668.350998019083
52.6, -938.4255524898354
52.7, -895.5396576905362
52.8, -1064.788175005147
52.9, -243.89294830147807
53, -1209.6967252058992
53.1, -799.376116418947
53.2, -293.09587076419086
53.3, 209.61452055840275
53.4, 73.7914900667518
53.5, -496.2364189804871
53.6, -633.1279054252958
53.7, -898.2381053369782
53.8, -735.7247797395421
53.9, -1423.249092950276
54, -830.0788021697772
54.1, -485.8816500364934
54.2, -626.5217405326844
54.3, -382.23014528947584
54.4, -687.4653633642422
54.5, -1029.9390718949908
54.6, -627.2658242125241
54.7, -1119.193545596928
54.8, -259.59622140884204
54.9, -670.9408917550915
55, -951.451735004346
55.1, -970.7258775872465
55.2, -1332.956067124944
55.3, -1139.4579228822993
55.4, -863.7574973383291
55.5, -1065.3326020020284
55.6, -1265.672669576017
55.7, -1052.918623191231
55.8, -1780.4728481817085
55.9, -667.4020670009221
56, -163.78547195501204
56.1, -1035.5161808421735
56.2, -573.2295744913376
56.3, -619.4986043940877
56.4, -637.543492812686
56.5, -940.4829202950798
56.6, -751.92551124388
56.7, -679.6694901071288
56.8, -278.66213686950704
56.9, -604.5747804649345
57, -1257.192367923484
57.1, -461.0676578016264
57.2, -993.7922415321617
57.3, -615.2362723898352
57.4, -847.6371729513272
57.5, -597.8964444201681
57.6, -1451.909525482706
57.7, -1110.7748921850427
57.8, -1294.1983481435013
57.9, -562.8392209759131
58, -793.5589176740996
58.1, -253.61130748116577
58.2, -1438.4550122260357
58.3, -982.3297990982705
58.4, -460.8222373893672
58.5, -294.9867592033912
58.6, -982.0236220576352
58.7, -1119.5671230670443
58.8, -1705.3888906467046
58.9, -636.7212130574047
59, -842.5540406758768
59.1, 136.09977540023476
59.2, -650.8676328802704
59.3, -746.6883249042021
59.4, -1404.5314808203566
59.5, -313.40101247736277
59.6, -841.7221379617695
59.7, -265.45638217368696
59.8, -246.6455690973543
59.9, -537.7755124645571
60, -1119.381985812232
60.1, -885.0803307566918
60.2, -805.1979761566821
60.3, -217.24683555083865
60.4, -966.4804605036044
60.5, -947.827535222859
60.6, -325.1365853977072
60.7, -557.1998947508172
60.8, -627.9127604145364
60.9, -290.79545947380086
61, -269.9077516483894
61.1, -806.8927243357739
61.2, -522.938986734463
61.3, -303.4220694645013
61.4, -227.7708557452055
61.5, -575.3016600848579
61.6, -1254.0998289691845
61.7, -398.5360397473596
61.8, -624.9537597047241
61.9, -1707.4512320441088
62, -1221.6373586678392
62.1, -936.3393725195292
62.2, -489.1514149417704
62.3, -32.113488549732935
62.4, -233.9468005650913
62.5, -326.8480296030464
62.6, -967.0500082808067
62.7, -292.3550825944896
62.8, -245.8392815214886
62.9, -607.5252051025441
63, -602.3689061646519
63.1, 157.90627663481237
63.2, -304.83111897976147
63.3, -534.4057327082277
63.4, -752.9724063236189
63.5, -981.1168820508719
63.6, -1123.802528048149
63.7, -1186.4587391189198
63.8, -1204.1633029899663
63.9, -924.1025838817653
64, -1717.4969010549642
64.1, -1109.4303686850392
64.2, -957.4877564514732
64.3, -234.98654479127669
64.4, -741.698215192054
64.5, -442.2623145204189
64.6, -1200.4492645437974
64.7, -959.5318088538472
64.8, -602.4443762863561
64.9, -481.4661137049918
65, -685.2753348736658
65.1, -709.9132629009453
65.2, -487.18484970034586
65.3, -1007.8326533143645
65.4, -770.1183093179834
65.5, -1264.9097592422315
65.6, -1658.129589189843
65.7, -1032.8815042286537
65.8, -998.0800993267391
65.9, -1065.059153028124
66, -579.6449585538729
66.1, -1122.8044875299124
66.2, -1335.7875608215152
66.3, -632.2249661905253
66.4, -235.05380190608574
66.5, -961.7074089932981
66.6, -1229.7264563092263
66.7, -330.53069202188533
66.8, -146.64577811750507
66.9, -387.6781420119533
67, -1155.2418966109826
67.1, -730.047315148471
67.2, -374.6783444809448
67.3, -916.6600079348252
67.4, -508.6085553253063
67.5, -541.0212688814227
67.6, -436.2634758104558
67.7, -691.4949402255946
67.8, -442.499530360737
67.9, -1035.3540682574262
68, -682.1694999486027
68.1, -381.19365225061625
68.2, -629.1825154355838
68.3, -236.24423879325118
68.4, -635.2842108903805
68.5, -330.4624996541067
68.6, -275.7571435901842
68.7, -781.1272327648155
68.8, -789.6208725285951
68.9, -653.5755265828589
69, -1280.073668036073
69.1, -787.3871325455261
69.2, -53.33567548096465
69.3, -602.1514549636853
69.4, -1287.260064278304
69.5, -437.32393400317085
69.6, -304.1777373217221
69.7, -436.9881010691137
69.8, -335.4585545964313
69.9, -403.3892639832793
70, -795.2530873454684
70.1, -365.06493626643737
70.2, -951.8668615526592
70.3, -547.3067849811006
70.4, 315.79331736981806
70.5, -772.0801520634737
70.6, -995.6296737110368
70.7, -193.87718147731198
70.8, -595.1641337237699
70.9, -255.6495872923387
71, -840.5266793803313
71.1, -551.2771176653499
71.2, 137.64485050404375
71.3, -1510.7476073214066
71.4, -1176.6444694756585
71.5, -192.00310847397537
71.6, -649.7683666880963
71.7, -906.3714583156532
71.8, -755.5602296274697
71.9, -392.96654665395585
72, -860.6067896202385
72.1, -182.97848834638899
72.2, -63.51468060504588
72.3, -122.65078135146672
72.4, -753.641851729393
72.5, -811.4938362986477
72.6, -783.9565116135126
72.7, -786.9850664204752
72.8, -1067.8265745428253
72.9, -1239.9641049276804
73, -776.0103626342805
73.1, 204.76809504123483
73.2, -549.6765342504104
73.3, -559.2321571408016
73.4, -337.01839044175466
73.5, -1416.564198573455
73.6, -206.10292482631942
73.7, -353.1010865407175
73.8, 417.9799236405214
73.9, -562.0818171514788
74, -891.3745205604307
74.1, -549.2153615831492
74.2, -788.1376714385086
74.3, 287.10526201264537
74.4, 25.42791942309268
74.5, -65.62049073286528
74.6, -742.2459897893863
74.7, 23.987118354346222
74.8, -852.7965003414672
74.9, -591.6917093773004
75, -394.1193223264292
75.1, 26.510895892244754
75.2, -50.588961851751215
75.3, -607.6326070412836
75.4, -119.92946622638631
75.5, 62.88052730619592
75.6, -103.855578063209
75.7, -172.18151754470182
75.8, -636.0821070991103
75.9, -746.8675294538139
76, 230.06356578784295
76.1, -787.3858975426152
76.2, -285.96508379244926
76.3, -502.52532864445766
76.4, -11.545272373886302
76.5, -953.9498775843166
76.6, -429.9493017849791
76.7, -650.5077949178859
76.8, -260.5066239320586
76.9, -805.3779066055466
77, -76.73841860939827
77.1, -846.3966789240246
77.2, -518.284965039192
77.3, -324.2698317934992
77.4, 308.25495451615836
77.5, 56.147354359226895
77.6, -490.074147069803
77.7, -960.08431879781
77.8, -1198.581687522361
77.9, -661.2710303924781
78, -830.096210077327
78.1, -223.31744001630517
78.2, -420.78833969771733
78.3, -299.65374410707045
78.4, -671.8386734827195
78.5, -676.7217099446106
78.6, -1257.0011744352819
78.7, -176.60674809879296
78.8, -443.05812891701254
78.9, -975.3995588568035
79, -363.7393004515558
79.1, -563.6727592023137
79.2, -113.99284544172471
79.3, 40.799328863409734
79.4, -246.56990492183354
79.5, 261.9174842234016
79.6, -562.4447934003728
79.7, -750.7726010007415
79.8, -300.72188701471225
79.9, -877.7847350750094
80, -681.977699963656
80.1, -608.1369739989585
80.2, -182.49016840557317
80.3, -580.7120890083102
80.4, -58.63467637287115
80.5, -967.4355553574608
80.6, -668.6274400044324
80.7, -420.1739441374285
80.8, -315.70991518671815
80.9, -980.0135952488856
81, -382.9126089426879
81.1, -149.1368446793956
81.2, -160.5035301577039
81.3, -1075.592041112597
81.4, -872.7194408441806
81.5, -597.9103814892403
81.6, -507.34740738787286
81.7, -903.254560755298
81.8, 113.71356422987058
81.9, -203.63160868531523
82, -543.9709148078026
82.1, -199.79359075547904
82.2, -768.6540699903524
82.3, 133.69517618661757
82.4, -576.478403652523
82.5, -201.38512135863195
82.6, -1085.96788625883
82.7, 219.93258691621338
82.8, -1030.9248419116132
82.9, -511.1501775360902
83, -609.5951831588912
83.1, -509.4423585926749
83.2, -967.3092510371255
83.3, -336.62164745814647
83.4, -657.9696796628954
83.5, -1025.4533931366345
83.6, -397.75443872741704
83.7, -366.3582976289229
83.8, -847.1857686909243
83.9, -78.55888426040363
84, -1150.7186933919395
84.1, -1080.4659940357958
84.2, -183.71247585319068
84.3, -767.5014206364426
84.4, -700.2916838725743
84.5, -867.7860632069078
84.6, -349.51155334849864
84.7, -199.84952602194159
84.8, -698.2711045763655
84.9, -1052.5780437938047
85, -118.75418227998532
85.1, -423.23242855255495
85.2, -143.82248051156404
85.3, -884.4117227100269
85.4, -332.9079859626638
85.5, -177.32741357012898
85.6, -70.8941962363628
85.7, -342.55918033223037
85.8, -666.9853198411049
85.9, -582.6149342682706
86, -690.7668236850708
86.1, -316.94225134847784
86.2, -657.2084542766136
86.3, -730.0664625344826
86.4, -1108.358033566837
86.5, -1278.918381324001
86.6, -487.5518286136755
86.7, -939.9707342313277
86.8, 543.6338536121191
86.9, -28.03557784714534
87, -891.2009611263405
87.1, -696.976801027534
87.2, -707.7032350980353
87.3, -922.9333816958314
87.4, -389.7439463294615
87.5, -525.2971369128155
87.6, -866.1827373850563
87.7, -765.7561571675814
87.8, -149.45866949208806
87.9, 161.43247402987657
88, -1202.8612393479361
88.1, -587.4414894399844
88.2, -318.7174734553187
88.3, -866.9586652858882
88.4, -225.8894990042428
88.5, -718.7131658795577
88.6, -351.6982423406389
88.7, -646.8913768902416
88.8, -511.39123396582465
88.9, -393.6403691400741
89, -723.4178099548651
89.1, -294.34228130231753
89.2, -379.318393812377
89.3, -215.91283166394751
89.4, -285.4725255307371
89.5, -381.96280727804066
89.6, -16.119740162875715
89.7, -382.0609541707933
89.8, -281.9017413704135
89.9, 0.5051687426781077
90, -342.188541041387
90.1, 277.49923755774176
90.2, -356.8241859445286
90.3, -570.0522918393995
90.4, -163.99687881956112
90.5, -1296.407098510313
90.6, 75.92093133241296
90.7, -167.17628874011618
90.8, -1693.1860311468563
90.9, -434.29539974635657
91, -494.6900650532748
91.1, -611.9346761633284
91.2, 71.40915404347771
91.3, -601.7509817026147
91.4, -786.7137900084405
91.5, -590.188698457729
91.6, -584.5116803049555
91.7, -320.99781460681436
91.8, -1063.3975542790527
91.9, -492.78593436972795
92, -1277.581056874313
92.1, -394.88461487481885
92.2, -460.5515740047963
92.3, -509.413471798183
92.4, -261.0490146357524
92.5, -879.9585703632049
92.6, -836.7263348004278
92.7, -257.0498209934731
92.8, -861.9642061355721
92.9, -320.6406163907351
93, -883.420760294766
93.1, 128.37919361810714
93.2, -757.417344412786
93.3, -486.02034743662426
93.4, -1374.4696266248868
93.5, -842.4718665344147
93.6, -749.527597305541
93.7, -345.07264840534197
93.8, -319.004572223144
93.9, -334.1811915073791
94, -786.1448942034232
94.1, -236.65409226397966
94.2, -852.2922224827502
94.3, -189.57699414657446
94.4, -276.25728941845415
94.5, -930.1161516700545
94.6, 301.936879538881
94.7, -334.03100780743614
94.8, -592.2235612548793
94.9, -45.20535982655295
95, -489.13821358416754
95.1, -239.2518762553488
95.2, -607.4185136894301
95.3, 60.2605012827984
95.4, -312.36913105083397
95.5, -537.0311666857837
95.6, -510.0650536237515
95.7, -558.1306844006584
95.8, -46.99263356173555
95.9, -464.99150554573714
96, -688.0514397220627
96.1, -186.9764756340207
96.2, -105.1349412924211
96.3, -638.0475298652888
96.4, -485.21380818151414
96.5, -43.0279756835523
96.6, -122.1948476817288
96.7, 175.15573246787207
96.8, -264.46178410295795
96.9, -565.969925611512
97, -99.38695049027159
97.1, -360.1681500553657
97.2, -363.13858721457984
97.3, -360.61668050016743
97.4, -387.18029453708937
97.5, -346.4223918702281
97.6, -654.0494460736863
97.7, 366.4194942314869
97.8, -4.07087194242245
97.9, -1001.563782814766
98, 176.44478966577407
98.1, -14.969712453356314
98.2, -501.49193862590914
98.3, -428.82137763643
98.4, -132.0519073792263
98.5, 781.5341758434694
98.6, -643.0268015762115
98.7, -378.15197238268024
98.8, 235.97051085944895
98.9, -283.10136605057386
99, -861.3079253426662
99.1, 469.46060932909376
99.2, -61.25859996097529
99.3, 102.32071821976677
99.4, -132.81105253259716
99.5, -311.3597852737857
99.6, 126.15586032853045
99.7, 47.13227460483242
99.8, -72.51162858786182
99.9, -1019.4633632762863
100, -428.8724990175584
100.1, -341.1375711749315
100.2, -83.5042998145424
100.3, -394.43596216527186
100.4, -394.44532610861916
100.5, 262.0612146135816
100.6, 56.94775886021861
100.7, -427.2647187346729
100.8, 190.4911440788011
100.9, -978.6426815858792
101, 360.7172545392144
101.1, 262.5048933032202
101.2, 532.7695692013912
101.3, 136.45518590952508
101.4, 352.18290115240336
101.5, -659.610249070026
101.6, 307.13248497215613
101.7, 98.48900005270369
101.8, -122.80364792179022
101.9, 138.1513512378107
102, -218.4265527316394
102.1, -672.2749460828323
102.2, -213.06028516083748
102.3, 226.22540079233383
102.4, -278.05941955939466
102.5, 212.3049587561862
102.6, -45.64977646632655
102.7, -115.93933389104328
102.8, -0.06786280828329527
102.9, -607.8085444963631
103, -606.6348803991068
103.1, -83.44396147769238
103.2, 253.49668889696085
103.3, -675.9691460732432
103.4, -92.87505269933064
103.5, -353.8260978169877
103.6, -187.41610135418904
103.7, -939.1088974312054
103.8, -690.2382081060038
103.9, 6.322522252327138
104, -193.03256756399807
104.1, -294.7121197214535
104.2, -562.0552371611319
104.3, -104.26773154472464
104.4, -735.9141674763822
104.5, -1023.3778298807554
104.6, -307.275065527479
104.7, -854.7313524847978
104.8, -1046.5548407339734
104.9, -415.60377507346465
105, -787.5945543414606
105.1, -433.70824592434667
105.2, 75.88529922227522
105.3, -100.476005909869
105.4, 178.77260600346804
105.5, 167.39184196835748
105.6, -984.2390734137651
105.7, -1136.0771910700007
105.8, -287.2896041637363
105.9, -129.6769028372314
106, -225.90458626574886
106.1, 46.950836514992744
106.2, -141.43273887137195
106.3, -535.4415642888254
106.4, -617.3333392389168
106.5, -683.0940869952103
106.6, -817.2173637970817
106.7, 153.96774153515057
106.8, 201.6009046151046
106.9, -187.936521788366
107, 185.48392927805529
107.1, -430.1269638963098
107.2, 259.70500782973545
107.3, 203.45415605917046
107.4, -176.25596908740738
107.5, -62.0540661889578
107.6, -517.787813508128
107.7, -183.36778325002814
107.8, -226.0924068499248
107.9, -348.5614513357246
108, -555.797985941021
108.1, -291.2961020720753
108.2, -143.0542989672787
108.3, -760.6263993047893
108.4, -233.65567033784222
108.5, 327.7398605628097
108.6, -374.76178643814325
108.7, -171.33007736583787
108.8, 188.8219932363798
108.9, 468.2832946587409
109, -299.9199218878746
109.1, -888.4953623198281
109.2, -393.83430805808075
109.3, 72.03881960146461
109.4, -346.68727628432083
109.5, -479.8059758091129
109.6, 47.30158292378081
109.7, -280.3772461306634
109.8, -363.519978335339
109.9, -67.3961355909936
110, 338.32683803976363
110.1, -272.25635794474465
110.2, 111.57993517105771
110.3, 560.6812075462738
110.4, 389.885349674258
110.5, -492.6329293317414
110.6, 31.184468266018488
110.7, 342.37148231539896
110.8, -189.0274099540681
110.9, 54.62587404711144
111, 526.2484474825371
111.1, 626.4592674102282
111.2, 745.8806786818734
111.3, 626.2149260111056
111.4, 684.841120680462
111.5, 386.5452687458956
111.6, 242.27004218012314
111.7, 381.5096545817343
111.8, 286.026634717588
111.9, 205.620215198808
112, 640.5002141496047
112.1, 212.6430833315096
112.2, 256.43220102490454
112.3, 106.1663841880693
112.4, -61.253356572519905
112.5, -23.043653536144344
112.6, 410.43835903045834
112.7, 218.35224397737557
112.8, 566.836403357122
112.9, 377.03334388482637
113, 92.5475458246118
113.1, -112.11428501937544
113.2, 434.3611507257846
113.3, 338.3700480580644
113.4, -72.4296194224125
113.5, -306.5780448954902
113.6, -431.41421891130767
113.7, -3.9194194728488583
113.8, -241.52927299839146
113.9, -176.15429521912478
114, -44.44932844720421
114.1, 620.9075313010686
114.2, -78.11023042614791
114.3, 577.6076712312573
114.4, 31.989483325078986
114.5, 635.5765320600724
114.6, -136.74721047923705
114.7, -307.7112943139399
114.8, 371.397606669951
114.9, -155.5690019075966
115, -344.51293206062286
115.1, -336.5770357032477
115.2, 177.23494613568198
115.3, -157.86500851684244
115.4, -1135.1687735116418
115.5, -142.57585091132844
115.6, 46.20779061886161
115.7, -559.0832865845083
115.8, -932.4846680321325
115.9, -757.4529315942876
116, -316.43032818032276
116.1, -6.2519130607517015
116.2, -1027.16176747493
116.3, -953.8303323821209
116.4, -373.7780882112594
116.5, -1572.8232300675593
116.6, -686.2219002558923
116.7, -1159.7184350934156
116.8, -1349.1729211527945
116.9, -1621.614143529135
117, -1505.1834746530099
117.1, -1023.2893003020806
117.2, -1453.100230143661
117.3, -1468.44195016082
117.4, -578.6653226461705
117.5, -1712.8839790521238
117.6, -1306.5521354720113
117.7, -903.809936799276
117.8, -914.5207966998687
117.9, -2049.665422370046
118, -1621.572943158546
118.1, -2348.3833222143116
118.2, -1909.5365857609092
118.3, -1845.5697231308905
118.4, -1964.5783559359897
118.5, -1638.8247234070004
118.6, -1488.4710343503107
118.7, -1823.610818158092
118.8, -1003.6334265039791
118.9, -1810.0065786756786
119, -1856.9331627415897
119.1, -1878.9819153530848
119.2, -2017.3122037051037
119.3, -2060.2487914778585
119.4, -2432.837095344032
119.5, -2316.5628475422386
119.6, -1901.7738440286794
119.7, -2278.2521362129246
119.8, -1988.0864788006807
119.9, -1753.8972536027736
120, -1703.0510868526567
120.1, -2668.9458352305182
120.2, -2258.240214791788
120.3, -1845.1353507044826
120.4, -1620.792134196228
120.5, -2164.866993910567
120.6, -2249.872022917032
120.7, -2341.9570149373135
120.8, -2566.043367089457
120.9, -2796.19517047153
121, -2013.6304470263647
121.1, -2449.3282673042163
121.2, -2043.375520058172
121.3, -1634.7943656683697
121.4, -2230.611589926926
121.5, -2425.5062555818736
121.6, -1751.969868123515
121.7, -2007.9941769184843
121.8, -1862.8894137112886
121.9, -2008.4972201277415
122, -2206.8307128328424
122.1, -2631.1835139846394
122.2, -1950.7863084069625
122.3, -1953.994740886625
122.4, -2219.1063664968283
122.5, -1767.1357509318225
122.6, -1361.4708501523282
122.7, -1742.9804704502787
122.8, -1976.4656396147518
122.9, -1941.275017832049
123, -2217.1022792795225
123.1, -1814.9109932173633
123.2, -2448.5215080306443
123.3, -2479.6898667187843
123.4, -2386.3356553489766
123.5, -1785.120330725413
123.6, -1927.754643661814
123.7, -1842.929150997702
123.8, -2239.382943294951
123.9, -1525.5045204334563
124, -1821.0465454916152
124.1, -1782.7162036865138
124.2, -1781.3801229084106
124.3, -1938.4589721581967
124.4, -1314.8430520738862
124.5, -2068.767122374952
124.6, -1579.404210007011
124.7, -1422.2179632195455
124.8, -1666.9225052890306
124.9, -1768.8704231180236
125, -1826.362469126428
125.1, -1680.5982757155618
125.2, -1211.2104733458534
125.3, -2669.9699892448343
125.4, -1412.7674065874849
125.5, -1298.9923098420809
125.6, -2002.0397577856672
125.7, -2449.0342967965976
125.8, -1835.557875189099
125.9, -1826.7604752969248
126, -1942.058651162151
126.1, -1081.5508813711494
126.2, -2179.8570988700344
126.3, -1961.2523012197532
126.4, -1774.705294308251
126.5, -1003.9471437273136
126.6, -1839.9578655816401
126.7, -1549.7915391550794
126.8, -1447.1456151109905
126.9, -1305.749996790639
127, -930.6761588219939
127.1, -1754.406869485737
127.2, -1018.7960263961044
127.3, -1923.9413380727467
127.4, -1777.7328053006624
127.5, -1796.974252708548
127.6, -1640.257683568623
127.7, -1640.3248335823728
127.8, -1204.8565735153004
127.9, -1703.3403857773865
128, -1721.7829089635768
128.1, -1226.3189535220233
128.2, -142.19311325570908
128.3, -1325.9197163125914
128.4, -1927.3728423596751
128.5, -1316.9325885216117
128.6, -855.1215836105823
128.7, -752.2293820655102
128.8, -999.1897840485681
128.9, -864.3582525761262
129, -932.8406155720083
129.1, -1396.5682674054679
129.2, -1001.9369696046432
129.3, -1727.4407012278937
129.4, -487.7021711028098
129.5, -2163.945112258795
129.6, -541.7282140299445
129.7, -1103.135396009815
129.8, -1468.7800020820132
129.9, -1304.8320616827432
130, -1488.3380456787504
130.1, -1111.056906568836
130.2, -1556.2078803030536
130.3, -1279.3696704264842
130.4, -778.6646333202482
130.5, -1117.5072609000797
130.6, -425.7874841609272
130.7, -1090.9451879857427
130.8, -1290.3506372165925
130.9, -926.2547783816615
131, -1401.278161025841
131.1, -1651.3839344196317
131.2, -1561.9849705972135
131.3, -923.7649694730885
131.4, -1482.3704775666395
131.5, -1463.6477267620833
131.6, -1141.1407327939235
131.7, -1138.385389760546
131.8, -1573.7931620958077
131.9, -933.2528811555982
132, -988.6019517082786
132.1, -1512.9975902850117
132.2, -1336.2528272392574
132.3, -946.9232263299118
132.4, -231.21811994351387
132.5, -840.5736856963337
132.6, -1204.6263834265153
132.7, -963.067041757373
132.8, -1410.6862276145368
132.9, -560.2787153609321
133, -998.9022075973795
133.1, -801.0266310917635
133.2, -623.5904743150971
133.3, -573.8186319109706
133.4, -1352.9143033806888
133.5, -1089.398786079962
133.6, -331.3308738539443
133.7, -1049.1250651409894
133.8, -913.3316007512882
133.9, -54.6997384848351
134, -1072.3206694097992
134.1, -1008.5341710851392
134.2, -1231.9743733325995
134.3, -296.9250345777574
134.4, -1374.880918239937
134.5, -240.51934906816916
134.6, -492.08315076949356
134.7, -852.0097377090875
134.8, -164.00033328213928
134.9, -721.1460313852906
135, -172.90070333969652
135.1, -473.8564603996068
135.2, -516.8231957145144
135.3, -156.14589429252686
135.4, -1329.8121991917476
135.5, -630.348313919906
135.6, -111.26597853082276
135.7, -469.64037060316093
135.8, -746.6463240480842
135.9, 99.27287208304826
136, -683.1387522549954
136.1, -164.57948900021023
136.2, -874.1460101319232
136.3, -92.04017460843308
136.4, -52.58970948334747
136.5, -1062.324349390828
136.6, -500.67150346778806
136.7, -1001.9597570987812
136.8, 243.66696031723112
136.9, -226.95925557864444
137, -100.06436071720907
137.1, -282.35660008839153
137.2, 46.81698805380538
137.3, -242.68687045619467
137.4, 359.4098498229604
137.5, 338.7999322282858
137.6, 201.8345412592205
137.7, -308.391063739813
137.8, -496.3916652240846
137.9, 147.74736924533394
138, 478.63632735190197
138.1, 490.60310877366953
138.2, -332.424184590112
138.3, 169.65132931909494
138.4, -310.86898279836896
138.5, 286.9300484632201
138.6, -410.90531479208846
138.7, 582.331590860052
138.8, 25.799751705049196
138.9, 141.24026508064722
139, 88.31563328036313
139.1, 544.5063723807485
139.2, 337.47068538252887
139.3, -152.93220194035882
139.4, -409.83757979235236
139.5, 247.16835425447965
139.6, 528.9770976389232
139.7, 402.57776812487646
139.8, -255.53474141138165
139.9, -125.10012673964471
140, 678.559140354972
140.1, -5.578713121614285
140.2, 722.788899613978
140.3, 921.0582936395081
140.4, 380.43984723202925
140.5, 227.21733045151797
140.6, 444.4052775982453
140.7, 593.399544471249
140.8, 1286.428488731796
140.9, 712.3684856913603
141, 772.2205547869371
141.1, 663.2559792247945
141.2, 717.5012554466041
141.3, 790.6110981149637
141.4, 1802.748917656612
141.5, 823.3359980954951
141.6, 738.8681569797792
141.7, 1386.9373001735337
141.8, 1150.8241043680696
141.9, 1498.1736093879435
142, 1251.180642798927
142.1, 1735.884452145504
142.2, 1388.5615595084885
142.3, 2052.195924364426
142.4, 1011.8423038225287
142.5, 1637.3439761405832
142.6, 679.6957038880043
142.7, 723.8742343487077
142.8, 1940.4819297256433
142.9, 1666.0542266734378
143, 1110.341274457482
143.1, 1297.680150495699
143.2, 1539.2411127914147
143.3, 1463.0648076473715
143.4, 1562.9680235458113
143.5, 1180.7508374736938
143.6, 1270.2189506360917
143.7, 1848.2194643428222
143.8, 1841.534825211905
143.9, 1756.5615456894225
144, 2138.2759373997687
144.1, 1899.6689948652495
144.2, 1335.1450436994921
144.3, 1402.564138517625
144.4, 1477.6832519376737
144.5, 1335.109379274759
144.6, 1877.9675698037602
144.7, 1432.8605361986267
144.8, 1686.5184751371835
144.9, 1148.2314595578855
145, 1783.7843012474593
145.1, 2133.522116416034
145.2, 1221.368999474219
145.3, 580.2669432552918
145.4, 1541.9873337889048
145.5, 1558.676781839849
145.6, 1273.5867958960887
145.7, 1432.2154440739225
145.8, 1976.3061605103094
145.9, 1136.9477699463073
146, 64.21446298744073
146.1, 968.3410952087605
146.2, 937.300810625269
146.3, 479.09879728268726
146.4, 272.6126963237667
146.5, 408.4819438695115
146.6, 271.6492552713866
146.7, 653.8068985394699
146.8, -532.3792437277295
146.9, -80.166374788519
147, 69.69290967385056
147.1, -201.3992599183269
147.2, -938.6122697236278
147.3, -932.6032121015505
147.4, -1195.0611755083148
147.5, -1859.5041585203978
147.6, -1636.906335641818
147.7, -2032.6655248103218
147.8, -1646.6415689387713
147.9, -2106.7476655416954
148, -2266.3089197346844
148.1, -1767.284461936993
148.2, -3311.4510701913014
148.3, -2826.122384442503
148.4, -3215.5785139777627
148.5, -3260.890457062077
148.6, -3864.8397077897207
148.7, -3736.673685570176
148.8, -3277.800209981597
148.9, -3895.6414972554935
149, -4082.731795571105
149.1, -4309.294296226848
149.2, -4065.8769492288034
149.3, -4069.589862558573
149.4, -4435.6952131191365
149.5, -5100.45044025633
149.6, -5282.877127308353
149.7, -5534.129010768014
149.8, -5272.290882971522
149.9, -5747.0155609069525
150, -5903.385477189379
150.1, -6849.438262145505
150.2, -6689.676864315102
150.3, -7214.088457788764
150.4, -6633.494974828759
150.5, -7535.248492019083
150.6, -7485.429639480547
150.7, -7549.710937859607
150.8, -8134.263370381069
150.9, -7449.596457008768
151, -7354.401809458816
151.1, -7910.351384858238
151.2, -8800.788683835875
151.3, -8076.160696467794
151.4, -7740.676825559305
151.5, -8296.223272167017
151.6, -8216.030155019598
151.7, -8535.181592583862
151.8, -8628.308413001676
151.9, -8920.87417288592
152, -9417.746119086276
152.1, -9091.817950189099
152.2, -9675.451316988529
152.3, -9148.308088608996
152.4, -9479.605249753415
152.5, -9393.245364124889
152.6, -9509.31198635965
152.7, -9609.090199056523
152.8, -9767.581115382867
152.9, -9366.27473063012
153, -9514.625809692883
153.1, -9332.253985176896
153.2, -10760.881958055934
153.3, -10204.148282605734
153.4, -9346.251114029867
153.5, -9190.794812248832
153.6, -9726.201179686863
153.7, -10284.814998352922
153.8, -9587.089350200573
153.9, -8915.39726215001
154, -9682.367421934421
154.1, -9803.325747235835
154.2, -9197.836236480738
154.3, -9385.969196456044
154.4, -9260.980575962632
154.5, -9319.548722013067
154.6, -9751.736415328432
154.7, -9678.137995284194
154.8, -9649.619577616017
154.9, -8979.702193104522
155, -8941.80307680941
155.1, -9247.59309954257
155.2, -9403.25476457161
155.3, -9328.704543718755
155.4, -8890.546461933716
155.5, -8768.495366247284
155.6, -9140.146571193432
155.7, -9022.944084222201
155.8, -8856.821909519027
155.9, -8546.280266049736
156, -8177.726226539331
156.1, -8469.4848951141
156.2, -8433.14483423084
156.3, -8932.63526323498
156.4, -8829.487497360189
156.5, -8363.70993248559
156.6, -9052.702614796062
156.7, -8554.044944491883
156.8, -8995.045013206194
156.9, -8191.782446737553
157, -8390.988223850056
157.1, -8136.6967888198815
157.2, -7871.025206585735
157.3, -8301.344876019446
157.4, -8065.126523240761
157.5, -8003.793156519832
157.6, -7594.242309360069
157.7, -7999.647592520753
157.8, -8246.932192710497
157.9, -7889.641433210858
158, -7821.69847095466
158.1, -8160.036089944163
158.2, -7519.618062850182
158.3, -8061.260540554541
158.4, -7370.943211235224
158.5, -8015.543307719336
158.6, -7303.105597675568
158.7, -7272.272656563596
158.8, -8346.619187278082
158.9, -6908.3771001699915
159, -7576.827109049442
159.1, -7280.294360060067
159.2, -6766.78543266391
159.3, -7618.198193230428
159.4, -7486.065501397423
159.5, -7171.893537670938
159.6, -7063.639772881289
159.7, -7619.435797128036
159.8, -6257.104495799096
159.9, -7570.756486774588
160, -7417.773376948275
160.1, -6235.436212682154
160.2, -7406.970009437877
160.3, -6679.905196434256
160.4, -6706.449230988997
160.5, -6585.340903825827
160.6, -6740.797153088609
160.7, -6457.336348818868
160.8, -6509.900744199205
160.9, -6768.144168767347
161, -6327.099731025475
161.1, -7129.227185708952
161.2, -7491.408828839799
161.3, -6673.50697518424
161.4, -6270.678759877033
161.5, -5665.078951367683
161.6, -5400.036713529121
161.7, -5231.727360246955
161.8, -6793.66535535406
161.9, -6743.612736743556
162, -5768.529041294915
162.1, -5577.632832494208
162.2, -6820.531316408838
162.3, -6713.823894147235
162.4, -5570.463862302452
162.5, -5788.617079471901
162.6, -5876.875982898993
162.7, -5995.507823988494
162.8, -5491.902213474701
162.9, -5589.425366210792
163, -5801.010635067013
163.1, -5854.976892211166
163.2, -5550.857237972065
163.3, -5627.653845039102
163.4, -6413.952135556908
163.5, -6105.798952148051
163.6, -5526.066532471292
163.7, -5140.026630183362
163.8, -6277.125532539489
163.9, -6027.158924787919
164, -5336.77438112815
164.1, -5417.784436921176
164.2, -5638.582111335739
164.3, -4932.398249821785
164.4, -5699.56937003054
164.5, -5594.722710929156
164.6, -5283.087312998847
164.7, -5039.882329990186
164.8, -5207.382582255668
164.9, -4855.636500235726
165, -4836.628524908274
165.1, -5147.03235767304
165.2, -5423.951649717922
165.3, -5371.483845182814
165.4, -5328.9901093637845
165.5, -5739.457988555525
165.6, -5179.239143473611
165.7, -4104.6425180007745
165.8, -5473.594181679049
165.9, -5428.934165302517
166, -5131.547733716969
166.1, -4739.216347030804
166.2, -4821.795471917353
166.3, -5311.676782162914
166.4, -5295.48904447645
166.5, -4220.8965497243835
166.6, -5258.17659820279
166.7, -5112.416661206238
166.8, -4874.527437310235
166.9, -4693.273836293084
167, -4932.082917704613
167.1, -4456.2446501939485
167.2, -4716.231537349283
167.3, -4498.6180961868795
167.4, -4660.039051583506
167.5, -4872.2948217567955
167.6, -5633.01354415093
167.7, -4731.884234042388
167.8, -5110.476643453022
167.9, -4709.745129186874
168, -4211.254637560607
168.1, -5121.498259465387
168.2, -4957.898973996757
168.3, -5161.512455022582
168.4, -4859.947731728265
168.5, -5055.633040566937
168.6, -5059.461425568918
168.7, -4592.181795424067
168.8, -4876.64443512667
168.9, -5613.566011303389
169, -5001.442130340772
169.1, -5622.959465719755
169.2, -4767.877869504901
169.3, -4161.806498839646
169.4, -5037.682833772929
169.5, -4643.954965134052
169.6, -5157.683560845585
169.7, -4817.895707431169
169.8, -5069.287081386117
169.9, -5232.951139836336
170, -5141.101011153154
170.1, -4771.335563153524
170.2, -5212.4618810825095
170.3, -5419.866355896296
170.4, -5424.680935030489
170.5, -5151.851909782249
170.6, -5361.559110858939
170.7, -4508.509980405109
170.8, -5064.750099676287
170.9, -5321.536764772484
171, -4826.207561653219
171.1, -5124.358997586119
171.2, -4802.056842126603
171.3, -5320.576357421042
171.4, -4961.282122462819
171.5, -5539.10754403853
171.6, -4828.825267282118
171.7, -5765.322080348315
171.8, -4652.349060276839
171.9, -4812.062593121791
172, -4848.35368654001
172.1, -5785.266626563109
172.2, -5540.677844574242
172.3, -4690.043960706517
172.4, -5055.612514963973
172.5, -4609.633527575793
172.6, -4828.481729628814
172.7, -4464.120448547048
172.8, -4543.450061835247
172.9, -4672.604136023649
173, -5582.541318380502
173.1, -4486.442393939205
173.2, -5046.951985580623
173.3, -4635.380568417397
173.4, -4647.283420422154
173.5, -4537.779048365329
173.6, -5099.6385787333165
173.7, -5249.114547639835
173.8, -4332.458310608918
173.9, -5154.84125928856
174, -5084.746708241509
174.1, -5290.0322284132035
174.2, -4888.670182000882
174.3, -4305.436550030686
174.4, -5187.827749029518
174.5, -4736.480208820986
174.6, -5208.410667680824
174.7, -3808.984957190686
174.8, -4536.061947234434
174.9, -4195.365501768223
175, -4669.330679075375
175.1, -4062.286552091631
175.2, -5583.104475707982
175.3, -4682.768172206416
175.4, -4423.9455775093365
175.5, -4728.738104639213
175.6, -4050.895224440961
175.7, -3978.2097089197728
175.8, -3743.2509288764104
175.9, -4276.828006310784
176, -4131.287422276864
176.1, -4099.651986704934
176.2, -4465.517328262898
176.3, -4020.6934382949607
176.4, -3476.9716224896106
176.5, -3747.088640469309
176.6, -4119.878209294791
176.7, -3930.2374549331275
176.8, -3936.9574314221745
176.9, -4291.761102391186
177, -4226.6666736725765
177.1, -4024.7684627584854
177.2, -3694.9027966122735
177.3, -3812.1157423146547
177.4, -3589.512930369143
177.5, -4232.668084877398
177.6, -2861.8425035723913
177.7, -3915.825921398287
177.8, -3440.019681580682
177.9, -3843.592385597201
178, -3814.0053229791015
178.1, -3191.3007200527927
178.2, -3216.425280503337
178.3, -3909.504550060667
178.4, -3722.583258768083
178.5, -3702.0073730443214
178.6, -3824.4522047395867
178.7, -3807.386914082514
178.8, -3305.2030122477568
178.9, -2856.3901436490246
179, -2983.8336192678726
179.1, -3148.815813514325
179.2, -3229.4109746129893
179.3, -3597.369699387419
179.4, -3408.517082883308
179.5, -3505.085649576839
179.6, -3455.3269308022755
179.7, -3418.0074303569595
179.8, -3982.9632583321127
179.9, -3006.4592511123737
180, -3613.763876119444
180.1, -3406.2011669102453
180.2, -3131.5427209240547
180.3, -3042.2483433023676
180.4, -3575.0527502389095
180.5, -2840.476822670627
180.6, -3629.1599028352393
180.7, -3112.8946463001616
180.8, -2789.7044520061263
180.9, -2890.7517769720484
181, -3388.7138279432884
181.1, -3054.817615198289
181.2, -2848.241251692759
181.3, -3083.031997728291
181.4, -2940.11239539402
181.5, -3369.7058415933193
181.6, -3868.7052313770478
181.7, -2961.3198668978675
181.8, -2693.1890662744754
181.9, -3064.4090135869124
182, -3346.0443735608346
182.1, -2513.9123210264493
182.2, -3332.6021883819453
182.3, -2880.3392886928063
182.4, -3272.025827145366
182.5, -3532.724514027556
182.6, -3430.7372525681444
182.7, -3142.193837279196
182.8, -3186.7461009521967
182.9, -3368.1063671213974
183, -3726.5188232172995
183.1, -2998.3235197092017
183.2, -3091.660005236427
183.3, -3408.2355072997766
183.4, -3127.7079061290274
183.5, -2912.6005243775826
183.6, -3413.159556255773
183.7, -2682.42572811061
183.8, -4214.997160326439
183.9, -3137.101776875346
184, -3273.0115912140946
184.1, -3497.2154314817863
184.2, -3764.854532606661
184.3, -3312.946543972563
184.4, -3547.4428509998197
184.5, -3847.7393563044425
184.6, -2848.248405596414
184.7, -2825.790426649164
184.8, -2920.7696397243035
184.9, -2981.5036995932983
185, -2764.6278450632108
185.1, -3726.978715452475
185.2, -3537.3055297796504
185.3, -3625.878082255262
185.4, -3379.8013580405245
185.5, -2711.6640340251715
185.6, -3542.4633086797226
185.7, -3020.5560722957885
185.8, -3718.203894507096
185.9, -3598.5469218893045
186, -3687.039462383109
186.1, -3480.227452644706
186.2, -3120.086325931828
186.3, -3744.0470622071944
186.4, -3651.0226261094767
186.5, -2735.8363240344374
186.6, -3649.430670586961
186.7, -3639.795539296325
186.8, -3671.0328592535534
186.9, -3055.1003414633274
187, -3754.2930622419517
187.1, -3703.762554607581
187.2, -3721.7839934796575
187.3, -3395.3702399275408
187.4, -3700.464993906766
187.5, -3660.999302651006
187.6, -3695.764527175327
187.7, -3379.089614695402
187.8, -2663.551588058324
187.9, -3433.8658065700292
188, -3229.7794615177177
188.1, -3246.5843199646547
188.2, -2507.4742345055643
188.3, -3453.1422729432925
188.4, -3580.509331272793
188.5, -3377.5781298162533
188.6, -3915.3738567166993
188.7, -3359.065999561186
188.8, -3726.59887422382
188.9, -3220.5050257629005
189, -3683.6107422880614
189.1, -3553.843532198581
189.2, -3109.3043270824414
189.3, -3646.1656172630405
189.4, -2832.5579915031153
189.5, -3434.9114505117063
189.6, -3430.8164687636295
189.7, -3474.3381934733015
189.8, -3940.1237945953917
189.9, -3709.6358070216615
190, -3474.109217311385
190.1, -3414.53059419446
190.2, -3162.9077190507974
190.3, -3704.914308008802
190.4, -3148.98027616937
190.5, -3253.5298711781134
190.6, -3296.305746071849
190.7, -2071.6399744714568
190.8, -3078.5333803634235
190.9, -3300.118192129129
191, -3221.9484422812516
191.1, -3889.0889226632567
191.2, -3190.1786742945487
191.3, -3007.7241550434774
191.4, -3154.2606276516713
191.5, -3845.921804074109
191.6, -3087.869281344918
191.7, -2793.564868945823
191.8, -2790.3129278366646
191.9, -3087.944284066475
192, -2648.4281622835456
192.1, -3391.2631402266347
192.2, -3384.0055038046694
192.3, -3134.6624682917254
192.4, -2783.930039441258
192.5, -3017.010729320697
192.6, -2600.5991073210475
192.7, -3243.333445324517
192.8, -2870.504223248383
192.9, -3389.884546009367
193, -2443.9808308818706
193.1, -3237.425059740871
193.2, -3026.1055361853882
193.3, -2664.8280431483986
193.4, -2940.3410757426864
193.5, -2886.4598409412492
193.6, -2812.161331941493
193.7, -2686.7367407456477
193.8, -3244.884296560916
193.9, -1876.3489504372474
194, -2384.715243896839
194.1, -2310.952116408351
194.2, -3305.8558545504197
194.3, -2550.4967386241274
194.4, -2794.397593037603
194.5, -2384.694244541018
194.6, -3294.455501760539
194.7, -2155.6426221609768
194.8, -2825.594030364573
194.9, -2214.1608117812557
195, -2820.0911875635156
195.1, -2297.414588099589
195.2, -1969.6321314361076
195.3, -2745.630758003557
195.4, -3031.286536645509
195.5, -2546.406604045429
195.6, -1366.1474412743719
195.7, -2592.3744064968027
195.8, -1837.7001891387615
195.9, -2413.620316400407
196, -2119.3404888428654
196.1, -2168.968042359081
196.2, -1980.9138785409314
196.3, -1618.4347199809488
196.4, -2171.8831442638484
196.5, -2399.690544775788
196.6, -1626.6881783940544
196.7, -1161.4342249702809
196.8, -1555.6423472583776
196.9, -1990.981851913142
197, -1202.047783014132
197.1, -1448.0624300500606
197.2, -2284.596505756421
197.3, -2018.8861454846956
197.4, -1846.590315033671
197.5, -1280.627779813904
197.6, -1372.9360885814651
197.7, -1127.978542627038
197.8, -1336.7833574811502
197.9, -1537.0906866559342
198, -2228.803822691972
198.1, -1559.963940367907
198.2, -1333.9121133989188
198.3, -1678.609864190097
198.4, -1196.248888435027
198.5, -1611.15613256457
198.6, -2051.4475357737288
198.7, -1785.8004864741076
198.8, -1319.1855590614432
198.9, -1738.5497137440116
199, -608.5510733808102
199.1, -1608.9115309246476
199.2, -1339.7726955956662
199.3, -845.1336802714994
199.4, -1504.6948267723637
199.5, -1606.2062808782748
199.6, -1345.955473912671
199.7, -914.9131210955587
199.8, -1560.8535503115127
199.9, -1355.3873540190311
200, -1464.560836401176
200.1, -1557.0613397566472
200.2, -870.1372830561367
200.3, -1083.2269043167676
200.4, -743.1992046839722
200.5, -1522.5985752413824
200.6, -1629.9623715498617
200.7, -1434.8876127344618
200.8, -365.92096407274823
200.9, -1295.0230555418332
201, -862.6389701610774
201.1, -774.479412335066
201.2, -1038.3703301829235
201.3, -1253.4017613099636
201.4, -851.5029245495581
201.5, -649.5153101640428
201.6, -916.9622003635977
201.7, -1400.6867456146392
201.8, -1826.177749696248
201.9, -1123.6714306112856
202, -1534.0107788543203
202.1, -861.7834156126571
202.2, -1388.8302840938106
202.3, -1942.7264965953607
202.4, -749.06885738331
202.5, -724.713103998935
202.6, -2053.0023838439115
202.7, -1373.0759256800013
202.8, -1617.413341063902
202.9, -1412.7116071030052
203, -1603.4746698128076
203.1, -1282.2776370205938
203.2, -1308.2939151918965
203.3, -615.2156440280362
203.4, -1765.3495252242185
203.5, -1064.6512204142414
203.6, -905.817059943471
203.7, -1320.9413611155012
203.8, -1300.7695966975555
203.9, -1636.624028529093
204, -1483.9874977401635
204.1, -1386.170522555286
204.2, -594.6511247933105
204.3, -1032.162670646054
204.4, -1494.6689428765703
204.5, -1187.5424606331462
204.6, -1345.7554481130292
204.7, -1245.6187238184032
204.8, -1125.5622234761533
204.9, -1358.0773837395586
205, -1534.6339744789045
205.1, -724.9267285470679
205.2, -1472.2057024184555
205.3, -1033.9644804199077
205.4, -1292.7253995304015
205.5, -1432.9674503395515
205.6, -1533.9003871776183
205.7, -1720.9691754290443
205.8, -1386.8276308637949
205.9, -1194.5593988737398
206, -1466.9977035563893
206.1, -737.994967174447
206.2, -1567.5415178931123
206.3, -1059.1895554377666
206.4, -1982.0536696445854
206.5, -1473.0269748169205
206.6, -1659.5097554716322
206.7, -571.3469854324245
206.8, -760.7611458400731
206.9, -1551.773122877066
207, -1574.7913200658825
207.1, -1190.654429698155
207.2, -1416.8186488103415
207.3, -1438.4395319626558
207.4, -1539.9836201950775
207.5, -1069.168520258473
207.6, -1910.9213314586505
207.7, -890.7052835350097
207.8, -1235.2823721847506
207.9, -1945.092921147368
208, -1389.629594405201
208.1, -1657.7183389911636
208.2, -1427.721955002197
208.3, -1094.9313065249332
208.4, -996.1416290148136
208.5, -1492.6667220095146
208.6, -629.1356538535648
208.7, -1503.042473563757
208.8, -1391.0490583660978
208.9, -878.2421700816357
209, -1438.9666901022972
209.1, -1743.2193666421776
209.2, -1968.8622116890851
209.3, -1966.719619870733
209.4, -1522.4323347655823
209.5, -1333.5105644806306
209.6, -1607.4283317909653
209.7, -1385.1842437786675
209.8, -1571.3613159629542
209.9, -1776.5616462500204
210, -2078.3683214079033
210.1, -1552.209653014678
210.2, -1757.4329581705065
210.3, -2230.69147168413
210.4, -1868.8977108230015
210.5, -2050.3827307999754
210.6, -1979.9131987847347
210.7, -1701.484196165705
210.8, -1632.880591366445
210.9, -1290.2904717010608
211, -2194.1567431358376
211.1, -2196.0597779967698
211.2, -1757.953536180827
211.3, -2035.1556815357833
211.4, -1767.1053114193494
211.5, -1500.1516799385013
211.6, -1993.0786831563607
211.7, -2195.1118987373793
211.8, -1650.0667845718308
211.9, -1524.3550120657737
212, -1442.7220458424497
212.1, -1541.2290819332572
212.2, -1907.2044697641854
212.3, -1464.5680314995716
212.4, -1846.9421663862188
212.5, -1367.109984249899
212.6, -1369.0697909811213
212.7, -1159.4446842377358
212.8, -1906.492461455844
212.9, -2319.189241666036
213, -1454.352210967239
213.1, -2201.0665879901653
213.2, -2169.7530791386525
213.3, -1290.930494158824
213.4, -2648.3908426002436
213.5, -1680.1541396301755
213.6, -2066.2549358668402
213.7, -2487.7123561526637
213.8, -1997.3659293617866
213.9, -1760.7102482745913
214, -1349.40574120138
214.1, -1772.4227678119219
214.2, -2722.1354817851484
214.3, -1806.7090756997472
214.4, -1908.9794575930914
214.5, -2776.8818590756227
214.6, -2617.5754930966923
214.7, -2566.957211807636
214.8, -2312.038680993417
214.9, -1949.1112131238183
215, -1766.8040126679734
215.1, -1644.6075423969526
215.2, -2348.851753394004
215.3, -2145.725481156734
215.4, -1987.929606236609
215.5, -1528.4783404515185
215.6, -1414.3349686974914
215.7, -1656.4851485249346
215.8, -2230.6693472006145
215.9, -1404.8069913889578
216, -1792.524337575978
216.1, -1399.200658044349
216.2, -1680.9816408479371
216.3, -1501.3428101027434
216.4, -2381.8160