0,17023
1,665.54
2,818.66
3,1957.1
4,1417.8
5,1621.8
6,2400
7,1405.3
8,1132.5
9,2691.9
10,3348.1
11,1473.4
12,2443.7
13,6039.7
14,1623.1
15,911.73
16,2558.9
17,1818.6
18,712.96
19,586.58
20,1828
21,991.19
22,704.9
23,267.1
24,266.38
25,400.58
26,1672.2
27,637.46
28,360.17
29,90.28
30,707.99
31,315.77
32,161.68
33,575.18
34,220.2
35,188.44
36,129.28
37,125.3
38,436.45
39,296.64
40,431.09
41,218.05
42,224.39
43,458.22
44,166.31
45,131.85
46,367.91
47,255.63
48,73.318
49,86.946
50,84.364
51,72.541
52,135.32
53,276.58
54,153.64
55,88.267
56,101.56
57,50.387
58,96.856
59,147.42
60,125.44
61,160.24
62,62.253
63,64.978
64,34.111
65,157.26
66,219.38
67,126.53
68,76.443
69,118.99
70,107.21
71,75.228
72,63.874
73,130.72
74,70.055
75,46.114
76,37.44
77,12.134
78,121.85
79,67.533
80,135.98
81,35.505
82,61.603
83,23.96
84,52.302
85,79.61
86,79.947
87,46.474
88,62.048
89,20.228
90,9.9416
91,81.844
92,106.51
93,52.926
94,53.44
95,20.211
96,60.664
97,56.521
98,36.654
99,24.086
100,30.226
101,37.392
102,29.685
103,20.724
104,30.631
105,102.93
106,14.822
107,56.302
108,71.007
109,38.566
110,89.815
111,44.694
112,58.516
113,41.159
114,17.468
115,61.982
116,18.61
117,10.975
118,62.681
119,28.433
120,5.488
121,37.62
122,14.562
123,47.358
124,33.475
125,26.518
126,47.769
127,29.567
128,12.218
129,8.8175
130,15.909
131,18.803
132,15.099
133,8.0953
134,13.68
135,24.149
136,18.118
137,15.98
138,30.465
139,32.277
140,24.572
141,34.464
142,7.1501
143,15.833
144,22.127
145,12.738
146,4.0372
147,9.4365
148,19.485
149,6.4645
150,19.646
151,18.709
152,26.615
153,32.961
154,39.282
155,29.8
156,18.265
157,9.697
158,30.535
159,20.425
160,31.326
161,39.806
162,22.112
163,13.981
164,15.61
165,26.421
166,17.352
167,17.28
168,12.865
169,30.906
170,13.519
171,12.174
172,12.774
173,19.584
174,32.169
175,32.993
176,16.926
177,10.29
178,4.6425
179,13.084
180,3.8796
181,14.622
182,20.207
183,17.027
184,11.822
185,26.232
186,9.1691
187,39.16
188,22.206
189,19.252
190,33.061
191,32.169
192,11.357
193,30.526
194,23.736
195,16.573
196,8.9204
197,2.5856
198,34.181
199,50.439
200,6.2207
201,10.718
202,11.126
203,14.27
204,2.2074
205,9.0711
206,16.376
207,37.272
208,14.174
209,24.022
210,28.236
211,14.259
212,22.354
213,32.075
214,11.073
215,32.849
216,13.801
217,1.28
218,27.244
219,8.8015
220,19.241
221,9.5433
222,12.692
223,11.688
224,14.641
225,13.583
226,2.4043
227,8.9882
228,7.8352
229,7.2747
230,23.903
231,20.363
232,13.344
233,3.4149
234,12.78
235,9.4047
236,14.296
237,7.471
238,4.2203
239,12.172
240,7.1636
241,13.214
242,4.4205
243,7.2348
244,0.49656
245,10.479
246,7.9567
247,12.103
248,16.164
249,9.3681
250,8.5134
251,5.6013
252,7.7095
253,8.3161
254,6.5478
255,9.7554
256,14.055
257,11.961
258,9.5869
259,15.039
260,5.4574
261,5.4027
262,6.7321
263,9.9649
264,15.311
265,2.6045
266,4.6811
267,10.569
268,3.7315
269,2.1777
270,10.16
271,8.4405
272,11.662
273,7.03
274,9.6131
275,13.029
276,7.355
277,3.3791
278,6.433
279,4.5355
280,7.3732
281,2.1672
282,0.95536
283,4.2264
284,3.5939
285,6.9477
286,3.2931
287,11.788
288,2.7969
289,4.4471
290,7.2777
291,3.9201
292,13.627
293,5.8469
294,3.5016
295,2.9376
296,4.1632
297,10.208
298,8.2699
299,7.1054
300,12.265
301,10.008
302,6.6217
303,9.4551
304,11.943
305,5.5086
306,5.658
307,8.6116
308,1.5458
309,7.0646
310,2.7635
311,6.8442
312,0.39158
313,9.3727
314,1.2008
315,2.5407
316,10.411
317,10.476
318,5.98
319,4.0565
320,4.7945
321,9.4338
322,8.7036
323,1.3804
324,1.765
325,3.6389
326,11.414
327,16.16
328,10.254
329,4.0071
330,13.14
331,11.006
332,9.7646
333,7.5043
334,4.9732
335,12.323
336,1.1452
337,3.4549
338,5.8483
339,5.9281
340,5.2522
341,6.6882
342,9.7794
343,5.7247
344,6.5175
345,6.1317
346,4.7142
347,5.3709
348,1.7639
349,6.0972
350,6.9759
351,10.821
352,11.646
353,1.2405
354,10.462
355,8.9699
356,4.079
357,15.636
358,6.4976
359,4.3965
360,3.9041
361,10.444
362,5.8279
363,3.6931
364,11.258
365,8.7742
366,5.6746
367,6.3006
368,5.5403
369,7.5055
370,4.2658
371,2.7829
372,2.2819
373,3.7304
374,1.5253
375,0.56109
376,3.9621
377,2.5631
378,2.7441
379,3.9193
380,7.1791
381,6.4256
382,2.6742
383,7.1982
384,12.378
385,6.803
386,3.8791
387,6.1989
388,6.3594
389,5.7456
390,10.894
391,8.2206
392,1.9303
393,6.7752
394,4.3886
395,6.5831
396,2.0227
397,0.62042
398,8.3927
399,7.1466
400,9.2367
401,4.6369
402,6.3835
403,2.6848
404,3.5325
405,2.2484
406,11.756
407,3.7904
408,6.2273
409,7.6403
410,7.7188
411,3.4532
412,7.416
413,2.72
414,0.30688
415,7.6531
416,8.7212
417,11.075
418,9.8371
419,5.2245
420,11.201
421,10.821
422,7.1891
423,4.6045
424,12.384
425,6.5383
426,1.2054
427,7.8124
428,9.8637
429,7.8694
430,4.0558
431,8.6608
432,5.5879
433,8.7017
434,1.8345
435,2.6888
436,1.3968
437,3.5662
438,3.6523
439,6.3334
440,1.9126
441,3.8674
442,12.826
443,3.6125
444,3.7349
445,2.9986
446,7.8915
447,8.4653
448,6.3216
449,8.8224
450,7.2899
451,5.7524
452,6.4671
453,6.4252
454,2.5977
455,6.5568
456,6.8656
457,6.8253
458,5.3565
459,4.4405
460,8.1048
461,10.042
462,4.5407
463,7.6072
464,9.2452
465,1.146
466,5.7036
467,12.085
468,2.9319
469,9.7344
470,2.1394
471,7.1546
472,9.4679
473,6.3516
474,3.3934
475,10.023
476,9.945
477,9.681
478,11.305
479,2.0555
480,5.4227
481,7.5372
482,9.4765
483,6.0115
484,8.8122
485,8.4235
486,1.5822
487,4.0581
488,6.3945
489,4.5713
490,9.369
491,6.8868
492,6.9883
493,7.0475
494,4.9344
495,1.3031
496,1.9413
497,6.4808
498,6.105
499,7.182
500,6.455
501,3.1282
502,4.9478
503,14.268
504,3.0876
505,3.0471
506,2.9411
507,4.2047
508,5.966
509,0.33016
510,2.8186
511,3.4013
512,8.1181
513,4.8214
514,3.3438
515,6.371
516,7.2206
517,8.1368
518,4.3303
519,4.0077
520,4.1396
521,1.9873
522,3.4058
523,6.1223
524,10.206
525,12.087
526,6.9169
527,10.688
528,14.732
529,9.4759
530,3.111
531,8.0588
532,1.6729
533,7.1089
534,4.5833
535,4.2741
536,6.9543
537,7.3286
538,4.5871
539,5.8042
540,3.3077
541,16.278
542,4.0825
543,5.1816
544,6.3193
545,5.5214
546,3.9737
547,6.0975
548,0.9498
549,3.2437
550,5.0007
551,5.852
552,10.33
553,5.4528
554,3.7925
555,7.1391
556,7.612
557,5.376
558,5.9736
559,7.3985
560,8.356
561,3.5765
562,4.3365
563,4.3672
564,7.8883
565,2.5512
566,6.4456
567,8.4432
568,8.9371
569,5.525
570,9.1042
571,4.7072
572,2.021
573,2.9163
574,6.553
575,2.1339
576,8.325
577,8.0976
578,3.9187
579,3.7695
580,3.7355
581,4.7438
582,3.4744
583,4.1794
584,7.277
585,10.718
586,1.357
587,7.5644
588,6.1231
589,8.7955
590,1.2939
591,7.242
592,4.3689
593,2.8876
594,6.9113
595,6.7109
596,4.7414
597,3.435
598,4.477
599,1.9179
600,8.9056
601,3.4773
602,5.8966
603,5.1478
604,2.2882
605,4.7728
606,4.8637
607,4.4713
608,6.7447
609,5.6437
610,6.8957
611,4.5661
612,6.4927
613,5.4243
614,3.5316
615,6.7949
616,4.0866
617,6.1304
618,7.9077
619,5.432
620,2.8237
621,8.9831
622,8.7067
623,2.4871
624,2.9496
625,2.4426
626,4.1869
627,9.1511
628,4.2114
629,5.1182
630,3.1485
631,8.9414
632,8.7147
633,5.0199
634,11.851
635,8.8212
636,4.9753
637,5.5725
638,5.2664
639,1.7433
640,4.1518
641,2.6857
642,3.7818
643,5.0668
644,11.669
645,4.4194
646,16.036
647,1.4994
648,4.2227
649,7.2163
650,3.7599
651,8.0362
652,10.254
653,4.382
654,1.1192
655,5.3875
656,3.7788
657,4.7542
658,9.2904
659,2.7994
660,1.9325
661,5.4332
662,6.0089
663,5.6083
664,10.075
665,1.0731
666,4.0169
667,8.6371
668,3.0894
669,3.346
670,6.8052
671,2.4708
672,11.399
673,9.5107
674,8.3156
675,5.7338
676,1.1096
677,3.5712
678,10.125
679,7.396
680,6.7302
681,11.723
682,3.2589
683,2.1239
684,2.064
685,12.016
686,1.2153
687,4.8306
688,2.707
689,1.9817
690,3.1452
691,0.6035
692,5.1636
693,4.3254
694,5.3304
695,5.3401
696,11.176
697,7.263
698,3.5231
699,5.8167
700,1.7928
701,13.535
702,6.2709
703,4.3367
704,6.8657
705,10.964
706,7.6078
707,5.5298
708,2.9659
709,3.1366
710,4.2709
711,4.4231
712,9.2643
713,5.0377
714,2.1145
715,6.3532
716,1.767
717,6.9948
718,9.8591
719,8.8822
720,3.782
721,5.0898
722,2.5842
723,6.4127
724,8.4638
725,9.4069
726,4.9054
727,6.2257
728,5.0878
729,6.1121
730,1.6093
731,1.23
732,2.7293
733,1.7768
734,11.178
735,5.1321
736,6.8001
737,3.6126
738,7.5919
739,5.0338
740,0.24061
741,1.4896
742,6.9026
743,7.0714
744,7.2981
745,1.1896
746,6.1628
747,11.97
748,4.8812
749,2.6133
750,2.2916
751,4.9629
752,10.191
753,0.98528
754,1.9505
755,5.5835
756,1.8571
757,0.50724
758,7.7812
759,4.7607
760,4.8033
761,6.82
762,8.4903
763,5.9236
764,5.0148
765,6.091
766,12.442
767,6.2309
768,10.321
769,5.1471
770,5.4323
771,6.8427
772,1.6325
773,1.7348
774,4.9517
775,5.5373
776,3.0752
777,10.279
778,2.0123
779,7.783
780,9.9252
781,5.8908
782,3.362
783,4.507
784,6.8457
785,8.8151
786,5.5686
787,5.6459
788,5.754
789,2.2334
790,2.7405
791,4.5692
792,2.3801
793,5.7527
794,7.2358
795,8.23
796,3.5275
797,9.375
798,13.531
799,7.4256
800,7.8302
801,9.3458
802,10.906
803,2.0657
804,0.95083
805,6.1062
806,7.3847
807,3.6407
808,4.1383
809,8.6517
810,12.44
811,2.7084
812,2.62
813,8.1626
814,5.9473
815,3.8833
816,1.415
817,5.6025
818,4.1278
819,7.2388
820,15.033
821,8.2534
822,4.805
823,6.0731
824,7.93
825,3.4055
826,3.7245
827,2.0215
828,10.415
829,3.3328
830,4.5837
831,3.8139
832,12.675
833,6.944
834,3.6602
835,6.5888
836,2.9644
837,0.87298
838,4.6572
839,5.4327
840,9.6273
841,2.4262
842,9.0949
843,2.5829
844,4.4949
845,2.467
846,8.2233
847,5.4579
848,3.6597
849,9.5711
850,13.304
851,6.2992
852,5.0098
853,8.1121
854,11.12
855,8.2212
856,4.1407
857,3.1911
858,5.8215
859,6.8928
860,12.105
861,0.41537
862,3.9229
863,8.2435
864,6.3974
865,4.6749
866,3.5094
867,7.9568
868,4.7934
869,3.5627
870,13.626
871,7.9978
872,5.5821
873,3.89
874,9.8237
875,7.1622
876,5.9363
877,7.1874
878,9.7038
879,7.3875
880,5.395
881,3.4737
882,7.1037
883,11.757
884,9.1175
885,7.2102
886,5.6895
887,2.5571
888,5.2928
889,1.9459
890,1.8931
891,5.3612
892,2.0764
893,2.7578
894,11.182
895,5.5054
896,14.544
897,10.158
898,7.2508
899,1.3333
900,4.3
901,1.1708
902,9.7367
903,5.7049
904,6.8152
905,6.4143
906,4.8145
907,4.1345
908,0.34064
909,6.2429
910,6.4148
911,9.6489
912,5.351
913,2.2223
914,11.846
915,6.1937
916,1.4673
917,5.8262
918,0.63224
919,9.0788
920,3.1228
921,7.1891
922,1.6599
923,11.543
924,9.779
925,4.1966
926,8.1467
927,2.8631
928,0.30898
929,4.6496
930,9.995
931,1.8638
932,9.7772
933,1.5413
934,9.5396
935,4.9293
936,6.5105
937,2.344
938,4.5817
939,5.7486
940,5.0732
941,9.4365
942,1.1867
943,3.8577
944,9.6921
945,0.61216
946,5.9269
947,0.93983
948,4.0676
949,2.6215
950,10.507
951,7.3592
952,4.6623
953,9.3789
954,1.015
955,6.0711
956,1.6998
957,4.2518
958,8.6999
959,13.331
960,8.1674
961,7.296
962,2.9817
963,8.2329
964,3.3975
965,6.7063
966,8.2588
967,3.1881
968,13.229
969,3.9748
970,11.54
971,0.51603
972,5.7391
973,12.229
974,9.0419
975,8.6245
976,16.441
977,12.395
978,8.2526
979,8.7756
980,1.1614
981,3.8848
982,7.6884
983,4.1132
984,3.6297
985,5.2492
986,11.193
987,5.8121
988,5.0299
989,1.2873
990,6.5494
991,5.7008
992,9.1644
993,5.0648
994,2.7721
995,6.5929
996,12.356
997,7.132
998,3.605
999,7.8258
1000,3.6341
1001,2.9504
1002,7.6759
1003,1.3282
1004,6.6352
1005,5.5502
1006,10.171
1007,3.9066
1008,3.7645
1009,6.6799
1010,3.2384
1011,6.385
1012,6.2353
1013,8.1103
1014,1.1187
1015,1.3693
1016,5.0215
1017,6.6821
1018,3.8133
1019,4.5796
1020,5.1746
1021,7.8252
1022,8.6288
1023,6.6569
1024,8.9297
1025,11.911
1026,8.2868
1027,6.4921
1028,5.5745
1029,5.8305
1030,11.241
1031,7.9505
1032,6.9504
1033,1.4819
1034,8.4533
1035,8.775
1036,12.02
1037,4.5303
1038,5.8544
1039,1.1185
1040,5.9273
1041,6.4336
1042,2.859
1043,11.496
1044,5.4906
1045,8.9883
1046,3.9772
1047,8.5989
1048,3.5133
1049,11.233
1050,2.8538
1051,2.0797
1052,3.8814
1053,4.4849
1054,6.8179
1055,1.9547
1056,7.954
1057,5.9306
1058,4.9991
1059,5.2033
1060,4.367
1061,3.4843
1062,4.5268
1063,5.0854
1064,5.3156
1065,2.7888
1066,1.7156
1067,3.2651
1068,6.4044
1069,7.659
1070,5.4781
1071,5.1417
1072,8.9157
1073,3.1746
1074,5.4957
1075,6.8084
1076,11.393
1077,3.9252
1078,7.1557
1079,7.4277
1080,2.5651
1081,6.7233
1082,2.6109
1083,3.2859
1084,6.0276
1085,4.957
1086,10.408
1087,10.437
1088,5.3144
1089,3.102
1090,11.598
1091,2.9161
1092,3.0614
1093,7.6214
1094,4.1861
1095,7.4711
1096,14.066
1097,10.467
1098,6.4888
1099,10.558
1100,7.0268
1101,4.6296
1102,9.5168
1103,2.0922
1104,8.4169
1105,7.6274
1106,6.3902
1107,5.007
1108,5.446
1109,6.306
1110,8.3695
1111,9.0864
1112,6.3532
1113,5.944
1114,2.9692
1115,4.4183
1116,5.7892
1117,10.278
1118,1.8857
1119,6.5918
1120,8.2848
1121,3.5098
1122,9.1196
1123,9.8358
1124,6.6933
1125,0.89246
1126,2.7555
1127,6.4181
1128,8.0522
1129,4.7269
1130,3.8056
1131,7.0717
1132,3.2755
1133,8.3375
1134,7.8418
1135,8.4785
1136,5.6931
1137,2.4785
1138,4.37
1139,1.7506
1140,2.1303
1141,4.6323
1142,8.7022
1143,8.261
1144,12.892
1145,1.739
1146,9.8818
1147,11.032
1148,6.0846
1149,3.391
1150,10.315
1151,4.9081
1152,3.2075
1153,5.9327
1154,6.0644
1155,8.4843
1156,3.177
1157,3.6939
1158,1.3507
1159,7.9659
1160,4.6146
1161,5.7871
1162,7.0823
1163,1.4272
1164,7.3147
1165,6.3677
1166,3.1401
1167,4.0511
1168,1.6834
1169,3.1885
1170,5.2157
1171,9.6283
1172,4.2097
1173,4.506
1174,1.9123
1175,9.9616
1176,4.9059
1177,7.7919
1178,3.1476
1179,0.98055
1180,6.3871
1181,7.3974
1182,11.898
1183,0.9449
1184,10.191
1185,4.35
1186,13.098
1187,3.4922
1188,6.8165
1189,2.825
1190,3.0632
1191,2.084
1192,3.7463
1193,7.9748
1194,3.5859
1195,1.6506
1196,5.2648
1197,10.297
1198,12.645
1199,0.57699
1200,3.4267
1201,3.7122
1202,11.825
1203,12.066
1204,4.1978
1205,2.2229
1206,5.0847
1207,3.0172
1208,4.6288
1209,8.5448
1210,8.3464
1211,1.4308
1212,3.1463
1213,4.4666
1214,4.4543
1215,2.7396
1216,6.4341
1217,7.8768
1218,3.4115
1219,4.8917
1220,3.7
1221,7.7825
1222,11.566
1223,7.3372
1224,5.6142
1225,8.0899
1226,12.098
1227,3.8249
1228,4.4623
1229,6.7369
1230,5.356
1231,6.6251
1232,10.815
1233,6.4004
1234,1.1875
1235,11.676
1236,12.059
1237,9.1236
1238,5.5159
1239,10.473
1240,3.1398
1241,6.2116
1242,5.1828
1243,6.7092
1244,2.2135
1245,1.7995
1246,3.6043
1247,3.306
1248,6.7289
1249,9.0717
1250,4.7968
1251,6.5161
1252,2.0241
1253,8.6772
1254,6.3609
1255,2.3993
1256,1.6801
1257,3.1944
1258,7.9969
1259,6.1269
1260,4.1999
1261,5.1999
1262,5.4106
1263,6.9508
1264,10.303
1265,6.5373
1266,4.7442
1267,0.36366
1268,3.944
1269,7.8336
1270,13.747
1271,0.56974
1272,1.2513
1273,6.8281
1274,3.4869
1275,8.4059
1276,8.4003
1277,9.7444
1278,3.7226
1279,2.8409
1280,3.1614
1281,8.5123
1282,2.4862
1283,2.888
1284,2.5588
1285,5.3383
1286,4.0545
1287,5.6196
1288,5.7652
1289,2.9482
1290,17.123
1291,4.192
1292,8.3382
1293,4.8356
1294,3.5905
1295,8.8305
1296,2.5537
1297,7.5066
1298,5.6193
1299,3.4175
1300,4.0177
1301,1.8816
1302,8.5386
1303,2.4677
1304,6.3506
1305,6.2751
1306,5.8005
1307,9.389
1308,1.1173
1309,5.8899
1310,0.87739
1311,9.3998
1312,5.6101
1313,5.2593
1314,1.1785
1315,4.6779
1316,4.942
1317,10.804
1318,4.4488
1319,6.7643
1320,4.6487
1321,2.7517
1322,7.3211
1323,2.0432
1324,8.658
1325,2.3413
1326,16.162
1327,4.9932
1328,7.3291
1329,4.1815
1330,7.3773
1331,4.6254
1332,5.811
1333,12.074
1334,1.4407
1335,2.3042
1336,2.8079
1337,8.972
1338,11.216
1339,7.16
1340,6.4194
1341,6.4643
1342,6.7198
1343,4.9818
1344,7.2494
1345,3.5386
1346,7.347
1347,10.709
1348,6.7557
1349,0.71037
1350,4.7828
1351,4.5746
1352,12.237
1353,8.1144
1354,5.273
1355,6.3017
1356,6.9921
1357,5.7493
1358,2.1336
1359,6.1136
1360,12.485
1361,6.8058
1362,6.2874
1363,6.8669
1364,3.3836
1365,5.1499
1366,6.4634
1367,1.5808
1368,8.1262
1369,2.2638
1370,2.9826
1371,7.8927
1372,4.5098
1373,3.1033
1374,7.0283
1375,3.3833
1376,8.1765
1377,3.7139
1378,5.3343
1379,3.7295
1380,9.5128
1381,5.4228
1382,2.9728
1383,13.741
1384,11.456
1385,7.0307
1386,3.0605
1387,2.8121
1388,9.7104
1389,7.4904
1390,1.6929
1391,7.2233
1392,9.745
1393,3.1116
1394,7.304
1395,2.0803
1396,0.8337
1397,11.559
1398,6.3584
1399,3.8759
1400,3.8483
1401,0.32697
1402,6.4275
1403,12.221
1404,6.3979
1405,4.0023
1406,5.7106
1407,7.5488
1408,4.8697
1409,6.9758
1410,6.0869
1411,1.941
1412,4.1955
1413,6.7751
1414,2.4496
1415,3.8601
1416,7.734
1417,5.8969
1418,4.3867
1419,5.5229
1420,5.8622
1421,4.9916
1422,6.2032
1423,1.1132
1424,3.6661
1425,4.3434
1426,5.6419
1427,7.0341
1428,3.6256
1429,5.9901
1430,2.1413
1431,3.6052
1432,3.8811
1433,4.8047
1434,11.06
1435,6.2657
1436,3.8035
1437,11.74
1438,5.4288
1439,7.9294
1440,2.1896
1441,6.5769
1442,16.298
1443,1.8218
1444,3.7098
1445,4.9909
1446,3.3404
1447,0.80157
1448,12.435
1449,3.6
1450,10.784
1451,4.8626
1452,1.3022
1453,3.0864
1454,4.3007
1455,9.9423
1456,8.0461
1457,1.2421
1458,11.138
1459,5.4969
1460,9.057
1461,5.9295
1462,3.5228
1463,5.9935
1464,7.8131
1465,12.749
1466,2.7616
1467,4.8408
1468,8.7273
1469,6.5868
1470,4.2935
1471,6.8977
1472,4.4847
1473,10.237
1474,4.1703
1475,14.153
1476,6.3801
1477,1.9163
1478,6.261
1479,2.5891
1480,8.3525
1481,9.8631
1482,2.0335
1483,5.1664
1484,5.0982
1485,4.8509
1486,5.1154
1487,2.3183
1488,3.8361
1489,0.16592
1490,1.593
1491,3.3623
1492,7.6799
1493,5.7411
1494,4.2429
1495,1.7511
1496,3.0233
1497,1.6295
1498,2.0086
1499,2.0952
1500,7.4183
1501,2.317
1502,3.6752
1503,5.8959
1504,11.76
1505,4.2363
1506,2.4518
1507,5.3452
1508,3.7428
1509,6.1967
1510,3.5438
1511,5.1347
1512,5.7581
1513,3.3007
1514,6.3849
1515,3.3728
1516,4.5968
1517,7.1266
1518,7.9765
1519,6.0724
1520,4.5617
1521,7.2589
1522,2.1989
1523,7.7724
1524,6.2623
1525,2.1777
1526,4.8153
1527,10.058
1528,6.6093
1529,11.46
1530,9.9312
1531,10.958
1532,9.1739
1533,8.427
1534,2.9562
1535,7.5998
1536,5.6656
1537,5.6176
1538,6.4577
1539,5.3388
1540,4.6021
1541,2.6242
1542,3.8059
1543,4.6781
1544,9.6038
1545,4.5875
1546,3.7243
1547,11.522
1548,7.5225
1549,2.5229
1550,8.0757
1551,2.8604
1552,3.1804
1553,6.9801
1554,9.2876
1555,1.6974
1556,8.0826
1557,7.7628
1558,5.7564
1559,5.3371
1560,5.3055
1561,5.6939
1562,2.8652
1563,6.4051
1564,10.933
1565,1.0203
1566,5.6804
1567,4.7063
1568,9.585
1569,4.1415
1570,2.5941
1571,1.3826
1572,2.9147
1573,1.6143
1574,3.1606
1575,2.239
1576,3.5093
1577,6.7702
1578,4.166
1579,12.184
1580,7.8587
1581,6.3617
1582,3.9927
1583,7.486
1584,6.4288
1585,8.3041
1586,3.9113
1587,1.6844
1588,5.9827
1589,8.7005
1590,4.7101
1591,5.6915
1592,9.2702
1593,5.2483
1594,5.3552
1595,12.204
1596,6.5651
1597,2.5976
1598,2.5055
1599,4.5853
1600,6.3899
1601,9.2162
1602,5.3906
1603,2.5414
1604,3.877
1605,1.8711
1606,2.1598
1607,3.9042
1608,8.8259
1609,7.4738
1610,6.9222
1611,11.993
1612,4.4192
1613,12.747
1614,6.2406
1615,5.4987
1616,5.6739
1617,10.811
1618,6.9829
1619,2.9341
1620,5.89
1621,4.0222
1622,3.7824
1623,4.6415
1624,5.4595
1625,4.1662
1626,12.145
1627,12.323
1628,7.8737
1629,6.9208
1630,4.21
1631,3.7451
1632,1.4278
1633,6.7432
1634,6.602
1635,8.7812
1636,4.2282
1637,3.4551
1638,4.0322
1639,5.9564
1640,5.2666
1641,5.7825
1642,2.1971
1643,1.0548
1644,3.5864
1645,7.3048
1646,4.5692
1647,3.9187
1648,6.3498
1649,5.2891
1650,8.5472
1651,2.716
1652,7.5572
1653,5.13
1654,11.284
1655,5.195
1656,4.9764
1657,4.2095
1658,6.5217
1659,1.8782
1660,2.1868
1661,5.3527
1662,6.1762
1663,7.8606
1664,2.4809
1665,3.3412
1666,10.146
1667,2.2747
1668,7.7655
1669,10.496
1670,9.2811
1671,2.5748
1672,7.8192
1673,1.0417
1674,4.2504
1675,6.4462
1676,4.5656
1677,2.2056
1678,5.8273
1679,7.065
1680,9.1817
1681,3.1336
1682,6.5451
1683,2.035
1684,5.6431
1685,4.0203
1686,4.0445
1687,10.906
1688,9.0116
1689,10.607
1690,3.8982
1691,12.412
1692,4.192
1693,2.6751
1694,7.5152
1695,7.9504
1696,8.5557
1697,4.3185
1698,1.772
1699,5.3081
1700,6.2385
1701,11.905
1702,6.6241
1703,3.935
1704,2.8037
1705,8.8364
1706,4.2097
1707,11.826
1708,1.7387
1709,5.5025
1710,4.9924
1711,5.7205
1712,5.2968
1713,5.7926
1714,4.1677
1715,2.6509
1716,1.9388
1717,4.7966
1718,4.9464
1719,5.085
1720,2.4406
1721,10.91
1722,5.1355
1723,6.2152
1724,2.9338
1725,9.9046
1726,6.7601
1727,3.9499
1728,10.711
1729,5.8002
1730,4.0832
1731,7.774
1732,2.9438
1733,2.6821
1734,5.0193
1735,4.5712
1736,5.2711
1737,12.194
1738,2.7341
1739,5.4616
1740,4.7088
1741,7.2637
1742,2.1325
1743,3.9871
1744,9.8574
1745,12.838
1746,4.5123
1747,4.0113
1748,11.215
1749,7.2958
1750,3.3191
1751,10.796
1752,4.5043
1753,4.354
1754,5.8107
1755,2.8578
1756,7.6053
1757,10.722
1758,10.77
1759,7.0876
1760,3.3817
1761,4.5014
1762,5.2302
1763,9.401
1764,3.9581
1765,2.5883
1766,5.7527
1767,2.9145
1768,10.092
1769,5.4911
1770,9.6804
1771,5.2805
1772,4.253
1773,5.312
1774,6.3929
1775,11.689
1776,5.9584
1777,8.1191
1778,9.1971
1779,2.2637
1780,1.3232
1781,2.4831
1782,6.1049
1783,9.3696
1784,12.423
1785,10.909
1786,4.1176
1787,5.2462
1788,4.2001
1789,3.0655
1790,12.912
1791,7.8168
1792,3.9578
1793,9.2843
1794,3.3793
1795,9.0146
1796,3.5016
1797,9.2983
1798,8.5346
1799,1.7716
1800,4.4518
1801,5.9303
1802,4.6875
1803,3.429
1804,13.898
1805,4.4429
1806,5.666
1807,2.9708
1808,11.494
1809,7.9917
1810,7.6883
1811,2.9193
1812,4.0321
1813,3.8068
1814,4.7063
1815,3.6842
1816,5.9713
1817,6.1633
1818,10.071
1819,4.2247
1820,6.2384
1821,12.258
1822,5.0165
1823,6.6149
1824,5.6978
1825,10.548
1826,3.7614
1827,8.3821
1828,10.564
1829,4.1613
1830,4.4672
1831,2.9656
1832,6.2645
1833,10.136
1834,4.408
1835,3.6622
1836,4.0906
1837,7.0024
1838,1.6266
1839,7.9328
1840,7.3206
1841,8.6742
1842,4.8533
1843,6.4879
1844,5.6334
1845,7.1299
1846,1.207
1847,5.293
1848,5.5338
1849,2.6199
1850,5.8446
1851,1.3126
1852,2.5423
1853,3.2905
1854,8.4703
1855,8.0779
1856,6.2002
1857,7.6841
1858,7.6431
1859,3.6731
1860,7.4182
1861,6.0386
1862,3.15
1863,9.623
1864,3.7249
1865,4.3134
1866,7.3785
1867,1.3965
1868,5.8489
1869,5.7166
1870,0.92411
1871,12.651
1872,8.4639
1873,2.7672
1874,4.5684
1875,8.3176
1876,10.36
1877,6.4116
1878,5.4225
1879,4.9384
1880,2.1526
1881,7.7061
1882,1.3673
1883,7.0951
1884,8.1268
1885,7.8844
1886,1.9841
1887,5.211
1888,6.5725
1889,7.5678
1890,4.4153
1891,8.0939
1892,0.40884
1893,5.3151
1894,7.9971
1895,13.09
1896,4.5598
1897,6.1491
1898,0.75722
1899,6.1377
1900,12.133
1901,8.4577
1902,8.4794
1903,5.5096
1904,5.6956
1905,9.1383
1906,8.7651
1907,3.5624
1908,5.5054
1909,5.8183
1910,4.5727
1911,8.4129
1912,4.842
1913,4.713
1914,8.5452
1915,3.7818
1916,2.8422
1917,7.3932
1918,4.5421
1919,6.1416
1920,5.5586
1921,4.2254
1922,3.338
1923,3.4902
1924,8.1651
1925,7.7139
1926,5.2414
1927,3.3866
1928,8.214
1929,5.2833
1930,5.9044
1931,7.8671
1932,9.0414
1933,5.8727
1934,3.4128
1935,3.6893
1936,2.269
1937,4.2379
1938,6.9286
1939,5.9824
1940,10.247
1941,2.3689
1942,11.533
1943,3.0291
1944,9.1236
1945,4.1435
1946,10.172
1947,11.71
1948,5.5445
1949,13.434
1950,2.3482
1951,7.8553
1952,8.482
1953,2.509
1954,5.4365
1955,1.188
1956,4.6748
1957,2.6831
1958,2.0314
1959,6.9849
1960,1.541
1961,3.3842
1962,10.048
1963,4.4238
1964,4.8036
1965,8.2781
1966,1.4761
1967,2.4575
1968,2.989
1969,6.2872
1970,4.985
1971,2.8582
1972,6.4966
1973,2.0718
1974,5.0962
1975,7.5208
1976,9.6135
1977,2.5867
1978,5.9538
1979,10.902
1980,1.1354
1981,4.9464
1982,9.9546
1983,4.9717
1984,8.2429
1985,1.3205
1986,10.697
1987,3.1714
1988,4.0507
1989,4.3062
1990,2.7362
1991,2.998
1992,5.0982
1993,3.939
1994,5.9463
1995,11.85
1996,13.418
1997,4.4096
1998,7.0024
1999,5.3271
2000,2.0198
2001,6.4748
2002,8.6217
2003,3.3101
2004,11.183
2005,0.26775
2006,7.1406
2007,6.6086
2008,8.831
2009,3.2174
2010,5.2681
2011,5.2792
2012,1.6949
2013,4.3471
2014,1.8508
2015,4.2108
2016,6.143
2017,7.7372
2018,7.44
2019,3.876
2020,3.726
2021,4.9225
2022,3.6565
2023,3.5816
2024,5.1444
2025,5.7074
2026,5.7964
2027,9.2671
2028,4.7254
2029,2.8941
2030,2.2373
2031,2.8806
2032,4.4776
2033,5.1343
2034,7.9272
2035,5.4742
2036,3.8343
2037,5.6387
2038,9.2692
2039,12.488
2040,4.37
2041,12.935
2042,2.7639
2043,3.523
2044,7.5933
2045,7.7418
2046,6.1084
2047,5.6401
2048,4.1739
2049,6.9298
2050,4.4322
2051,9.3142
2052,7.6352
2053,3.4558
2054,8.227
2055,2.9503
2056,1.6363
2057,4.6822
2058,7.8341
2059,8.8373
2060,5.2755
2061,8.3183
2062,7.4826
2063,7.1229
2064,4.5774
2065,6.6521
2066,9.3839
2067,2.0899
2068,1.9507
2069,10.956
2070,4.0712
2071,2.4845
2072,2.7262
2073,2.8347
2074,8.1038
2075,10.434
2076,6.5555
2077,2.2379
2078,1.4186
2079,14.037
2080,4.3196
2081,7.9201
2082,0.92529
2083,7.2633
2084,4.3466
2085,6.4339
2086,2.5404
2087,2.6816
2088,4.4084
2089,6.5031
2090,5.6354
2091,1.7561
2092,9.4066
2093,2.7625
2094,4.1099
2095,4.3215
2096,4.4891
2097,4.4925
2098,4.1105
2099,4.3915
2100,5.391
2101,9.996
2102,5.4296
2103,7.6212
2104,4.6111
2105,2.574
2106,6.231
2107,4.4358
2108,7.2702
2109,5.3366
2110,4.0694
2111,5.1272
2112,3.8371
2113,5.4095
2114,1.8229
2115,7.3961
2116,7.075
2117,7.559
2118,4.2163
2119,3.6249
2120,4.5157
2121,7.9296
2122,10.803
2123,4.0594
2124,4.4655
2125,0.95447
2126,4.1852
2127,7.468
2128,2.194
2129,6.6041
2130,6.9807
2131,5.6643
2132,6.1414
2133,4.6643
2134,5.4007
2135,3.6096
2136,3.6788
2137,10.95
2138,4.546
2139,5.6226
2140,5.4083
2141,4.8556
2142,8.8334
2143,5.9197
2144,0.35888
2145,9.734
2146,5.8039
2147,10.679
2148,3.1155
2149,6.7363
2150,3.6214
2151,6.8471
2152,4.3562
2153,3.3301
2154,4.4998
2155,4.5443
2156,4.3359
2157,5.472
2158,3.1597
2159,1.958
2160,6.6101
2161,10.932
2162,3.5332
2163,2.9749
2164,6.6835
2165,4.8637
2166,1.4737
2167,2.132
2168,2.8758
2169,8.1768
2170,8.5026
2171,2.869
2172,7.9664
2173,3.6938
2174,2.2541
2175,7.5469
2176,6.6053
2177,6.9135
2178,7.2357
2179,3.3444
2180,4.5603
2181,5.8185
2182,2.8138
2183,5.7287
2184,10.447
2185,5.0959
2186,9.5693
2187,11.04
2188,7.0692
2189,13.684
2190,5.4528
2191,4.8531
2192,1.3491
2193,7.7595
2194,2.7292
2195,4.1167
2196,0.28532
2197,5.3888
2198,6.8986
2199,8.1463
2200,8.6552
2201,3.0782
2202,3.5432
2203,4.9453
2204,4.5081
2205,6.6533
2206,8.3854
2207,10.565
2208,4.5711
2209,2.0998
2210,10.396
2211,5.9381
2212,7.0833
2213,3.5168
2214,6.1037
2215,4.2852
2216,2.1867
2217,1.1098
2218,9.2619
2219,4.0862
2220,10.098
2221,1.9518
2222,5.0473
2223,3.0946
2224,10.417
2225,7.2026
2226,5.1311
2227,2.6697
2228,2.2485
2229,6.3598
2230,7.8349
2231,0.15589
2232,1.8703
2233,3.2653
2234,15.913
2235,7.9672
2236,3.3554
2237,3.8813
2238,5.1073
2239,5.1141
2240,2.399
2241,2.278
2242,7.6489
2243,12.503
2244,8.225
2245,5.9033
2246,6.8843
2247,4.9035
2248,4.0177
2249,8.3586
2250,3.0035
2251,8.9494
2252,8.4909
2253,3.271
2254,9.3923
2255,8.2451
2256,5.9592
2257,5.2265
2258,6.6888
2259,5.2703
2260,14.37
2261,3.4909
2262,2.8927
2263,5.2769
2264,4.9284
2265,5.875
2266,2.2068
2267,1.601
2268,7.2935
2269,3.4723
2270,6.1533
2271,6.5275
2272,4.9442
2273,8.658
2274,5.7819
2275,6.4039
2276,6.2865
2277,3.0158
2278,6.145
2279,7.2163
2280,7.3013
2281,3.7848
2282,5.3695
2283,9.8313
2284,0.7334
2285,6.0621
2286,5.7635
2287,6.9585
2288,9.315
2289,7.4102
2290,10.197
2291,7.3606
2292,5.7749
2293,7.3988
2294,4.2084
2295,3.8558
2296,1.884
2297,8.1444
2298,4.7899
2299,8.9085
2300,10.01
2301,4.3455
2302,7.7503
2303,1.0774
2304,3.0711
2305,8.344
2306,3.3387
2307,6.6525
2308,12.372
2309,7.1481
2310,4.0206
2311,5.0766
2312,8.7651
2313,12.06
2314,4.9598
2315,6.6054
2316,6.9872
2317,7.4903
2318,5.3287
2319,6.1269
2320,1.7994
2321,4.1185
2322,15.845
2323,7.3706
2324,5.5034
2325,6.4861
2326,3.9808
2327,4.6183
2328,2.0687
2329,2.2048
2330,2.4678
2331,6.6078
2332,4.331
2333,10.941
2334,12.588
2335,0.79784
2336,10.386
2337,5.8094
2338,8.6371
2339,11.181
2340,4.3185
2341,5.0522
2342,3.2663
2343,13.568
2344,9.1024
2345,5.0446
2346,8.829
2347,2.9171
2348,15.096
2349,2.0404
2350,8.1878
2351,4.2568
2352,4.6075
2353,3.7777
2354,3.7671
2355,8.3661
2356,4.0267
2357,11.275
2358,7.5234
2359,3.9755
2360,5.2027
2361,3.9547
2362,7.7572
2363,2.2947
2364,3.8558
2365,9.3848
2366,5.4823
2367,2.4942
2368,2.8121
2369,7.0448
2370,5.289
2371,8.2826
2372,6.7744
2373,5.1695
2374,3.5677
2375,9.3959
2376,2.6289
2377,6.169
2378,3.184
2379,8.4098
2380,3.1862
2381,5.0779
2382,3.4182
2383,4.6263
2384,6.5555
2385,7.8435
2386,5.3069
2387,12.062
2388,10.575
2389,5.3364
2390,4.3637
2391,7.098
2392,8.9535
2393,3.9105
2394,6.2942
2395,7.0992
2396,2.929
2397,1.0811
2398,6.7941
2399,3.9859
2400,2.8789
2401,2.9408
2402,9.0354
2403,7.011
2404,6.4816
2405,8.1008
2406,4.2191
2407,3.7274
2408,6.9288
2409,0.12783
2410,3.9378
2411,8.439
2412,3.6212
2413,5.5706
2414,4.6212
2415,11.333
2416,13.266
2417,2.3584
2418,3.8182
2419,6.5556
2420,5.8357
2421,4.9734
2422,4.4927
2423,5.8589
2424,5.3378
2425,3.6066
2426,2.8148
2427,5.1366
2428,10.64
2429,3.6606
2430,3.278
2431,3.8568
2432,12.149
2433,5.6017
2434,8.8824
2435,6.2179
2436,10.386
2437,4.5616
2438,6.7401
2439,7.6061
2440,8.5783
2441,1.4551
2442,7.772
2443,5.6769
2444,5.6622
2445,5.8481
2446,5.7769
2447,4.7331
2448,1.2361
2449,8.7411
2450,6.8404
2451,9.9935
2452,11.974
2453,6.4009
2454,7.4547
2455,8.6277
2456,2.7756
2457,2.7176
2458,9.0924
2459,2.7148
2460,6.566
2461,11.821
2462,5.8085
2463,7.4795
2464,5.1898
2465,4.7416
2466,1.5092
2467,1.7866
2468,3.3125
2469,9.1158
2470,8.8265
2471,7.9494
2472,6.7918
2473,2.3245
2474,7.7187
2475,5.7836
2476,4.7567
2477,14.447
2478,9.1934
2479,6.9708
2480,9.0187
2481,2.938
2482,3.842
2483,5.5287
2484,6.1132
2485,4.0662
2486,5.2373
2487,12.008
2488,3.8327
2489,3.0439
2490,7.7105
2491,6.0115
2492,8.516
2493,2.527
2494,5.8261
2495,2.9401
2496,8.1201
2497,6.0315
2498,10.288
2499,5.0552
2500,3.2678
2501,3.3059
2502,3.0769
2503,8.6171
2504,1.9297
2505,0.54296
2506,3.8927
2507,6.5856
2508,2.6899
2509,5.5705
2510,3.905
2511,5.4132
2512,4.1221
2513,2.4386
2514,9.3243
2515,3.0829
2516,11.019
2517,3.4642
2518,10.629
2519,10.777
2520,4.9955
2521,5.4172
2522,3.3455
2523,8.1896
2524,10.482
2525,7.8935
2526,2.8184
2527,8.0387
2528,8.2458
2529,4.2068
2530,8.4303
2531,4.1038
2532,12.624
2533,0.81355
2534,6.2615
2535,8.2339
2536,6.2287
2537,4.6515
2538,4.0046
2539,8.6778
2540,8.4556
2541,2.8367
2542,6.9951
2543,6.6657
2544,13.512
2545,8.0998
2546,5.2297
2547,3.1386
2548,9.4175
2549,7.2603
2550,0.75036
2551,1.3226
2552,8.4537
2553,1.4
2554,1.7513
2555,5.7965
2556,3.2791
2557,9.9122
2558,3.1019
2559,13.235
2560,1.1437
2561,1.4516
2562,2.8888
2563,7.1071
2564,7.4191
2565,8.576
2566,12.188
2567,4.2212
2568,0.64372
2569,4.3954
2570,6.2223
2571,2.515
2572,1.5698
2573,10.453
2574,4.1225
2575,1.9635
2576,9.8822
2577,5.8144
2578,3.3381
2579,3.9799
2580,11.891
2581,9.8593
2582,4.5299
2583,4.9427
2584,3.4074
2585,9.6795
2586,3.0704
2587,2.8087
2588,9.3849
2589,4.2595
2590,6.7809
2591,2.9354
2592,5.3935
2593,3.831
2594,10.26
2595,3.8337
2596,5.9771
2597,6.1866
2598,2.6266
2599,10.691
2600,2.2376
2601,4.2227
2602,2.622
2603,6.0342
2604,4.9324
2605,3.3031
2606,3.004
2607,11.398
2608,3.7545
2609,7.6434
2610,5.9407
2611,1.2354
2612,3.6932
2613,7.2162
2614,4.7369
2615,4.9556
2616,2.8875
2617,5.4589
2618,6.9378
2619,3.9819
2620,7.4414
2621,4.4827
2622,7.0646
2623,6.3071
2624,6.5159
2625,8.8737
2626,12.033
2627,6.4081
2628,8.5598
2629,10.605
2630,4.368
2631,3.55
2632,10.313
2633,6.7459
2634,4.8763
2635,2.8562
2636,3.794
2637,5.0756
2638,5.7002
2639,5.1079
2640,11.884
2641,2.1606
2642,2.4043
2643,7.333
2644,6.1753
2645,4.4346
2646,6.4704
2647,3.1903
2648,10.298
2649,1.3205
2650,9.6018
2651,2.43
2652,5.7509
2653,9.4623
2654,3.2815
2655,3.898
2656,5.0276
2657,14.791
2658,5.2494
2659,2.8811
2660,2.413
2661,5.847
2662,2.464
2663,1.7607
2664,5.2199
2665,5.5477
2666,6.6345
2667,7.1043
2668,7.9616
2669,3.5886
2670,5.5755
2671,4.6694
2672,10.168
2673,8.2672
2674,7.3832
2675,4.1311
2676,6.3686
2677,4.003
2678,5.8242
2679,10.012
2680,7.4434
2681,7.3782
2682,3.1128
2683,8.3491
2684,0.92327
2685,4.0514
2686,5.4102
2687,8.1357
2688,6.3117
2689,6.4777
2690,3.2223
2691,3.9319
2692,8.8104
2693,5.1021
2694,8.3357
2695,7.4725
2696,7.2271
2697,14.984
2698,6.7705
2699,6.8317
2700,7.2863
2701,6.2253
2702,5.0152
2703,10.198
2704,4.6407
2705,3.5779
2706,4.6989
2707,0.95464
2708,3.9721
2709,4.1839
2710,4.407
2711,2.745
2712,3.4305
2713,1.7802
2714,6.507
2715,6.6059
2716,7.0657
2717,8.5683
2718,0.44942
2719,9.4041
2720,5.1832
2721,1.7097
2722,5.7183
2723,5.7322
2724,4.6224
2725,8.3581
2726,3.1428
2727,4.6307
2728,6.1434
2729,4.8707
2730,5.2656
2731,0.60626
2732,5.8932
2733,7.3612
2734,5.7016
2735,7.1087
2736,4.8452
2737,7.1897
2738,6.4579
2739,4.4902
2740,0.84042
2741,7.5069
2742,7.0528
2743,16.031
2744,4.8414
2745,5.7263
2746,6.9472
2747,4.8003
2748,7.3309
2749,2.9763
2750,11.741
2751,8.7486
2752,5.3163
2753,5.6814
2754,7.7821
2755,0.38875
2756,9.7558
2757,7.3154
2758,10.287
2759,1.4704
2760,5.2854
2761,1.9343
2762,1.0914
2763,6.6945
2764,8.9428
2765,2.6933
2766,3.9958
2767,1.0722
2768,9.8368
2769,5.7502
2770,7.5166
2771,3.8139
2772,4.9903
2773,7.0532
2774,6.5756
2775,4.8236
2776,4.5965
2777,6.148
2778,6.2545
2779,6.4077
2780,5.489
2781,7.6073
2782,12.599
2783,7.1454
2784,0.78953
2785,10.269
2786,5.8926
2787,4.1017
2788,10.261
2789,9.6895
2790,5.7085
2791,5.7055
2792,5.9005
2793,5.9038
2794,6.0517
2795,6.2879
2796,5.2692
2797,5.5668
2798,3.9444
2799,5.5182
2800,7.2866
2801,5.2715
2802,6.4889
2803,5.9768
2804,6.4716
2805,2.9528
2806,8.4237
2807,6.9959
2808,2.6386
2809,9.676
2810,6.0592
2811,3.7237
2812,5.6134
2813,2.4887
2814,7.3043
2815,5.6344
2816,0.84443
2817,10.956
2818,7.4078
2819,1.1504
2820,7.8403
2821,8.3212
2822,6.7718
2823,6.1385
2824,9.9838
2825,3.684
2826,13.025
2827,4.3866
2828,7.9577
2829,3.941
2830,3.5234
2831,6.3957
2832,5.5394
2833,9.0627
2834,2.3251
2835,7.5582
2836,3.4206
2837,12.991
2838,4.9601
2839,12.851
2840,0.82117
2841,3.7791
2842,5.3081
2843,12.41
2844,11.137
2845,4.3883
2846,13.095
2847,6.4532
2848,9.5732
2849,5.0249
2850,9.7001
2851,9.8126
2852,4.5852
2853,2.5518
2854,5.4055
2855,7.1112
2856,2.6965
2857,7.0315
2858,9.359
2859,2.4016
2860,3.0577
2861,10.256
2862,11.181
2863,4.2725
2864,8.375
2865,4.7075
2866,7.0049
2867,4.3277
2868,2.1319
2869,5.3816
2870,4.1676
2871,6.6504
2872,9.1838
2873,2.548
2874,1.045
2875,9.2409
2876,7.4549
2877,5.9473
2878,9.3279
2879,7.5683
2880,4.0469
2881,8.0722
2882,2.7885
2883,7.3324
2884,7.7003
2885,2.6702
2886,6.7284
2887,5.8789
2888,1.4598
2889,2.2797
2890,10.348
2891,13.774
2892,7.4305
2893,9.4146
2894,5.052
2895,3.094
2896,4.8881
2897,15.267
2898,3.9821
2899,2.1122
2900,6.6433
2901,2.5032
2902,1.0293
2903,2.3367
2904,6.8149
2905,4.6241
2906,4.9834
2907,4.9771
2908,3.2659
2909,0.26255
2910,5.9045
2911,3.1521
2912,8.0224
2913,5.5954
2914,6.3022
2915,7.4459
2916,13.743
2917,9.8384
2918,0.44329
2919,9.1859
2920,7.1887
2921,3.2589
2922,10.85
2923,5.0365
2924,5.316
2925,5.042
2926,10.243
2927,4.9265
2928,3.33
2929,3.2934
2930,6.647
2931,3.4595
2932,6.0863
2933,4.3482
2934,4.1995
2935,2.2891
2936,4.9534
2937,7.6556
2938,2.9223
2939,5.8245
2940,3.8931
2941,3.2301
2942,9.2909
2943,3.9456
2944,4.5957
2945,3.3607
2946,0.71806
2947,13.101
2948,4.9831
2949,8.1796
2950,9.7929
2951,3.0374
2952,8.4317
2953,11.686
2954,1.5464
2955,7.7881
2956,3.5119
2957,7.2095
2958,9.501
2959,4.3432
2960,2.1017
2961,3.9784
2962,7.6628
2963,0.49276
2964,3.9472
2965,3.2021
2966,5.7814
2967,3.3697
2968,2.4534
2969,6.6034
2970,5.5991
2971,2.0815
2972,3.9887
2973,5.5005
2974,5.4395
2975,5.9061
2976,2.0236
2977,5.0022
2978,8.0008
2979,4.4185
2980,7.4952
2981,1.8023
2982,8.5975
2983,9.7588
2984,2.8364
2985,4.4381
2986,6.467
2987,3.6522
2988,8.3879
2989,1.5173
2990,7.872
2991,12.609
2992,3.5848
2993,2.867
2994,7.1062
2995,4.6855
2996,7.1462
2997,1.682
2998,7.1722
2999,5.4059
3000,3.9121
3001,9.6105
3002,7.8431
3003,5.1032
3004,6.4758
3005,2.9083
3006,4.1777
3007,2.2939
3008,1.9355
3009,4.5913
3010,2.5754
3011,5.6919
3012,6.9447
3013,2.2235
3014,7.1112
3015,12.748
3016,5.3149
3017,9.1611
3018,7.4797
3019,4.2227
3020,8.5255
3021,8.7826
3022,4.974
3023,3.9194
3024,7.1523
3025,16.069
3026,5.1255
3027,6.1128
3028,5.2521
3029,3.9129
3030,3.6942
3031,0.36903
3032,5.0779
3033,6.7947
3034,1.8623
3035,5.5576
3036,2.9409
3037,4.1365
3038,4.473
3039,2.3643
3040,7.8424
3041,5.9255
3042,3.1301
3043,4.2737
3044,6.0943
3045,7.8946
3046,2.6998
3047,5.932
3048,5.3151
3049,3.8413
3050,6.6033
3051,7.7135
3052,4.9555
3053,4.3283
3054,9.6118
3055,5.0938
3056,9.7103
3057,7.1779
3058,7.3906
3059,6.2019
3060,4.7273
3061,6.0936
3062,5.046
3063,12.521
3064,12.831
3065,6.8362
3066,8.7481
3067,3.9525
3068,2.6969
3069,1.6713
3070,2.1116
3071,2.464
3072,1.4775
3073,7.7519
3074,9.3122
3075,4.2447
3076,10.229
3077,1.425
3078,2.1741
3079,6.5821
3080,14.842
3081,6.3457
3082,2.8535
3083,3.4295
3084,11.976
3085,2.6444
3086,8.3976
3087,6.4995
3088,4.3464
3089,1.8657
3090,10.811
3091,5.9873
3092,8.2839
3093,5.5376
3094,6.0436
3095,6.9553
3096,6.8907
3097,4.4374
3098,3.3709
3099,3.2762
3100,1.6068
3101,4.5721
3102,4.0749
3103,5.9904
3104,6.048
3105,5.6871
3106,10.974
3107,2.8459
3108,10.154
3109,7.9448
3110,5.9936
3111,2.4879
3112,2.8921
3113,3.9633
3114,2.8409
3115,1.4078
3116,4.6396
3117,6.081
3118,6.1079
3119,7.691
3120,10.834
3121,4.0408
3122,2.7442
3123,1.1978
3124,7.7682
3125,6.6782
3126,1.4035
3127,8.2198
3128,5.9277
3129,10.02
3130,3.3841
3131,4.5976
3132,4.5655
3133,11.037
3134,5.0725
3135,8.5527
3136,6.7486
3137,13.238
3138,7.7459
3139,1.1126
3140,7.0801
3141,4.3533
3142,10.574
3143,9.3052
3144,5.4767
3145,2.5639
3146,6.9525
3147,16.25
3148,2.9882
3149,3.7158
3150,7.3058
3151,5.1244
3152,3.3353
3153,5.7495
3154,2.5181
3155,7.853
3156,8.7441
3157,4.9283
3158,6.6636
3159,6.678
3160,5.96
3161,1.3263
3162,13.18
3163,5.0562
3164,3.4157
3165,7.3896
3166,8.3127
3167,4.1728
3168,3.8706
3169,8.8187
3170,14.738
3171,6.1392
3172,4.7054
3173,3.6194
3174,5.5596
3175,8.1205
3176,9.0236
3177,9.7638
3178,4.2616
3179,7.6106
3180,5.0452
3181,10.248
3182,4.766
3183,5.7942
3184,4.4183
3185,6.771
3186,3.6861
3187,6.1156
3188,7.0878
3189,3.5426
3190,5.8991
3191,5.3614
3192,11.264
3193,9.4933
3194,2.3839
3195,6.2109
3196,4.3549
3197,6.1634
3198,3.4334
3199,7.8163
3200,1.4512
3201,0.39868
3202,3.753
3203,3.5372
3204,0.80653
3205,10.435
3206,8.9331
3207,10.082
3208,7.5383
3209,8.0116
3210,5.8777
3211,10.223
3212,7.3506
3213,4.589
3214,4.5031
3215,6.7367
3216,5.0656
3217,0.38225
3218,3.2015
3219,6.012
3220,7.4209
3221,1.442
3222,4.9746
3223,9.9054
3224,4.5467
3225,17.004
3226,2.0594
3227,3.0057
3228,4.7761
3229,13.047
3230,9.3845
3231,5.5485
3232,1.4774
3233,3.8016
3234,6.3867
3235,7.8796
3236,3.7661
3237,6.6658
3238,4.4961
3239,2.1264
3240,11.024
3241,4.6071
3242,6.4933
3243,4.7752
3244,3.8327
3245,5.5426
3246,3.8812
3247,2.9009
3248,6.6122
3249,1.8828
3250,3.1462
3251,5.2324
3252,4.6956
3253,4.4206
3254,12.144
3255,4.3967
3256,6.7862
3257,2.2572
3258,3.0855
3259,3.6158
3260,5.1039
3261,2.5249
3262,3.9445
3263,5.9386
3264,4.2767
3265,5.5359
3266,9.3289
3267,1.7756
3268,4.4632
3269,5.029
3270,4.4573
3271,10.815
3272,7.3917
3273,7.2383
3274,3.2495
3275,11.574
3276,4.2601
3277,2.2977
3278,5.5868
3279,8.1845
3280,6.9582
3281,7.511
3282,9.6106
3283,10.476
3284,3.0726
3285,4.21
3286,2.5684
3287,3.0162
3288,2.5039
3289,3.53
3290,12.473
3291,6.8163
3292,3.744
3293,4.3668
3294,5.0313
3295,5.7671
3296,1.9114
3297,4.7241
3298,4.9957
3299,1.9975
3300,2.3259
3301,5.4139
3302,6.8726
3303,0.4324
3304,5.5332
3305,5.5619
3306,13.938
3307,3.2116
3308,9.1455
3309,4.3973
3310,4.1658
3311,1.6654
3312,14.148
3313,6.8161
3314,1.9373
3315,10.402
3316,7.4605
3317,2.9098
3318,2.7428
3319,3.5929
3320,5.6335
3321,4.9279
3322,6.6497
3323,4.8369
3324,9.5877
3325,3.5467
3326,4.0959
3327,7.449
3328,1.6029
3329,6.2324
3330,10.122
3331,5.9975
3332,12.572
3333,6.3704
3334,0.65839
3335,2.6879
3336,3.1409
3337,7.8355
3338,5.3016
3339,11.266
3340,7.4963
3341,2.0698
3342,2.4623
3343,9.5763
3344,6.3307
3345,5.0216
3346,6.1295
3347,4.4518
3348,2.9812
3349,3.8389
3350,9.2361
3351,10.312
3352,7.7352
3353,3.9816
3354,14.271
3355,4.4473
3356,5.7124
3357,1.7212
3358,3.5511
3359,5.7097
3360,8.3483
3361,6.5693
3362,5.7991
3363,5.2153
3364,3.9956
3365,1.5152
3366,11.731
3367,0.32893
3368,5.9297
3369,12.564
3370,0.62121
3371,4.5335
3372,6.6316
3373,7.0047
3374,5.0236
3375,5.537
3376,12.925
3377,1.312
3378,7.0109
3379,4.2038
3380,4.8119
3381,7.7784
3382,10.147
3383,0.88602
3384,2.3715
3385,6.5183
3386,8.68
3387,2.3874
3388,7.0315
3389,8.8613
3390,3.4847
3391,6.2268
3392,8.2401
3393,0.16
3394,7.5127
3395,8.2396
3396,1.7898
3397,11.025
3398,2.9073
3399,8.2175
3400,6.2421
3401,4.1673
3402,9.8701
3403,4.0912
3404,7.0085
3405,6.141
3406,2.8511
3407,10.037
3408,6.9375
3409,2.6356
3410,2.0845
3411,4.1768
3412,3.5235
3413,3.0072
3414,2.6792
3415,3.6972
3416,7.2408
3417,1.9619
3418,5.6237
3419,5.3901
3420,1.8279
3421,4.6571
3422,11.328
3423,10.275
3424,6.8883
3425,6.6325
3426,5.7667
3427,3.4671
3428,4.8835
3429,10.003
3430,8.6904
3431,5.298
3432,4.9346
3433,8.152
3434,9.4089
3435,2.5726
3436,1.5382
3437,5.4325
3438,3.955
3439,4.5924
3440,10.619
3441,9.7098
3442,6.7161
3443,6.3139
3444,3.2705
3445,10.073
3446,6.1933
3447,7.1422
3448,4.8321
3449,8.8295
3450,8.2511
3451,6.0926
3452,7.3546
3453,8.6676
3454,6.1603
3455,9.3044
3456,6.6047
3457,5.5452
3458,4.5594
3459,2.5443
3460,3.0761
3461,7.1656
3462,2.2139
3463,4.4277
3464,2.4034
3465,8.1413
3466,4.5485
3467,5.3442
3468,2.4536
3469,1.2488
3470,1.2128
3471,6.3232
3472,3.792
3473,5.8442
3474,13.512
3475,1.8993
3476,3.5663
3477,5.2877
3478,4.3259
3479,1.9858
3480,3.6543
3481,3.2121
3482,3.2177
3483,3.2469
3484,8.4135
3485,3.7844
3486,6.5266
3487,1.8164
3488,1.0662
3489,4.279
3490,4.763
3491,1.1678
3492,3.0599
3493,4.1788
3494,4.1754
3495,7.0302
3496,1.0759
3497,3.5755
3498,6.8573
3499,5.0109
3500,8.1109
3501,1.537
3502,2.0817
3503,4.958
3504,2.0064
3505,6.3115
3506,8.5511
3507,2.7245
3508,9.9146
3509,4.5115
3510,3.0149
3511,5.3721
3512,1.189
3513,6.2225
3514,0.52108
3515,7.7806
3516,6.8822
3517,12.569
3518,7.2218
3519,3.9926
3520,4.3911
3521,6.4231
3522,4.9211
3523,4.3686
3524,6.8019
3525,10.853
3526,1.3921
3527,0.86075
3528,5.361
3529,14.182
3530,6.4474
3531,6.7371
3532,11.965
3533,2.7709
3534,7.0018
3535,3.4617
3536,1.3134
3537,8.2868
3538,4.5354
3539,5.7732
3540,6.2894
3541,6.5319
3542,4.2108
3543,7.2414
3544,4.5596
3545,3.5217
3546,5.0358
3547,11.353
3548,3.6207
3549,7.3638
3550,4.5141
3551,2.8153
3552,6.1302
3553,2.3241
3554,5.7024
3555,3.5984
3556,10.85
3557,8.7987
3558,1.4367
3559,2.8633
3560,8.0497
3561,4.4368
3562,6.9249
3563,4.544
3564,11.028
3565,10.441
3566,3.5792
3567,3.3508
3568,5.0746
3569,6.2012
3570,1.8368
3571,4.8762
3572,5.6161
3573,3.4125
3574,2.8607
3575,5.4132
3576,9.2017
3577,11.683
3578,8.0081
3579,8.3364
3580,3.3803
3581,7.4587
3582,3.588
3583,6.0235
3584,5.7012
3585,7.1008
3586,10.525
3587,9.6949
3588,5.3096
3589,9.2683
3590,6.1968
3591,7.9125
3592,3.3193
3593,2.9528
3594,6.5967
3595,11.285
3596,6.905
3597,10.115
3598,6.0431
3599,6.6994
3600,4.6812
3601,4.2022
3602,3.3992
3603,10.359
3604,9.575
3605,4.6731
3606,7.0687
3607,5.6539
3608,6.5842
3609,9.4124
3610,2.8062
3611,5.4879
3612,3.9385
3613,6.873
3614,3.1573
3615,3.758
3616,4.9763
3617,6.7261
3618,15.164
3619,3.4428
3620,11.326
3621,9.1751
3622,3.6855
3623,8.6813
3624,13.18
3625,5.3859
3626,1.8452
3627,3.5267
3628,1.4326
3629,6.0629
3630,6.2289
3631,4.4515
3632,4.2788
3633,9.2342
3634,3.8452
3635,6.8965
3636,9.0602
3637,2.2094
3638,1.2815
3639,7.3727
3640,8.2071
3641,5.3173
3642,4.2306
3643,7.8912
3644,2.8584
3645,6.9882
3646,2.0745
3647,9.4667
3648,6.4949
3649,1.5608
3650,12.111
3651,3.5436
3652,7.4037
3653,2.4866
3654,6.2855
3655,5.8555
3656,5.3557
3657,13.866
3658,4.6272
3659,3.6022
3660,6.2932
3661,5.0844
3662,2.5556
3663,7.8778
3664,4.5664
3665,1.6049
3666,8.933
3667,3.1293
3668,3.9768
3669,3.0521
3670,8.4033
3671,1.9886
3672,11.171
3673,8.3823
3674,3.6072
3675,4.8946
3676,6.8404
3677,1.9229
3678,6.9824
3679,7.4397
3680,2.8926
3681,5.8644
3682,5.504
3683,5.0437
3684,7.1007
3685,8.2355
3686,5.766
3687,11.12
3688,7.6804
3689,6.3614
3690,9.8247
3691,5.1565
3692,5.4753
3693,3.3754
3694,4.9184
3695,2.3014
3696,5.2748
3697,4.4253
3698,6.6505
3699,11.266
3700,0.64918
3701,5.0695
3702,6.9367
3703,3.1535
3704,7.9321
3705,1.9131
3706,3.9036
3707,6.8467
3708,4.9265
3709,4.858
3710,7.0518
3711,10.054
3712,2.6625
3713,7.5924
3714,6.2921
3715,0.94723
3716,8.4511
3717,4.3381
3718,0.59512
3719,5.5138
3720,2.1994
3721,4.6088
3722,7.33
3723,3.411
3724,12.426
3725,9.9566
3726,2.3213
3727,18.593
3728,3.4741
3729,6.6312
3730,9.4813
3731,1.7506
3732,5.2923
3733,1.9244
3734,4.264
3735,3.8474
3736,10.816
3737,1.3952
3738,4.6556
3739,3.1325
3740,2.9931
3741,5.0132
3742,6.8921
3743,6.3562
3744,7.5431
3745,7.8904
3746,0.50272
3747,9.4743
3748,6.2071
3749,6.1129
3750,5.2397
3751,8.4736
3752,7.3535
3753,9.8702
3754,1.2624
3755,4.2472
3756,4.9428
3757,6.9156
3758,8.6237
3759,7.6132
3760,6.2861
3761,4.0676
3762,3.5081
3763,9.3068
3764,8.5898
3765,5.2566
3766,3.8107
3767,6.9781
3768,3.5315
3769,0.5817
3770,1.2535
3771,6.2185
3772,7.0145
3773,6.9891
3774,3.263
3775,10.559
3776,3.2993
3777,7.2422
3778,2.5317
3779,5.3677
3780,6.2421
3781,7.0598
3782,4.0278
3783,5.198
3784,4.3145
3785,3.4849
3786,7.0766
3787,4.0315
3788,5.1842
3789,3.879
3790,4.6353
3791,4.4858
3792,2.2565
3793,7.3199
3794,4.386
3795,7.0009
3796,3.7215
3797,7.8507
3798,6.7577
3799,1.6582
3800,2.1508
3801,3.3851
3802,4.5556
3803,1.1873
3804,6.4408
3805,5.3646
3806,11.865
3807,6.867
3808,3.8248
3809,7.8619
3810,11.409
3811,5.9589
3812,3.3656
3813,8.4346
3814,4.8897
3815,2.4841
3816,9.3633
3817,6.9689
3818,8.5822
3819,12.852
3820,7.8754
3821,8.2078
3822,1.9417
3823,3.9753
3824,8.502
3825,9.1608
3826,11.467
3827,8.6206
3828,6.0569
3829,3.1511
3830,5.5038
3831,4.2691
3832,10.772
3833,8.5493
3834,5.4589
3835,5.5879
3836,5.035
3837,2.4816
3838,7.9392
3839,7.3617
3840,1.9354
3841,4.909
3842,3.1284
3843,2.009
3844,3.4475
3845,4.2197
3846,7.6482
3847,4.8894
3848,6.2995
3849,6.276
3850,4.741
3851,1.8809
3852,4.3133
3853,4.251
3854,4.182
3855,4.6641
3856,4.9546
3857,4.8831
3858,9.4725
3859,7.2902
3860,10.446
3861,9.9984
3862,4.8872
3863,8.3597
3864,9.7161
3865,4.104
3866,1.9102
3867,3.6819
3868,2.4535
3869,0.39253
3870,5.6262
3871,3.7506
3872,6.7202
3873,8.1629
3874,2.1818
3875,7.4594
3876,10.63
3877,1.8946
3878,5.8913
3879,8.2782
3880,7.5673
3881,6.7543
3882,1.2364
3883,4.1439
3884,10.164
3885,3.4665
3886,5.0046
3887,6.9269
3888,3.0662
3889,6.1829
3890,5.4231
3891,3.0446
3892,7.7377
3893,2.7559
3894,4.2942
3895,5.1282
3896,8.1131
3897,2.9309
3898,4.0896
3899,12.763
3900,5.0568
3901,6.3476
3902,4.8031
3903,9.719
3904,8.2589
3905,2.1055
3906,4.4779
3907,4.4819
3908,1.2286
3909,2.4165
3910,1.4698
3911,1.7124
3912,8.1521
3913,1.3083
3914,2.9949
3915,2.7609
3916,10.019
3917,2.2335
3918,14.177
3919,4.117
3920,10.877
3921,0.47977
3922,5.0054
3923,3.446
3924,4.115
3925,10.188
3926,5.4672
3927,3.2255
3928,0.55008
3929,1.348
3930,8.6812
3931,7.1439
3932,4.6875
3933,5.599
3934,9.7111
3935,13.689
3936,11.14
3937,10.168
3938,7.0833
3939,9.2314
3940,4.6508
3941,5.3288
3942,3.3945
3943,5.1448
3944,2.4567
3945,8.1036
3946,14.605
3947,1.2972
3948,13.445
3949,3.595
3950,6.3849
3951,2.5218
3952,8.6766
3953,14.762
3954,6.9467
3955,12.78
3956,2.0281
3957,6.0271
3958,2.1789
3959,5.1266
3960,11.725
3961,3.1349
3962,2.2652
3963,5.8332
3964,3.0641
3965,5.0381
3966,4.5321
3967,7.1937
3968,2.1234
3969,8.5
3970,5.951
3971,4.4527
3972,7.1943
3973,2.3057
3974,4.896
3975,5.5914
3976,5.183
3977,5.4981
3978,8.494
3979,2.8312
3980,3.8788
3981,6.1292
3982,9.6566
3983,0.66397
3984,7.1312
3985,1.0348
3986,5.7763
3987,9.3381
3988,0.82486
3989,7.8126
3990,8.1691
3991,6.5582
3992,6.4875
3993,7.396
3994,5.7351
3995,9.0841
3996,1.7898
3997,4.8803
3998,5.1562
3999,2.1252
4000,5.5024
4001,4.1472
4002,6.671
4003,2.9513
4004,4.8466
4005,7.6937
4006,8.5593
4007,5.1768
4008,5.6875
4009,5.3105
4010,8.8251
4011,11.839
4012,5.5874
4013,10.312
4014,7.5822
4015,6.2238
4016,10.462
4017,6.9834
4018,4.9005
4019,7.3498
4020,0.81417
4021,3.2663
4022,5.6019
4023,5.8357
4024,3.2989
4025,3.8508
4026,5.864
4027,14.532
4028,10.981
4029,3.7902
4030,2.0219
4031,10.751
4032,7.9211
4033,3.7744
4034,3.6414
4035,2.0513
4036,15.152
4037,3.1993
4038,4.1395
4039,7.7192
4040,7.6338
4041,3.4067
4042,8.6197
4043,12.017
4044,8.2528
4045,7.121
4046,2.6295
4047,3.5093
4048,10.573
4049,9.804
4050,7.4758
4051,6.7287
4052,4.5223
4053,2.9348
4054,4.3005
4055,4.1337
4056,6.9147
4057,16.125
4058,4.448
4059,3.2276
4060,2.4308
4061,4.9463
4062,1.2015
4063,3.7697
4064,4.8497
4065,13.956
4066,4.4527
4067,11.153
4068,2.5137
4069,4.7872
4070,3.6467
4071,8.6263
4072,6.8879
4073,7.1102
4074,5.595
4075,11.08
4076,2.2312
4077,5.1764
4078,6.1647
4079,2.2575
4080,2.4567
4081,4.1321
4082,2.8222
4083,8.1114
4084,5.9585
4085,5.5642
4086,5.4132
4087,3.8074
4088,4.8173
4089,11.143
4090,6.4418
4091,2.3107
4092,3.0348
4093,8.3617
4094,8.9013
4095,6.4801
4096,13.548
4097,4.6002
4098,8.4322
4099,9.3759
4100,4.0725
4101,4.6171
4102,5.2542
4103,4.1233
4104,6.9614
4105,8.0667
4106,7.0291
4107,8.6312
4108,2.6661
4109,15.846
4110,3.5709
4111,11.189
4112,11.972
4113,8.0325
4114,8.2539
4115,11.635
4116,2.2958
4117,2.6517
4118,5.5382
4119,4.7383
4120,8.9622
4121,8.3002
4122,5.7558
4123,5.7198
4124,7.9352
4125,4.0374
4126,10.326
4127,7.297
4128,8.0616
4129,4.2035
4130,7.0794
4131,13.446
4132,5.1345
4133,7.6334
4134,12.5
4135,4.9739
4136,5.1081
4137,6.4871
4138,8.6727
4139,5.4553
4140,4.1777
4141,6.2741
4142,3.501
4143,4.638
4144,5.0511
4145,6.7569
4146,0.97393
4147,7.1999
4148,5.4384
4149,4.2839
4150,3.3407
4151,6.367
4152,9.2012
4153,4.7166
4154,3.6239
4155,9.6323
4156,7.533
4157,4.0651
4158,12.711
4159,9.7713
4160,5.4809
4161,7.0285
4162,5.6029
4163,6.6297
4164,2.0383
4165,4.0366
4166,6.6285
4167,10.294
4168,0.84181
4169,6.2671
4170,5.8985
4171,10.564
4172,4.5067
4173,8.4732
4174,6.965
4175,1.4949
4176,9.178
4177,3.749
4178,5.3322
4179,2.0083
4180,11.385
4181,5.2259
4182,0.78816
4183,8.9869
4184,0.39571
4185,3.2385
4186,10.368
4187,5.3358
4188,5.0344
4189,3.9689
4190,2.2884
4191,6.0374
4192,1.3085
4193,1.5897
4194,5.8857
4195,4.717
4196,7.9193
4197,11.646
4198,6.6589
4199,6.7006
4200,4.9601
4201,4.1961
4202,3.1824
4203,5.2994
4204,8.2654
4205,2.6128
4206,6.6709
4207,9.7836
4208,5.9902
4209,7.0718
4210,0.68099
4211,1.7938
4212,2.8758
4213,10.345
4214,4.6757
4215,4.3588
4216,4.0056
4217,1.2779
4218,4.6254
4219,11.75
4220,7.1812
4221,4.9691
4222,6.1728
4223,4.462
4224,10.168
4225,2.643
4226,7.2721
4227,5.2611
4228,3.2106
4229,8.1933
4230,7.0744
4231,11.514
4232,8.1956
4233,4.6265
4234,4.421
4235,7.9953
4236,12.765
4237,1.2417
4238,12.954
4239,6.439
4240,12.732
4241,11.295
4242,1.9657
4243,10.611
4244,2.431
4245,4.5906
4246,5.7399
4247,7.4682
4248,15.051
4249,6.7791
4250,5.3447
4251,7.1215
4252,6.9989
4253,6.3118
4254,1.3595
4255,6.7034
4256,4.6198
4257,2.1389
4258,8.5888
4259,4.1997
4260,5.9306
4261,9.4616
4262,7.6965
4263,4.5482
4264,2.997
4265,6.3474
4266,6.7365
4267,7.362
4268,6.9596
4269,10.577
4270,3.822
4271,5.4741
4272,9.8549
4273,5.888
4274,5.6078
4275,4.823
4276,13.043
4277,3.8119
4278,1.3937
4279,2.8542
4280,3.7932
4281,2.9777
4282,10.629
4283,10.193
4284,3.0526
4285,6.8048
4286,5.4264
4287,3.3549
4288,10.244
4289,9.2555
4290,4.6568
4291,7.6849
4292,4.485
4293,6.8819
4294,5.1092
4295,4.7761
4296,8.6157
4297,1.5454
4298,3.2226
4299,1.2566
4300,4.7424
4301,6.2219
4302,6.3319
4303,3.9769
4304,2.5984
4305,5.7014
4306,2.4976
4307,9.131
4308,3.9256
4309,11.567
4310,6.2887
4311,5.1795
4312,2.5248
4313,4.5684
4314,14.408
4315,4.1278
4316,8.1423
4317,7.2774
4318,8.5075
4319,6.4475
4320,7.1776
4321,3.5167
4322,4.0909
4323,6.1873
4324,7.8153
4325,5.806
4326,0.83131
4327,3.0233
4328,7.7338
4329,7.0365
4330,4.9167
4331,6.5951
4332,6.3874
4333,5.0748
4334,3.7201
4335,6.602
4336,6.2075
4337,2.7578
4338,5.8895
4339,10.245
4340,2.7924
4341,10.034
4342,4.9321
4343,2.8719
4344,8.9728
4345,2.7981
4346,0.61157
4347,2.9927
4348,6.3233
4349,4.446
4350,3.2626
4351,3.4906
4352,2.4678
4353,5.6527
4354,0.66045
4355,3.5278
4356,5.2764
4357,3.6904
4358,11.622
4359,3.6759
4360,4.7842
4361,3.3155
4362,4.7277
4363,3.0692
4364,3.2267
4365,2.0197
4366,3.1656
4367,6.6274
4368,9.489
4369,5.3326
4370,2.7974
4371,1.0085
4372,8.2998
4373,17.188
4374,6.8526
4375,5.8577
4376,2.4721
4377,7.4118
4378,0.73348
4379,4.941
4380,5.6186
4381,5.9776
4382,6.927
4383,1.6847
4384,1.1334
4385,6.711
4386,3.8338
4387,8.1419
4388,9.0553
4389,4.6008
4390,8.6449
4391,3.6142
4392,7.114
4393,5.1802
4394,1.9146
4395,5.0683
4396,1.3253
4397,5.2462
4398,2.5852
4399,10.039
4400,3.6138
4401,8.9514
4402,7.8281
4403,3.8869
4404,9.3635
4405,4.9267
4406,5.1218
4407,6.9104
4408,3.1536
4409,7.8313
4410,2.3408
4411,7.1334
4412,5.7443
4413,1.3544
4414,1.9034
4415,8.6739
4416,5.907
4417,8.3596
4418,2.606
4419,5.7284
4420,3.2601
4421,5.5659
4422,7.5216
4423,3.6372
4424,5.4045
4425,4.7096
4426,4.2724
4427,8.108
4428,2.9683
4429,5.2754
4430,1.9273
4431,10.263
4432,12.809
4433,7.454
4434,6.923
4435,6.1957
4436,2.3378
4437,5.9697
4438,7.2265
4439,4.2077
4440,2.1464
4441,3.3127
4442,7.6335
4443,6.7611
4444,3.0637
4445,5.7027
4446,1.9581
4447,9.5148
4448,6.1842
4449,6.3172
4450,6.9102
4451,3.3055
4452,3.431
4453,5.1109
4454,4.985
4455,1.3137
4456,5.2425
4457,9.0868
4458,4.9644
4459,7.6449
4460,5.4564
4461,1.7939
4462,4.9501
4463,3.7418
4464,10.042
4465,2.6677
4466,4.8172
4467,3.7571
4468,5.8581
4469,5.8258
4470,10.356
4471,7.3706
4472,2.5456
4473,13.754
4474,2.6563
4475,3.5004
4476,5.5621
4477,8.386
4478,8.3693
4479,5.0091
4480,9.7098
4481,2.9607
4482,4.1
4483,6.6621
4484,5.1922
4485,6.7392
4486,6.6987
4487,3.8507
4488,11.03
4489,0.86799
4490,7.2723
4491,3.7544
4492,5.4256
4493,6.5359
4494,13.508
4495,12.911
4496,5.1535
4497,5.5273
4498,5.7172
4499,1.6681
4500,4.7788
4501,5.9221
4502,3.941
4503,7.8892
4504,7.0945
4505,2.0724
4506,12.853
4507,2.0879
4508,5.0323
4509,8.3672
4510,4.8256
4511,8.0624
4512,10.771
4513,7.2852
4514,11.74
4515,3.009
4516,1.339
4517,3.5323
4518,7.9501
4519,0.7221
4520,5.7415
4521,1.0962
4522,5.6179
4523,6.6691
4524,6.1752
4525,2.9519
4526,0.19101
4527,15.404
4528,5.3259
4529,4.5591
4530,3.9259
4531,3.1648
4532,2.5689
4533,2.7725
4534,0.060627
4535,0.31806
4536,1.1562
4537,3.5514
4538,3.8768
4539,5.5956
4540,3.4923
4541,7.7623
4542,2.9309
4543,3.6031
4544,7.8644
4545,8.5353
4546,9.4098
4547,2.2965
4548,3.7545
4549,9.6269
4550,1.5
4551,2.8397
4552,6.6743
4553,4.0635
4554,1.6397
4555,2.0239
4556,9.7311
4557,8.2283
4558,14.488
4559,7.8562
4560,7.5609
4561,4.5046
4562,5.1022
4563,4.6713
4564,1.8797
4565,6.2934
4566,5.5306
4567,7.9072
4568,4.1371
4569,2.889
4570,11.882
4571,2.5474
4572,4.9956
4573,8.4462
4574,3.1708
4575,7.6523
4576,3.3776
4577,0.43714
4578,8.0367
4579,3.4878
4580,8.5745
4581,4.4093
4582,10.04
4583,3.9523
4584,4.1317
4585,5.7922
4586,2.1736
4587,10.366
4588,5.72
4589,8.0174
4590,3.2928
4591,3.731
4592,8.1475
4593,5.045
4594,8.4003
4595,3.643
4596,4.9691
4597,8.4791
4598,2.4204
4599,3.3872
4600,3.6813
4601,1.3127
4602,7.7492
4603,6.3632
4604,5.3518
4605,4.0432
4606,14.436
4607,8.7722
4608,3.0901
4609,4.4218
4610,2.434
4611,5.786
4612,2.9051
4613,7.3872
4614,9.3993
4615,7.8352
4616,4.7948
4617,5.5201
4618,5.6596
4619,4.5176
4620,5.4208
4621,6.6558
4622,6.0013
4623,4.4136
4624,7.0348
4625,0.55499
4626,6.7881
4627,7.3184
4628,3.0193
4629,8.8388
4630,12.447
4631,3.759
4632,4.3962
4633,3.9165
4634,2.5564
4635,7.336
4636,3.2545
4637,1.4816
4638,6.1185
4639,2.3555
4640,6.8443
4641,2.6334
4642,0.40059
4643,2.0108
4644,2.6664
4645,7.3147
4646,3.8342
4647,5.3992
4648,1.0805
4649,3.8172
4650,3.8349
4651,9.6976
4652,2.7024
4653,4.8905
4654,5.2619
4655,2.6109
4656,3.9241
4657,4.6507
4658,2.5764
4659,4.4631
4660,6.0931
4661,6.8374
4662,6.8783
4663,1.3689
4664,5.6132
4665,4.0354
4666,6.2994
4667,6.9274
4668,6.2454
4669,4.9644
4670,6.0354
4671,1.8939
4672,4.035
4673,12.875
4674,2.277
4675,2.9903
4676,3.8317
4677,6.1638
4678,7.5461
4679,12.552
4680,4.8856
4681,6.5726
4682,2.7382
4683,7.7409
4684,5.5918
4685,7.6498
4686,6.567
4687,8.233
4688,3.3606
4689,7.8708
4690,4.3263
4691,11.157
4692,8.7982
4693,3.2843
4694,4.0538
4695,7.2895
4696,8.1399
4697,4.4218
4698,10.33
4699,11.419
4700,3.0077
4701,2.0229
4702,6.5987
4703,3.9519
4704,8.3746
4705,3.4297
4706,7.9644
4707,3.7676
4708,4.5544
4709,2.8525
4710,3.0804
4711,1.1182
4712,6.3395
4713,1.7102
4714,7.758
4715,4.1851
4716,9.6947
4717,6.2986
4718,5.1737
4719,4.9918
4720,2.4331
4721,7.9263
4722,4.534
4723,7.2439
4724,5.1172
4725,9.8795
4726,9.2328
4727,6.268
4728,6.5868
4729,6.8646
4730,5.2384
4731,12.377
4732,2.1951
4733,10.555
4734,3.5985
4735,9.9433
4736,4.0427
4737,1.1745
4738,4.137
4739,5.7681
4740,8.9542
4741,13.128
4742,3.337
4743,12.891
4744,4.962
4745,6.939
4746,4.9156
4747,7.0164
4748,12.988
4749,18.128
4750,5.8942
4751,2.4566
4752,5.4681
4753,0.9435
4754,13.24
4755,4.6544
4756,6.4275
4757,9.789
4758,6.6878
4759,3.956
4760,5.8377
4761,5.9507
4762,2.9656
4763,7.142
4764,12.648
4765,2.2812
4766,6.9509
4767,7.8983
4768,1.9238
4769,7.5567
4770,4.8972
4771,0.71266
4772,1.6157
4773,5.0155
4774,11.16
4775,5.1671
4776,4.8076
4777,1.0238
4778,10.786
4779,4.7121
4780,3.3807
4781,4.0831
4782,6.2368
4783,7.9145
4784,7.2575
4785,8.5256
4786,3.5432
4787,11.48
4788,9.6299
4789,1.0799
4790,4.389
4791,7.2156
4792,4.6555
4793,3.686
4794,2.6396
4795,2.6274
4796,5.986
4797,3.0133
4798,7.4715
4799,6.5251
4800,7.2692
4801,6.4275
4802,8.3667
4803,3.5255
4804,7.7891
4805,4.19
4806,3.0593
4807,2.035
4808,5.6585
4809,5.7441
4810,11.62
4811,3.3135
4812,2.1696
4813,8.5814
4814,5.7298
4815,8.4173
4816,6.2721
4817,10.878
4818,6.1707
4819,11.368
4820,8.2785
4821,3.7697
4822,8.7513
4823,7.5528
4824,3.8302
4825,2.186
4826,7.0315
4827,1.2618
4828,3.6999
4829,4.3061
4830,8.803
4831,4.8279
4832,8.3904
4833,3.6712
4834,5.3058
4835,2.4468
4836,3.9552
4837,3.966
4838,3.9133
4839,11.54
4840,6.4865
4841,15.61
4842,10.603
4843,6.1843
4844,7.2076
4845,1.9951
4846,5.3453
4847,2.473
4848,2.658
4849,8.3416
4850,3.8581
4851,4.4069
4852,6.5987
4853,6.934
4854,4.0843
4855,7.8534
4856,6.0253
4857,3.8577
4858,2.7685
4859,0.81302
4860,5.228
4861,2.9579
4862,5.9831
4863,2.3216
4864,11.748
4865,1.1075
4866,5.5376
4867,14.225
4868,1.0498
4869,11.22
4870,1.0982
4871,8.8072
4872,2.8814
4873,4.3365
4874,8.436
4875,2.7019
4876,6.5185
4877,0.53565
4878,8.0281
4879,4.0074
4880,3.8428
4881,5.689
4882,9.8973
4883,2.2687
4884,5.7298
4885,2.9309
4886,7.4953
4887,3.9651
4888,5.283
4889,2.9686
4890,7.2608
4891,2.8492
4892,2.7756
4893,5.3922
4894,6.0326
4895,6.1312
4896,2.7635
4897,5.2936
4898,2.8928
4899,1.1674
4900,2.9953
4901,5.7182
4902,2.1747
4903,2.2405
4904,9.8311
4905,4.2744
4906,9.6922
4907,4.4212
4908,7.0507
4909,6.7674
4910,6.0559
4911,2.2215
4912,7.3655
4913,3.0818
4914,6.857
4915,9.8288
4916,10.665
4917,4.1369
4918,9.1869
4919,6.0212
4920,1.761
4921,1.6919
4922,4.0882
4923,6.7689
4924,1.8573
4925,12.178
4926,2.0877
4927,5.886
4928,9.2748
4929,6.827
4930,5.1836
4931,12.976
4932,10.995
4933,8.1283
4934,8.307
4935,1.7686
4936,5.185
4937,1.8539
4938,1.8099
4939,3.7841
4940,1.2784
4941,7.1683
4942,7.4559
4943,12.137
4944,7.9504
4945,3.5218
4946,10.935
4947,4.5833
4948,5.9391
4949,2.6484
4950,8.4638
4951,4.6989
4952,10.014
4953,6.4357
4954,4.3604
4955,8.9694
4956,8.4399
4957,2.3409
4958,11.045
4959,2.5054
4960,5.2617
4961,8.791
4962,4.9456
4963,6.7441
4964,1.3963
4965,2.1162
4966,5.5669
4967,7.1244
4968,3.7597
4969,12.586
4970,5.0459
4971,1.0957
4972,3.3978
4973,10.397
4974,3.2947
4975,1.2352
4976,5.2868
4977,5.1042
4978,3.6594
4979,6.7382
4980,10.67
4981,6.4784
4982,7.3614
4983,6.6236
4984,5.641
4985,11.847
4986,2.2138
4987,3.6391
4988,3.6891
4989,7.1186
4990,5.5957
4991,12.03
4992,5.5542
4993,10.895
4994,5.1155
4995,3.0098
4996,5.954
4997,10.567
4998,5.4155
4999,8.0488
5000,5.7105
5001,5.3295
5002,1.1897
5003,4.2534
5004,5.9257
5005,4.3861
5006,5.9218
5007,3.0623
5008,7.5884
5009,8.9718
5010,0.47458
5011,6.1582
5012,3.2192
5013,10.61
5014,7.8873
5015,6.2173
5016,7.3744
5017,7.8878
5018,1.8895
5019,4.8463
5020,6.5778
5021,9.7597
5022,6.0986
5023,6.0556
5024,5.4656
5025,10.647
5026,6.0591
5027,5.2611
5028,0.49339
5029,4.106
5030,3.0175
5031,3.3224
5032,1.5802
5033,4.1722
5034,9.0424
5035,11.904
5036,1.9642
5037,7.0898
5038,9.6618
5039,1.5608
5040,5.5679
5041,2.3101
5042,6.0666
5043,7.8698
5044,9.8279
5045,9.3948
5046,1.9234
5047,2.5558
5048,2.7146
5049,8.2221
5050,15.267
5051,4.0641
5052,6.6539
5053,3.2525
5054,3.6027
5055,1.6441
5056,9.1259
5057,3.1771
5058,6.5742
5059,11.189
5060,8.4622
5061,3.1451
5062,3.783
5063,8.7086
5064,3.3768
5065,3.1248
5066,2.3845
5067,9.1007
5068,8.0975
5069,2.319
5070,3.0649
5071,2.2859
5072,0.99609
5073,2.2098
5074,6.1274
5075,6.6375
5076,12.452
5077,4.3882
5078,2.6208
5079,5.0209
5080,5.8132
5081,2.8651
5082,3.1379
5083,6.4354
5084,8.0289
5085,3.8631
5086,5.2009
5087,3.2511
5088,8.309
5089,8.2438
5090,7.5867
5091,2.9883
5092,5.5537
5093,9.6624
5094,4.9132
5095,8.8386
5096,2.5988
5097,4.9187
5098,7.0569
5099,4.0954
5100,3.8287
5101,5.83
5102,1.7834
5103,7.3618
5104,3.6976
5105,1.9667
5106,13.243
5107,6.4829
5108,1.9375
5109,6.0694
5110,4.6146
5111,4.1422
5112,7.0628
5113,9.5136
5114,1.8072
5115,4.5123
5116,1.9309
5117,5.1296
5118,8.2602
5119,11.304
5120,5.4524
5121,2.7959
5122,3.1987
5123,7.0925
5124,4.1772
5125,2.0422
5126,5.5731
5127,2.2218
5128,0.58902
5129,7.5257
5130,7.6475
5131,11.92
5132,6.3197
5133,10.958
5134,1.3308
5135,3.1806
5136,2.434
5137,4.5945
5138,3.0503
5139,8.2203
5140,1.2336
5141,6.3341
5142,7.2446
5143,7.1607
5144,10.43
5145,5.4448
5146,3.3332
5147,0.18939
5148,2.116
5149,3.8429
5150,8.7551
5151,5.4562
5152,2.7377
5153,2.9078
5154,5.3859
5155,4.5008
5156,8.5307
5157,4.982
5158,3.3494
5159,4.2533
5160,4.7984
5161,5.7556
5162,3.1656
5163,2.6338
5164,4.8615
5165,6.1969
5166,8.8834
5167,7.9789
5168,2.0678
5169,6.8745
5170,6.8312
5171,1.7166
5172,10.224
5173,7.688
5174,2.9574
5175,12.059
5176,10.33
5177,3.8804
5178,12.651
5179,9.3199
5180,0.45258
5181,4.4713
5182,3.8059
5183,7.0874
5184,9.5153
5185,3.3929
5186,2.1879
5187,4.9149
5188,8.4343
5189,4.6952
5190,4.6951
5191,2.9122
5192,7.112
5193,12.54
5194,7.5101
5195,8.3279
5196,6.0304
5197,8.4065
5198,11.393
5199,2.4432
5200,5.2443
5201,2.9936
5202,2.3552
5203,5.4982
5204,3.2758
5205,1.3739
5206,10.17
5207,11.387
5208,6.1467
5209,13.339
5210,4.459
5211,7.0558
5212,8.1347
5213,12.24
5214,3.7582
5215,10.496
5216,0.96083
5217,4.4207
5218,4.7765
5219,5.1716
5220,3.0258
5221,4.9172
5222,4.5895
5223,4.3127
5224,1.7482
5225,7.898
5226,8.8686
5227,7.4107
5228,4.785
5229,7.7432
5230,4.887
5231,4.4837
5232,7.7666
5233,5.8139
5234,7.4687
5235,6.502
5236,4.6717
5237,4.8712
5238,6.3031
5239,0.42173
5240,3.5458
5241,3.1179
5242,3.0765
5243,4.5314
5244,6.8959
5245,2.9839
5246,3.7982
5247,2.0331
5248,9.0497
5249,5.5121
5250,1.0151
5251,5.0301
5252,6.7627
5253,6.8864
5254,5.8908
5255,8.6047
5256,5.4479
5257,0.48853
5258,6.0683
5259,1.0822
5260,4.8139
5261,3.6698
5262,3.1236
5263,2.3848
5264,5.709
5265,6.5872
5266,5.9188
5267,6.6974
5268,7.7541
5269,5.2473
5270,3.6183
5271,8.0566
5272,3.0953
5273,2.8454
5274,6.6638
5275,5.9568
5276,9.1197
5277,3.9039
5278,3.2135
5279,7.7599
5280,9.8275
5281,4.7198
5282,7.8794
5283,4.2748
5284,8.4683
5285,6.4197
5286,4.6833
5287,1.7004
5288,7.5097
5289,8.0582
5290,6.1329
5291,9.4916
5292,7.4089
5293,10.321
5294,14.654
5295,3.4465
5296,8.7173
5297,8.5864
5298,8.8135
5299,8.7211
5300,7.1277
5301,2.3212
5302,4.5049
5303,6.2871
5304,4.285
5305,1.6862
5306,2.6218
5307,5.2098
5308,0.80613
5309,2.7275
5310,5.9589
5311,6.7885
5312,6.8993
5313,1.83
5314,4.882
5315,3.2911
5316,4.7516
5317,10.212
5318,4.4373
5319,3.2153
5320,11.58
5321,3.6748
5322,7.9423
5323,5.2727
5324,5.8026
5325,4.0059
5326,5.6318
5327,10.043
5328,9.1076
5329,1.4168
5330,4.0001
5331,6.6761
5332,6.5587
5333,1.7086
5334,3.8395
5335,2.7562
5336,4.4066
5337,3.9968
5338,5.7166
5339,8.2733
5340,3.8259
5341,3.3597
5342,13.037
5343,9.1116
5344,9.8832
5345,5.0774
5346,5.6802
5347,11.306
5348,7.6516
5349,2.614
5350,3.9858
5351,6.8637
5352,9.8231
5353,4.219
5354,4.8465
5355,4.3901
5356,2.7947
5357,9.5267
5358,8.4148
5359,0.91784
5360,6.6516
5361,3.3206
5362,3.459
5363,7.477
5364,11.241
5365,1.0814
5366,7.1435
5367,3.8749
5368,6.3434
5369,3.4169
5370,1.1637
5371,4.9328
5372,7.1788
5373,4.9969
5374,5.8831
5375,6.777
5376,2.0013
5377,6.5028
5378,3.3737
5379,1.6585
5380,3.5662
5381,13.075
5382,3.8741
5383,5.9929
5384,1.7502
5385,3.3513
5386,9.8235
5387,6.3619
5388,2.1586
5389,1.1587
5390,4.8704
5391,9.9147
5392,11.708
5393,4.5002
5394,5.5911
5395,5.9728
5396,5.5857
5397,2.6369
5398,6.7334
5399,4.2849
5400,10.658
5401,5.9907
5402,6.3475
5403,4.9211
5404,1.7409
5405,6.3672
5406,4.5399
5407,5.8886
5408,7.6005
5409,1.7388
5410,3.1302
5411,4.319
5412,2.7711
5413,2.2165
5414,8.8605
5415,4.2246
5416,5.609
5417,11.144
5418,5.7863
5419,4.3762
5420,5.8775
5421,9.7239
5422,3.5255
5423,6.3194
5424,3.8131
5425,3.6653
5426,0.65042
5427,5.5728
5428,5.3071
5429,5.2428
5430,10.351
5431,6.1436
5432,10.849
5433,12.19
5434,6.458
5435,6.758
5436,3.1206
5437,11.908
5438,4.1418
5439,7.9806
5440,9.6316
5441,0.85929
5442,9.985
5443,5.1438
5444,0.92369
5445,8.7022
5446,5.8528
5447,7.9414
5448,4.5337
5449,5.3653
5450,13.606
5451,6.2627
5452,2.8601
5453,4.1994
5454,6.1969
5455,3.9364
5456,6.822
5457,6.6792
5458,8.6502
5459,1.9033
5460,5.1207
5461,6.9764
5462,2.5713
5463,11.462
5464,7.5885
5465,4.4396
5466,8.1611
5467,7.4129
5468,5.4579
5469,6.1571
5470,1.2685
5471,5.4794
5472,3.9107
5473,10.723
5474,4.4059
5475,3.0246
5476,1.877
5477,3.0708
5478,3.9573
5479,2.6198
5480,3.6011
5481,1.7143
5482,9.5441
5483,3.1992
5484,7.5936
5485,2.8544
5486,12.418
5487,7.7764
5488,4.4314
5489,4.0048
5490,5.4014
5491,4.1285
5492,5.3373
5493,6.5581
5494,7.7941
5495,5.4724
5496,4.493
5497,4.1034
5498,6.0353
5499,5.5428
5500,10.627
5501,2.8512
5502,10.8
5503,6.5819
5504,5.6316
5505,4.5334
5506,4.874
5507,8.608
5508,3.5389
5509,0.96289
5510,4.7566
5511,3.5629
5512,4.0009
5513,14.956
5514,10.521
5515,3.2083
5516,6.5766
5517,8.4258
5518,11.092
5519,3.9195
5520,6.4103
5521,11.49
5522,10.894
5523,8.8729
5524,9.2231
5525,6.3387
5526,5.6282
5527,2.9763
5528,11.406
5529,4.3836
5530,8.7759
5531,7.9991
5532,3.6529
5533,9.4524
5534,8.833
5535,12.424
5536,4.4117
5537,3.428
5538,6.3802
5539,4.3042
5540,5.2122
5541,4.0426
5542,2.2625
5543,1.7226
5544,5.6796
5545,4.5646
5546,2.7873
5547,3.4368
5548,7.4263
5549,9.3287
5550,11.741
5551,4.9905
5552,2.3808
5553,4.5004
5554,5.5264
5555,6.8344
5556,1.9613
5557,8.7848
5558,2.3249
5559,4.7976
5560,1.9912
5561,5.1123
5562,12.811
5563,11.006
5564,2.0683
5565,2.5791
5566,3.1159
5567,11.112
5568,2.864
5569,2.1131
5570,2.8418
5571,7.0994
5572,9.9361
5573,8.589
5574,8.5578
5575,7.1806
5576,4.1724
5577,6.7282
5578,4.1895
5579,10.088
5580,3.8289
5581,6.3254
5582,3.629
5583,3.1831
5584,2.5528
5585,6.0251
5586,0.88369
5587,4.5042
5588,3.5988
5589,3.2734
5590,2.027
5591,14.252
5592,3.2515
5593,2.069
5594,6.0736
5595,3.2634
5596,4.1717
5597,8.2541
5598,3.8447
5599,4.3387
5600,3.5876
5601,7.7504
5602,2.3423
5603,2.3862
5604,5.9485
5605,6.3922
5606,1.2239
5607,6.4719
5608,4.182
5609,5.3823
5610,0.94214
5611,4.9856
5612,1.5908
5613,3.0816
5614,4.4172
5615,2.7798
5616,4.6996
5617,7.8668
5618,2.7602
5619,5.1419
5620,3.0399
5621,8.2758
5622,6.9048
5623,4.8851
5624,3.7855
5625,5.1341
5626,4.5394
5627,10.666
5628,4.4126
5629,6.0658
5630,5.4103
5631,5.4124
5632,5.3578
5633,5.9992
5634,10.901
5635,2.4388
5636,8.4072
5637,3.2051
5638,5.3801
5639,1.9316
5640,3.9264
5641,4.7819
5642,6.7634
5643,3.0636
5644,0.35922
5645,4.5257
5646,5.5322
5647,5.3245
5648,10.485
5649,10.279
5650,6.1701
5651,2.4951
5652,4.819
5653,4.3377
5654,6.7279
5655,7.8522
5656,9.6324
5657,1.8367
5658,6.3272
5659,4.0941
5660,4.7757
5661,2.8506
5662,4.9349
5663,10.436
5664,1.6418
5665,6.618
5666,4.6047
5667,4.8382
5668,8.7586
5669,3.7655
5670,2.9741
5671,5.968
5672,5.8245
5673,5.7086
5674,5.1881
5675,5.0552
5676,2.4013
5677,7.0838
5678,3.9032
5679,7.4672
5680,2.8023
5681,2.2755
5682,6.8929
5683,8.722
5684,7.9448
5685,4.4476
5686,0.73975
5687,7.6981
5688,9.8193
5689,4.5364
5690,3.7613
5691,4.5805
5692,2.8888
5693,5.6586
5694,3.3527
5695,4.365
5696,3.405
5697,2.3669
5698,5.5157
5699,6.7714
5700,3.3616
5701,5.0169
5702,8.2386
5703,5.3431
5704,0.33969
5705,4.9023
5706,6.5643
5707,0.95907
5708,3.3577
5709,4.401
5710,2.451
5711,7.3391
5712,7.2267
5713,7.9162
5714,7.8917
5715,2.3779
5716,7.3127
5717,4.2188
5718,5.9285
5719,8.6749
5720,9.6716
5721,3.1162
5722,2.8513
5723,0.57825
5724,4.2065
5725,11.596
5726,5.7223
5727,6.566
5728,6.8866
5729,4.4491
5730,14.947
5731,8.5356
5732,8.5558
5733,6.877
5734,4.3042
5735,6.9463
5736,2.4011
5737,4.9162
5738,3.7293
5739,4.2227
5740,5.1586
5741,5.7622
5742,3.0815
5743,1.1009
5744,1.7246
5745,3.4082
5746,5.7274
5747,6.0271
5748,1.7995
5749,2.3251
5750,2.7373
5751,2.0655
5752,5.4689
5753,6.3722
5754,4.7374
5755,3.5299
5756,7.6783
5757,8.2882
5758,5.7094
5759,2.3927
5760,3.1873
5761,2.0855
5762,2.6205
5763,4.6561
5764,4.2013
5765,4.189
5766,4.0361
5767,7.001
5768,6.1261
5769,2.7038
5770,5.6921
5771,8.8095
5772,7.4728
5773,6.0899
5774,6.5565
5775,4.75
5776,12.311
5777,3.6466
5778,3.3488
5779,9.9321
5780,1.0045
5781,8.404
5782,4.3986
5783,2.7248
5784,3.6706
5785,6.6217
5786,8.3899
5787,8.1219
5788,4.3977
5789,5.2294
5790,4.4665
5791,3.9505
5792,3.4903
5793,4.2989
5794,1.5166
5795,9.3724
5796,9.0141
5797,2.5228
5798,0.6685
5799,4.2709
5800,3.3096
5801,2.0058
5802,5.3437
5803,13.723
5804,0.43241
5805,8.2027
5806,4.6203
5807,8.2196
5808,4.643
5809,9.8976
5810,1.8699
5811,5.7976
5812,8.3294
5813,6.6532
5814,2.4318
5815,4.588
5816,13.563
5817,12.249
5818,10.274
5819,8.9873
5820,12.165
5821,6.1323
5822,11.461
5823,2.4927
5824,6.693
5825,3.3941
5826,4.0585
5827,8.9494
5828,5.9558
5829,2.1392
5830,7.9088
5831,14.537
5832,7.1042
5833,3.2535
5834,4.4397
5835,2.6765
5836,0.98379
5837,3.6393
5838,6.1613
5839,6.3266
5840,9.2529
5841,9.778
5842,2.4402
5843,3.8446
5844,7.0111
5845,7.7761
5846,7.0039
5847,4.8672
5848,11.624
5849,6.3665
5850,2.0625
5851,4.7368
5852,5.3667
5853,8.4663
5854,2.3518
5855,2.0298
5856,3.0717
5857,3.7797
5858,5.2321
5859,2.4276
5860,4.7243
5861,8.1026
5862,5.6463
5863,7.6203
5864,8.3759
5865,6.2197
5866,6.0959
5867,3.7259
5868,3.4511
5869,3.1557
5870,10.914
5871,3.8955
5872,2.3833
5873,14.264
5874,3.8038
5875,6.1091
5876,5.0862
5877,1.3132
5878,4.4092
5879,6.6944
5880,6.1045
5881,0.77585
5882,7.0701
5883,3.0903
5884,5.0528
5885,5.6359
5886,4.4741
5887,2.5285
5888,10.023
5889,4.1995
5890,1.8103
5891,1.3675
5892,2.7378
5893,8.3852
5894,2.2244
5895,11.706
5896,5.9843
5897,7.5347
5898,4.1487
5899,10.805
5900,2.686
5901,2.7894
5902,8.3196
5903,7.5338
5904,8.0724
5905,0.37773
5906,5.1188
5907,4.1099
5908,5.4209
5909,3.4551
5910,0.29068
5911,5.7817
5912,5.7712
5913,11.38
5914,5.6481
5915,4.405
5916,12.212
5917,3.9497
5918,6.7257
5919,3.5101
5920,7.0364
5921,9.9678
5922,4.5639
5923,10.188
5924,12.768
5925,6.9291
5926,3.8093
5927,6.4706
5928,8.0323
5929,4.5232
5930,3.6705
5931,4.8953
5932,10.484
5933,5.4153
5934,3.2698
5935,6.8588
5936,7.8025
5937,4.7096
5938,6.8015
5939,4.2325
5940,6.6467
5941,6.7506
5942,3.6294
5943,6.1755
5944,1.8166
5945,3.1711
5946,11.02
5947,2.7371
5948,3.2599
5949,2.331
5950,2.1343
5951,3.7754
5952,8.4869
5953,9.4059
5954,6.0033
5955,5.4968
5956,8.0517
5957,1.4666
5958,0.99983
5959,6.6875
5960,4.3406
5961,3.1849
5962,5.1699
5963,3.3886
5964,4.7737
5965,2.3456
5966,2.5399
5967,2.3971
5968,4.9346
5969,7.6129
5970,8.2971
5971,3.1478
5972,6.0765
5973,5.0572
5974,12.046
5975,1.7002
5976,5.8287
5977,9.9609
5978,6.6635
5979,4.0381
5980,6.3369
5981,5.1528
5982,6.2969
5983,1.9087
5984,3.5088
5985,6.3045
5986,3.0534
5987,3.7373
5988,4.3204
5989,4.494
5990,10.279
5991,8.8231
5992,8.5162
5993,13.176
5994,4.4117
5995,2.4782
5996,4.594
5997,6.4836
5998,7.4459
5999,2.5744
6000,3.394
6001,12.789
6002,2.3023
6003,2.5621
6004,2.2722
6005,13.731
6006,6.6707
6007,2.2968
6008,8.5151
6009,4.2664
6010,8.4666
6011,7.8624
6012,5.3297
6013,7.2749
6014,6.6453
6015,7.9209
6016,0.87442
6017,8.1913
6018,5.8236
6019,6.2816
6020,5.6193
6021,7.4824
6022,1.1692
6023,4.0179
6024,5.2931
6025,7.9529
6026,2.3711
6027,13.034
6028,1.2435
6029,5.2733
6030,7.4691
6031,1.3827
6032,1.8423
6033,8.7831
6034,3.3655
6035,8.8273
6036,2.5435
6037,3.612
6038,1.4037
6039,6.0834
6040,1.0367
6041,5.1993
6042,1.7353
6043,5.405
6044,12.446
6045,4.2444
6046,9.7516
6047,9.4949
6048,5.7004
6049,2.9815
6050,6.8852
6051,7.595
6052,4.8938
6053,2.9037
6054,11.319
6055,5.8661
6056,3.4833
6057,5.1303
6058,1.0096
6059,4.9822
6060,0.86809
6061,2.2579
6062,6.787
6063,10.075
6064,4.5778
6065,6.9045
6066,6.6348
6067,0.69422
6068,7.76
6069,2.9793
6070,3.3636
6071,1.6757
6072,4.1534
6073,5.3946
6074,10.783
6075,5.2933
6076,9.462
6077,2.945
6078,4.1845
6079,2.3813
6080,5.681
6081,3.3408
6082,14.456
6083,9.2328
6084,7.4307
6085,11.052
6086,9.4889
6087,4.7642
6088,1.3389
6089,3.1852
6090,8.9986
6091,8.6688
6092,9.6083
6093,6.5815
6094,7.8916
6095,7.9451
6096,4.6731
6097,6.9387
6098,5.7928
6099,8.536
6100,4.919
6101,1.2833
6102,5.6894
6103,5.3014
6104,6.7704
6105,7.312
6106,6.392
6107,3.8834
6108,12.533
6109,5.3429
6110,13.916
6111,6.8796
6112,6.5082
6113,3.9294
6114,2.9177
6115,6.276
6116,7.9307
6117,3.4224
6118,2.6719
6119,7.7935
6120,5.6426
6121,3.2555
6122,6.6701
6123,9.3325
6124,1.2969
6125,4.9083
6126,3.3083
6127,4.1821
6128,4.67
6129,7.7944
6130,2.4461
6131,5.3992
6132,9.8763
6133,9.0401
6134,7.8003
6135,4.6389
6136,9.8268
6137,2.9414
6138,4.8231
6139,4.7817
6140,1.4017
6141,0.41381
6142,6.4523
6143,10.081
6144,4.9428
6145,4.5488
6146,5.3128
6147,6.9944
6148,8.1635
6149,1.2222
6150,11.002
6151,3.0744
6152,4.0358
6153,3.7528
6154,3.3341
6155,4.5863
6156,7.1715
6157,10.28
6158,9.7817
6159,7.6079
6160,8.8717
6161,4.2361
6162,1.4651
6163,13.316
6164,6.339
6165,4.8472
6166,4.8295
6167,3.0026
6168,14.429
6169,9.1078
6170,9.332
6171,10.078
6172,3.3519
6173,3.7972
6174,3.1386
6175,3.3691
6176,4.1942
6177,8.125
6178,10.154
6179,5.702
6180,8.2495
6181,4.718
6182,6.846
6183,3.0059
6184,3.9322
6185,8.6808
6186,12.617
6187,4.1463
6188,6.6417
6189,3.9457
6190,16.076
6191,7.9462
6192,7.2521
6193,9.0696
6194,9.8411
6195,9.8043
6196,6.9847
6197,3.4169
6198,1.814
6199,9.9043
6200,2.8255
6201,8.0267
6202,7.1623
6203,4.2221
6204,3.874
6205,5.564
6206,7.6938
6207,10.016
6208,4.996
6209,6.6543
6210,11.596
6211,8.1866
6212,2.1296
6213,8.8439
6214,2.9627
6215,8.0842
6216,5.2737
6217,12.13
6218,3.9321
6219,6.5682
6220,10.921
6221,6.3068
6222,8.9871
6223,3.4052
6224,2.463
6225,2.8832
6226,6.5615
6227,8.8294
6228,9.9722
6229,6.8762
6230,3.9307
6231,7.9874
6232,4.7639
6233,6.5289
6234,5.3486
6235,4.055
6236,4.3833
6237,3.5889
6238,4.8852
6239,5.5023
6240,11.287
6241,9.4138
6242,5.3455
6243,0.64336
6244,8.0778
6245,3.2695
6246,3.2652
6247,2.622
6248,4.5041
6249,3.6133
6250,13.878
6251,12.185
6252,1.8279
6253,1.5409
6254,3.0377
6255,10.191
6256,4.4119
6257,5.6036
6258,5.5892
6259,2.857
6260,2.8449
6261,4.9253
6262,7.3121
6263,11.71
6264,2.2074
6265,8.9659
6266,6.3047
6267,6.11
6268,7.5009
6269,1.2224
6270,4.436
6271,8.2272
6272,3.3173
6273,7.6921
6274,7.6282
6275,5.2226
6276,7.2384
6277,4.6141
6278,1.4681
6279,8.6311
6280,6.3189
6281,2.7637
6282,3.6954
6283,4.6562
6284,5.8511
6285,5.9358
6286,1.1845
6287,5.5629
6288,6.6742
6289,5.3656
6290,3.1419
6291,2.4633
6292,7.9421
6293,5.2104
6294,5.4457
6295,2.5742
6296,10.354
6297,4.2899
6298,5.6589
6299,8.1599
6300,7.4895
6301,4.1404
6302,6.94
6303,6.6302
6304,6.8319
6305,7.4304
6306,5.7005
6307,11.136
6308,3.8988
6309,5.6705
6310,5.9641
6311,5.1253
6312,4.3863
6313,6.4302
6314,3.1867
6315,2.3637
6316,5.7974
6317,7.4958
6318,3.4176
6319,9.054
6320,6.6683
6321,5.5923
6322,1.2294
6323,5.9063
6324,8.2146
6325,8.1319
6326,3.7169
6327,9.881
6328,6.5722
6329,3.6281
6330,3.2958
6331,9.5573
6332,2.3578
6333,4.8316
6334,9.3017
6335,3.2656
6336,2.6608
6337,3.9532
6338,5.4386
6339,4.4655
6340,2.5161
6341,10.436
6342,14.282
6343,9.7882
6344,3.8956
6345,10.098
6346,3.199
6347,4.3428
6348,11.41
6349,3.0306
6350,7.6674
6351,7.2955
6352,6.6187
6353,6.4088
6354,7.1835
6355,3.6995
6356,6.9286
6357,2.4056
6358,6.1524
6359,5.9675
6360,5.2925
6361,3.509
6362,8.3333
6363,11.309
6364,6.9008
6365,13.023
6366,3.0748
6367,1.7054
6368,9.325
6369,11.869
6370,8.3379
6371,2.8684
6372,1.4971
6373,3.5088
6374,2.1947
6375,6.6007
6376,3.6874
6377,2.8688
6378,10.658
6379,6.0322
6380,5.4794
6381,10.155
6382,2.9479
6383,0.59729
6384,6.1984
6385,8.4942
6386,8.1139
6387,4.6423
6388,9.8238
6389,8.7174
6390,14.739
6391,5.9263
6392,5.2691
6393,5.1806
6394,3.0944
6395,12.162
6396,7.2326
6397,9.3029
6398,9.4115
6399,8.9067
6400,5.7676
6401,7.9827
6402,3.2213
6403,2.6678
6404,6.7769
6405,10.101
6406,8.4433
6407,7.0635
6408,10.392
6409,5.7194
6410,4.0843
6411,9.4329
6412,7.9788
6413,5.4205
6414,5.3713
6415,4.1518
6416,4.9169
6417,13.406
6418,3.6293
6419,4.3582
6420,4.1884
6421,5.5573
6422,3.5896
6423,3.7259
6424,0.9069
6425,5.3374
6426,4.954
6427,5.1071
6428,1.0598
6429,9.4285
6430,5.8373
6431,12.928
6432,3.4636
6433,5.3243
6434,9.2447
6435,7.1511
6436,3.9606
6437,9.8815
6438,3.9147
6439,11.783
6440,4.2918
6441,7.8726
6442,3.8576
6443,6.1806
6444,5.8402
6445,1.5976
6446,3.8415
6447,4.9912
6448,9.6153
6449,7.6752
6450,3.6344
6451,1.5554
6452,9.3448
6453,4.6933
6454,7.8736
6455,11.031
6456,2.5204
6457,8.3897
6458,4.3356
6459,6.4653
6460,2.9051
6461,4.1695
6462,9.4091
6463,5.6073
6464,6.1701
6465,4.4426
6466,1.8953
6467,2.2503
6468,5.9118
6469,3.3536
6470,1.4556
6471,3.4092
6472,5.2394
6473,6.3054
6474,4.132
6475,3.9986
6476,4.0607
6477,7.9183
6478,4.3256
6479,4.9214
6480,5.826
6481,8.4369
6482,2.515
6483,5.9575
6484,2.8902
6485,4.2766
6486,3.2131
6487,3.1814
6488,3.8684
6489,6.8438
6490,1.9393
6491,3.1071
6492,4.8077
6493,9.927
6494,2.8484
6495,9.914
6496,4.1252
6497,6.9878
6498,7.7224
6499,10.139
6500,9.3806
6501,2.8578
